symbol,organ_name,industry_code,industry_name,date,open,high,low,close,volume,is_provisional,adv20,ret_4w,ret_12w,ret_13w,ret_26w,ret_52w,ma20w,ma40w,above_ma20w,above_ma40w,dist_52w_high,dist_52w_low,rs_4w_vs_vnindex,rs_12w_vs_vnindex,rs_13w_vs_vnindex,rs_26w_vs_vnindex,rs_52w_vs_vnindex,rs_4w_vs_vn30,rs_12w_vs_vn30,rs_13w_vs_vn30,rs_26w_vs_vn30,rs_52w_vs_vn30,rs_4w_vs_sector_median,rs_12w_vs_sector_median,rs_26w_vs_sector_median,rs_52w_vs_sector_median,peer_rank_4w,peer_rank_12w,peer_rank_26w,peer_rank_52w,peer_percentile_4w,peer_percentile_12w,peer_percentile_26w,peer_percentile_52w
AAA,CTCP Nhựa An Phát Xanh,18,SX Nhựa - Hóa chất,2026-09-28,7.47,7.47,7.15,7.24,1993300,True,2163820.0,0.015427769985974837,0.04172661870503602,0.021156558533145242,0.08872180451127809,-0.12029161603888217,7.038500000000001,7.0905000000000005,True,True,-0.1581395348837209,0.13657770800627955,0.06181000928487168,0.07520507457210657,0.07214792302876294,0.039382121368359835,-0.18437904904905855,0.05052795186003334,0.06993822605629074,0.0647707323906076,0.04638549782204371,-0.15406485977083373,0.02239641110095747,0.059522648821394686,0.1331662489557225,-0.09431759006485618,9.0,8.0,7.0,19.0,0.68,0.72,0.76,0.28
AAM,CTCP Thủy sản MeKong,20,Chế biến Thủy sản,2026-09-28,7.55,7.75,7.55,7.75,30300,True,7520.0,0.03609625668449201,0.19047619047619047,0.23801916932907363,0.3025210084033614,0.13469985358711556,6.903999999999999,6.64325,True,True,-0.0064102564102563875,0.34548611111111116,0.08247849598338886,0.223954646343261,0.28901053382469133,0.2531813252604431,0.07061242057693917,0.07119643855855051,0.21868779782744519,0.281633343186536,0.260184701714127,0.100926609855164,0.10970169886136277,0.32978464648440675,0.44448665518036484,0.44500937300206017,1.0,1.0,1.0,1.0,1.0,1.0,1.0,1.0
AAN,CTCP Lương thực A An,12,Nông - Lâm - Ngư,2026-09-28,15.8,15.9,15.75,15.75,120600,True,264510.0,-0.021739130434782705,0.012861736334405016,-0.0031645569620253333,,,15.639000000000001,,True,False,-0.09274193548387089,0.23239436619718323,0.024643108864114138,0.04634019220147556,0.047826807533592364,,,0.013361051439275795,0.041073343685659736,0.040449616895437024,,,0.019681850579926052,0.12586043929915824,,,3.0,1.0,,,0.6666666666666666,1.0,,
AAT,CTCP Tập Đoàn Tiên Sơn Thanh Hóa ,16,SX Hàng gia dụng,2026-09-28,1.93,1.93,1.87,1.91,17200,True,24570.0,-0.15859030837004406,-0.3003663003663004,-0.31785714285714284,-0.348122866894198,-0.5051813471502591,2.4745,2.776,False,False,-0.5139949109414759,0.021390374331550666,-0.11220806907114722,-0.26688784449922986,-0.26686577836152514,-0.3974625500371163,-0.5692687801604355,-0.12349012649598556,-0.2721546930150457,-0.2742429689996805,-0.3904591735834324,-0.5389545908822106,-0.12900450955347598,-0.22983338500579886,-0.21768808428550235,-0.3678932115570387,17.0,17.0,14.0,15.0,0.058823529411764705,0.058823529411764705,0.23529411764705882,0.17647058823529413
ABR,CTCP Đầu tư Nhãn hiệu Việt,6,Công nghệ và thông tin,2026-09-24,10.55,10.55,10.55,10.55,100,False,3245.0,-0.08260869565217388,-0.09051724137931028,-0.09442060085836912,-0.1066892464013548,-0.25388967468175383,11.3535,11.675,False,False,-0.30637738330046027,0.03431372549019618,-0.03622645635327704,-0.05703878551223973,-0.04342923636275142,-0.15602892954427305,-0.3179771076919302,-0.04750851377811538,-0.062305634028055557,-0.05080642700090676,-0.14902555309058918,-0.2876629184137054,-0.024251312294790606,0.0364609765218088,0.05648196639469827,0.007990467649880928,7.0,4.0,4.0,4.0,0.25,0.625,0.625,0.625
ABS,CTCP Dịch vụ Nông nghiệp Bình Thuận,18,SX Nhựa - Hóa chất,2026-09-28,2.89,2.89,2.84,2.85,94900,True,149740.0,-0.006968641114982632,-0.056291390728476776,-0.06557377049180324,-0.08360128617363338,-0.22972972972972971,2.982,2.9495,False,False,-0.26735218508997427,0.1354581673306774,0.03941359818391421,-0.02281293486140623,-0.014582405996185543,-0.13294096931655164,-0.2938171627399061,0.028131540759075868,-0.028079783377222056,-0.021959596634340883,-0.12593759286286776,-0.2635029734616813,0.0,-0.03849536061211811,-0.039156841729188985,-0.20375570375570373,13.0,18.0,17.0,20.0,0.52,0.32,0.36,0.24
ABT,CTCP Xuất nhập khẩu Thủy sản Bến Tre,20,Chế biến Thủy sản,2026-09-28,50.4,50.4,50.3,50.3,1400,True,3315.0,0.0,-0.021400778210116767,-0.06851851851851853,-0.16166666666666674,-0.26900159860485406,52.165,56.905499999999996,False,False,-0.31462052050688105,0.034979423868312765,0.046382239298896843,0.012077677656953778,-0.017527154022900837,-0.211006349809585,-0.33308903161503045,0.0351001818740585,0.006810829141137953,-0.024904344661056177,-0.20400297335590112,-0.3027748423368056,0.07360544217687076,0.11790767779809952,-0.019701019889663274,0.04130792081009055,2.0,2.0,7.0,5.0,0.9,0.9,0.4,0.6
ACB,Ngân hàng TMCP Á Châu,11,Ngân hàng,2026-09-28,21.3,21.4,21.0,21.1,4710300,True,7278840.0,-0.04954954954954949,-0.06430155210643007,-0.06843267108167761,0.04146100691016774,-0.04611211573236884,22.156,21.328750000000003,False,False,-0.11530398322851154,0.127739176910743,-0.003167310250652644,-0.030823096239359526,-0.017441306586059913,-0.007878676232750514,-0.11019954874254523,-0.014449367675490987,-0.03608994475517535,-0.024818497224215252,-0.0008752997790666406,-0.0798853594643204,-0.014358933713772282,0.010886417818381955,0.0,0.016685220138230594,18.0,10.0,12.0,8.0,0.2608695652173913,0.6086956521739131,0.5217391304347826,0.6956521739130435
ACC,CTCP Đầu tư và Xây dựng Bình Dương ACC,21,Vật liệu xây dựng,2026-09-28,4.32,4.32,4.25,4.26,125700,True,251970.0,-0.08387096774193559,-0.6018691588785047,-0.6127272727272728,-0.6748091603053434,-0.6935251798561151,7.741499999999999,10.33325,False,False,-0.6957142857142857,0.016706443914080937,-0.037488728443038744,-0.5683907030114341,-0.5617359082316551,-0.7241488434482617,-0.7576126128662914,-0.04877078586787709,-0.57365755152725,-0.5691130988698104,-0.7171454669945778,-0.7272984235880666,-0.03950588487458018,-0.5153187230130003,-0.5397964446014214,-0.4615474206726103,17.0,18.0,18.0,18.0,0.1111111111111111,0.05555555555555555,0.05555555555555555,0.05555555555555555
ACG,CTCP Gỗ An Cường,26,SX Phụ trợ,2026-09-28,32.3,32.3,30.0,30.0,900,True,6940.0,-0.06687402799377917,-0.09909909909909898,-0.08536585365853655,-0.10447761194029848,-0.1349480968858131,32.2345,33.63725,False,False,-0.2227979274611399,0.012145748987854255,-0.02049178869488233,-0.06562064323202843,-0.03437448916291885,-0.15381729508321673,-0.1990355298959895,-0.03177384611972067,-0.07088749174784426,-0.04175167980107419,-0.14681391862953286,-0.16872134061776467,-0.052739752375404514,-0.10342810342810327,-0.07300061436160599,-0.1158508746635909,15.0,14.0,13.0,12.0,0.2631578947368421,0.3157894736842105,0.3684210526315789,0.42105263157894735
ACL,CTCP Xuất nhập khẩu Thủy sản Cửu Long An Giang,20,Chế biến Thủy sản,2026-09-28,11.05,11.05,11.05,11.05,100,True,5725.0,-0.10162601626016254,-0.12992125984251957,-0.12992125984251957,-0.13671875,-0.14208074534161486,12.239999999999998,12.805250000000001,False,False,-0.279191128506197,0.04739336492891,-0.0552437769612657,-0.09644280397544902,-0.07892989534690187,-0.18605843314291826,-0.20616817835179124,-0.06652583438610404,-0.10170965249126485,-0.08630708598505721,-0.17905505668923438,-0.17585398907356642,-0.028020574083291783,0.00938719616569672,0.0052468967770034625,0.16822877407332976,9.0,5.0,5.0,3.0,0.2,0.6,0.6,0.8
ADG,CTCP Clever Group,28,"Dịch vụ tư vấn, hỗ trợ",2026-09-23,7.5,8.32,7.44,8.2,2600,False,910.0,0.023720349563046028,-0.053117782909930855,-0.05747126436781613,-0.10772578890097939,-0.10087719298245612,8.395,8.702499999999999,False,False,-0.17421953675730117,0.10215053763440851,0.07010258886194287,-0.01963932704286031,-0.006479899872198436,-0.15706547204389765,-0.1649646259926325,0.05882053143710453,-0.024906175558676136,-0.013857090510353776,-0.15006209559021377,-0.13465043671440768,0.02985259902394727,0.004748659189601767,0.10360682291155604,0.08093452054237571,1.0,1.0,1.0,1.0,1.0,1.0,1.0,1.0
ADP,CTCP Sơn Á Đông,18,SX Nhựa - Hóa chất,2026-09-28,24.3,24.5,24.3,24.5,500,True,3025.0,0.02941176470588225,0.06986899563318794,0.09865470852017943,0.15185707569346496,0.06614447345517838,22.8795,22.21775,True,True,-0.012096774193548376,0.22377622377622375,0.07579400400477909,0.10334745150025848,0.14964607301579713,0.1025173925505467,0.0020570404450019897,0.06451194657994075,0.09808060298444266,0.1422688823776418,0.10952076900423058,0.03237122972322681,0.03638040582086488,0.0876650257495466,0.19630152013790936,0.09211849942920436,7.0,5.0,5.0,7.0,0.76,0.84,0.84,0.76
ADS,CTCP Damsan,16,SX Hàng gia dụng,2026-09-28,7.89,7.89,7.78,7.85,9500,True,41720.0,-0.03562653562653573,-0.005069708491761693,-0.06436233611442199,0.02614379084967311,-0.01629072681704269,8.049499999999998,7.825750000000001,False,True,-0.09562211981566826,0.19664634146341475,0.010755703672361117,0.02840874737530885,-0.013370971618804295,-0.023195892293245146,-0.08037815982721908,-0.0005263537524772266,0.023141898859493026,-0.020748162256959635,-0.016192515839561272,-0.05006397054899425,-0.0060407368099676395,0.06546320686873985,0.15657857345836879,0.1209974087761777,10.0,4.0,4.0,2.0,0.47058823529411764,0.8235294117647058,0.8235294117647058,0.9411764705882353
AFX,CTCP Xuất nhập khẩu Nông sản Thực phẩm An Giang,19,Thực phẩm - Đồ uống,2026-09-28,9.95,9.99,9.61,9.9,56500,True,134910.0,-0.01980198019801971,-0.024630541871921152,-0.024630541871921152,-0.07042253521126762,-0.010000000000000009,10.1455,10.474,False,False,-0.3355704697986577,0.10000000000000009,0.026580259100877135,0.008847913995149392,0.026360822623696545,-0.11976221835418588,-0.0740874330101764,0.015298201676038792,0.0035810654793335672,0.018983631985541205,-0.112758841900502,-0.04377324373195157,0.005317212835590723,-0.009868587842986665,-0.05975041770126055,-0.0023591549295775005,7.0,11.0,13.0,10.0,0.6666666666666666,0.4444444444444444,0.3333333333333333,0.5
AGG,CTCP Đầu tư và Phát triển Bất động sản An Gia,3,Bất động sản,2026-09-28,9.1,9.18,8.53,8.55,1236300,True,358240.0,-0.2155963302752293,-0.25652173913043474,-0.26923076923076916,-0.31872509960159356,-0.5767326732673267,11.1735,12.35425,False,False,-0.5829268292682926,0.0023446658851116187,-0.16921409097633244,-0.2230432832633642,-0.21823940473515147,-0.3680647827445118,-0.6408201062775031,-0.1804961484011708,-0.22831013177918003,-0.2256165953733068,-0.36106140629082795,-0.6105059169992783,-0.13525520895102666,-0.09973698159940858,-0.07387389506687464,-0.16006600660065995,58.0,53.0,42.0,51.0,0.05,0.13333333333333333,0.31666666666666665,0.15254237288135594
AGR,CTCP Chứng khoán Agribank,5,Chứng khoán,2026-09-28,12.45,12.5,12.0,12.15,193000,True,206495.0,-0.07604562737642584,-0.20846905537459282,-0.24062499999999998,-0.1678082191780822,-0.3037249283667621,13.7025,14.607499999999998,False,False,-0.3414634146341463,0.012499999999999956,-0.029663388077528996,-0.17499059950752227,-0.18963363550438228,-0.21714790232100045,-0.3678123613769385,-0.04094544550236734,-0.1802574480233381,-0.19701082614253762,-0.21014452586731658,-0.3374981720987137,0.028892644228512565,-0.034536042496769115,-0.0028049138785853356,0.04671867112626704,9.0,12.0,11.0,7.0,0.6190476190476191,0.45,0.5,0.6470588235294118
ANT,CTCP Rau quả Thực phẩm An Giang,19,Thực phẩm - Đồ uống,2026-09-28,18.35,18.4,18.0,18.0,2400,True,20175.0,-0.024390243902438935,-0.3063583815028902,-0.3129770992366412,-0.3951612903225806,-0.22912205567451827,22.422500000000003,26.734,False,False,-0.5513459621136589,0.06508875739644981,0.02199199539645791,-0.27287992563581964,-0.2619857347410235,-0.4445009734654989,-0.29320948868469465,0.010709937971619565,-0.27814677415163547,-0.26936292537917883,-0.437497597011815,-0.26289529940646983,0.0007289491311714968,-0.2915964274739557,-0.38448917281257355,-0.22148121060409576,9.0,18.0,18.0,16.0,0.5555555555555556,0.05555555555555555,0.05555555555555555,0.16666666666666666
ANV,CTCP Nam Việt,20,Chế biến Thủy sản,2026-09-28,16.1,16.1,15.5,15.6,320000,True,377300.0,-0.07964601769911506,-0.20408163265306134,-0.2553699284009546,-0.3389830508474577,-0.4172581247665297,18.5225,21.84,False,False,-0.5329341317365269,0.022950819672131084,-0.033263778400218214,-0.1706031767859908,-0.20437856390533693,-0.388322733990376,-0.48134555777670607,-0.04454583582505656,-0.17587002530180662,-0.21175575454349227,-0.3813193575366921,-0.45103136849848124,-0.006040575522244296,-0.06477317664484505,-0.19701740407045426,-0.10694860535158507,7.0,10.0,10.0,8.0,0.4,0.1,0.1,0.3
APG,CTCP Chứng khoán APG,5,Chứng khoán,2026-09-28,4.43,4.49,4.3,4.35,48100,True,142045.0,-0.1049382716049384,-0.12298387096774199,-0.15369649805447472,-0.22872340425531912,-0.625,4.787999999999999,6.33675,False,False,-0.6390041493775934,0.058394160583941535,-0.05855603230604156,-0.08950541510067145,-0.10270513355885702,-0.2780630873982374,-0.6890874330101764,-0.0698380897308799,-0.09477226361648727,-0.11008232419701236,-0.2710597109445535,-0.6587732437319516,0.0,0.05094914191008171,-0.06372009895582226,-0.27455640050697083,11.0,8.0,15.0,17.0,0.5238095238095238,0.65,0.3,0.058823529411764705
APH,CTCP Tập đoàn An Phát Holdings,18,SX Nhựa - Hóa chất,2026-09-28,7.05,7.05,6.75,6.82,655600,True,545635.0,0.12913907284768222,0.24225865209471764,0.2490842490842491,0.2332730560578662,0.016393442622950838,5.869,5.90625,True,True,-0.10026385224274403,0.299047619047619,0.17552131214657907,0.2757371079617882,0.3000756135798668,0.18393337291494793,-0.04769399038722555,0.16423925472174072,0.27047025944597236,0.29269842294171144,0.1909367493686318,-0.017379801109000725,0.13610771396266486,0.2600546822110763,0.2777175005023106,0.04236746859697682,2.0,2.0,3.0,12.0,0.96,0.96,0.92,0.56
ASG,CTCP Tập đoàn ASG,23,Vận tải - kho bãi,2026-09-25,15.5,15.5,15.5,15.5,100,False,1235.0,-0.0662650602409639,-0.0801186943620179,-0.08554572271386429,-0.07462686567164178,-0.034267912772585674,16.582500000000003,16.7425,False,False,-0.1091954022988505,0.0,-0.01988282094206706,-0.04664023849494736,-0.034554358218246595,-0.12396654881456004,-0.09835534578276206,-0.031164878366905402,-0.05190708701076319,-0.041931548856401935,-0.11696317236087617,-0.06804115650453724,-0.06319128974916066,-0.04517693063489647,-0.03157402809825616,0.02428748694690941,33.0,27.0,24.0,15.0,0.08571428571428572,0.2571428571428571,0.34285714285714286,0.6
ASM,CTCP Tập đoàn Sao Mai,20,Chế biến Thủy sản,2026-09-28,5.11,5.11,5.01,5.01,73000,True,179530.0,-0.1069518716577541,-0.18800648298217182,-0.16638935108153075,-0.10375670840787121,-0.4091981132075472,5.7415,5.8825,False,False,-0.4221453287197232,0.0,-0.06056963235885726,-0.15452802711510127,-0.11539798658591305,-0.15309639155078947,-0.47328554621772356,-0.0718516897836956,-0.1597948756309171,-0.12277517722406839,-0.1460930150971056,-0.44297135693949874,-0.033346429480883344,-0.04869802697395553,0.03820893836913225,-0.09888859379260256,10.0,9.0,4.0,7.0,0.1,0.2,0.7,0.4
ASP,CTCP Tập đoàn Dầu khí An Pha,22,Tiện ích,2026-09-28,16.2,16.4,15.95,15.95,67300,True,209800.0,0.13928571428571423,0.7412663755458515,0.7604856512141278,2.097087378640776,2.302277432712215,11.002999999999998,8.169500000000001,True,True,-0.061764705882352944,2.909313725490196,0.18566795358461108,0.774744831412922,0.8114770157097455,2.0477476954978577,2.2381899997020387,0.17438589615977274,0.7694779828971062,0.8040998250715902,2.054751071951542,2.2685041889802635,0.1485586888927275,0.7587037953841591,2.1287022905522397,2.3541708408468573,2.0,1.0,1.0,2.0,0.96875,1.0,1.0,0.96875
AST,CTCP Dịch vụ Hàng không Taseco,23,Vận tải - kho bãi,2026-09-28,63.1,63.3,63.1,63.1,1900,True,13745.0,-0.03810975609756084,-0.004731861198738141,0.012841091492777013,0.09605697411846448,0.10449851216523709,62.6645,61.162,True,True,-0.07069219440353469,0.1803217358772915,0.008272483201336,0.028746594668332404,0.06383245598839471,0.04671729097554622,0.0404110791550607,-0.0030095742235023426,0.02347974615251658,0.05645526535023937,0.053720667429230096,0.07072526843328553,-0.0350359856057576,0.030209902528383292,0.1391098116918501,0.16305391188473217,28.0,12.0,6.0,5.0,0.22857142857142856,0.6857142857142857,0.8571428571428571,0.8857142857142857
BAF,CTCP Nông nghiệp BAF Việt Nam,19,Thực phẩm - Đồ uống,2026-09-28,31.95,32.0,31.4,31.65,768400,True,1632395.0,-0.027649769585253448,0.0532445923460898,0.05499999999999994,0.08576329331046306,0.08725523874957064,30.572499999999998,30.534750000000003,True,True,-0.040909090909091006,0.24606299212598426,0.018732469713643396,0.08672304821316035,0.10599136449561763,0.036423610167544807,0.023167805739394254,0.007450412288805053,0.08145619969734452,0.0986141738574623,0.04342698662122868,0.05348199501761908,-0.0025305765516430156,0.06800654637502429,0.09643541082047014,0.09489608381999315,11.0,3.0,3.0,3.0,0.4444444444444444,0.8888888888888888,0.8888888888888888,0.8888888888888888
BCE,CTCP Xây dựng và Giao thông Bình Dương,3,Bất động sản,2026-09-28,5.45,5.45,5.42,5.44,7500,True,23905.0,-0.010909090909090868,-0.31399747793190413,-0.3365853658536584,-0.41693461950696675,-0.4086956521739129,6.7985,8.039750000000002,False,False,-0.45816733067729076,0.04414587332053754,0.035473148389805975,-0.2805190220648336,-0.2855940013580407,-0.466274302649885,-0.4727830851840893,0.024191090964967632,-0.2857858705806494,-0.29297119199619603,-0.45927092619620113,-0.44246889590586447,0.06943203041511176,-0.15721272040087797,-0.17208341497224783,0.007971014492753836,10.0,58.0,56.0,28.0,0.85,0.05,0.08333333333333333,0.5423728813559322
BCM,Tập đoàn Đầu tư và Phát triển Công nghiệp Becamex - CTCP,3,Bất động sản,2026-09-28,40.5,40.5,38.5,38.55,637700,True,577800.0,-0.08865248226950351,-0.20841889117043133,-0.24559686888454024,-0.27537593984962416,-0.42073628850488354,45.325,52.501250000000006,False,False,-0.5314778804083617,0.13716814159292023,-0.042270242970606664,-0.1749404353033608,-0.19460550438892255,-0.3247156229925424,-0.4848237215150599,-0.05355230039544501,-0.1802072838191766,-0.20198269502707789,-0.31771224653885854,-0.4545095322368351,-0.008311360945300883,-0.051634133639405166,-0.030524735314905238,-0.004069621838216797,35.0,39.0,35.0,31.0,0.43333333333333335,0.36666666666666664,0.43333333333333335,0.4915254237288136
BFC,CTCP Phân bón Bình Điền,18,SX Nhựa - Hóa chất,2026-09-28,48.35,49.5,48.35,49.45,219400,True,147500.0,0.03886554621848748,-0.05467405849741924,-0.0444444444444444,-0.0444444444444444,0.25443937087772706,50.041500000000006,51.85850000000001,False,False,-0.32036833424958766,0.3285867813003762,0.08524778551738432,-0.021195602630348698,0.0065469200511732994,-0.09378412758736265,0.19035193786755067,0.07396572809254598,-0.026462451146164523,-0.0008302705869820404,-0.08678075113367878,0.2206661271457755,0.04583418733347011,-0.03687802838106058,0.0,0.28041339685175304,6.0,17.0,13.0,4.0,0.8,0.36,0.52,0.88
BHN,Tổng Công ty cổ phần Bia - Rượu - Nước giải khát Hà Nội,19,Thực phẩm - Đồ uống,2026-09-28,27.9,28.0,27.85,27.9,1400,True,2030.0,-0.11146496815286622,-0.05423728813559325,-0.04123711340206193,-0.05423728813559325,-0.16716417910447767,29.320999999999998,30.146750000000004,False,False,-0.20738636363636376,0.05283018867924527,-0.06508272885396937,-0.02075883226852271,0.009754251093555766,-0.10357697127851151,-0.23125161211465406,-0.07636478627880772,-0.026025680784338534,0.002377060455400426,-0.09657359482482764,-0.20093742283642924,-0.08634577511925579,-0.039475334106658766,-0.04356517062558618,-0.15952333403405516,18.0,12.0,12.0,14.0,0.05555555555555555,0.3888888888888889,0.3888888888888889,0.2777777777777778
BIC,Tổng Công ty cổ phần Bảo hiểm Ngân hàng Đầu tư và Phát triển Việt Nam,2,Bảo hiểm,2026-09-28,21.4,21.9,21.4,21.9,22100,True,20150.0,0.009216589861751112,-0.04157549234135682,-0.058064516129032295,-0.0950413223140496,-0.21785714285714286,22.389999999999997,23.1675,False,False,-0.22751322751322756,0.09499999999999997,0.055598829160647956,-0.008097036474286279,-0.007073151633414598,-0.14438100545696786,-0.28194457586731925,0.04431677173580961,-0.013363884990102104,-0.014450342271569938,-0.13737762900328399,-0.2516303865890944,-0.009533410138248932,-0.0739495930607813,0.024353599349915878,-0.23916040100250624,4.0,5.0,2.0,4.0,0.4,0.2,0.8,0.4
BID,Ngân hàng TMCP Đầu tư và Phát triển Việt Nam,11,Ngân hàng,2026-09-28,35.75,35.9,35.0,35.1,3174200,True,3640175.0,-0.0383561643835616,-0.07461112575797513,-0.10207214121258634,-0.028508164959867188,-0.0539083557951483,37.0065,38.7635,False,False,-0.3297689516898987,0.09175738724727855,0.008026074915335246,-0.04113266989090458,-0.051080776716968646,-0.07784784810278544,-0.11799578880532469,-0.003255982509503097,-0.04639951840672041,-0.058457967355123985,-0.07084447164910157,-0.08768159952709986,-0.0031655485477843914,0.0005768441668368984,-0.06996917187003493,0.008888980075451136,13.0,11.0,15.0,11.0,0.4782608695652174,0.5652173913043478,0.391304347826087,0.5652173913043478
BKG,CTCP Đầu tư BKG Việt Nam,26,SX Phụ trợ,2026-09-28,1.75,1.75,1.7,1.72,24100,True,131735.0,-0.12690355329949243,-0.2554112554112554,-0.2803347280334728,-0.34099616858237547,-0.45047923322683703,2.1534999999999997,2.4227499999999997,False,False,-0.4625,0.023809523809523725,-0.08052131400059559,-0.22193279954418488,-0.22934336353785512,-0.3903358517252937,-0.5145666662370134,-0.09180337142543393,-0.2271996480600007,-0.23672055417601046,-0.38333247527160985,-0.4842524769587886,-0.11276927768111777,-0.2597402597402597,-0.309519171003683,-0.4313820110046148,19.0,19.0,19.0,19.0,0.05263157894736842,0.05263157894736842,0.05263157894736842,0.05263157894736842
BMC,CTCP Khoáng sản Bình Định,10,Khai khoáng,2026-09-28,10.7,10.7,10.4,10.5,4200,True,7380.0,-0.05405405405405406,-0.15662650602409633,-0.16000000000000003,-0.21052631578947367,-0.4339622641509434,11.742499999999998,13.148750000000001,False,False,-0.4629156010230179,0.01941747572815533,-0.0076718147551572136,-0.12314805015702579,-0.10900863550438233,-0.25986599893239193,-0.4980496971611198,-0.018953872179995557,-0.12841489867284162,-0.11638582614253767,-0.25286262247870805,-0.467735507882895,-0.0103920822230682,-0.07855768219256065,-0.13196181530450757,-0.56562893081761,7.0,9.0,7.0,9.0,0.3333333333333333,0.1111111111111111,0.3333333333333333,0.1111111111111111
BMI,Tổng Công ty cổ phần Bảo Minh,2,Bảo hiểm,2026-09-28,13.95,14.5,13.8,14.35,91000,True,80525.0,0.05825958702064882,0.03237410071942448,0.007017543859649145,-0.1681159420289855,-0.26334702258726905,13.9405,15.484,True,False,-0.34324942791762014,0.16666666666666652,0.10464182631954566,0.06585255658649503,0.05800890835526684,-0.21745562517190375,-0.32743445559744544,0.09335976889470732,0.0605857080706792,0.0506317177171115,-0.21045224871821988,-0.2971202663192206,0.03950958702064877,0.0,-0.04872102036502002,-0.28465028073263243,2.0,3.0,5.0,5.0,0.8,0.6,0.2,0.2
BMP,CTCP Nhựa Bình Minh,18,SX Nhựa - Hóa chất,2026-09-28,145.1,145.2,143.0,143.5,41500,True,68515.0,0.0034965034965035446,-0.017796030116358663,-0.06575520833333326,0.20345521637034558,0.09927991420254334,144.90500000000003,144.51875,False,False,-0.20551433949728715,0.25207224500479897,0.04987874279540039,0.01568242575071188,-0.014763843837715562,0.15411553322742733,0.03519248119236695,0.038596685370562045,0.010415577234896056,-0.022141034475870902,0.1611189096811112,0.06550667047059178,0.010465144611486177,0.0,0.24789966081478998,0.12525394017656932,11.0,13.0,4.0,6.0,0.6,0.52,0.88,0.8
BRC,CTCP Cao su Bến Thành,17,Sản phẩm cao su,2026-09-28,11.0,11.0,11.0,11.0,200,True,1805.0,0.0,-0.025686448184233712,-0.001814882032667886,-0.001814882032667886,-0.06700593723494475,11.035,11.136750000000001,False,False,-0.09836065573770492,0.07843137254901977,0.046382239298896843,0.007792007682836832,0.04917648246294981,-0.05115456517558614,-0.13109337024512113,0.0351001818740585,0.002525159167021007,0.04179929182479447,-0.04415118872190227,-0.10077918096689631,0.023658886158886117,0.0737190396206443,0.06142516185680946,0.031933272993265926,1.0,1.0,2.0,2.0,1.0,1.0,0.75,0.75
BSI,CTCP Chứng khoán BIDV,5,Chứng khoán,2026-09-28,26.6,26.6,25.85,25.9,165300,True,288220.0,-0.11604095563139938,-0.24818577648766338,-0.2904109589041096,-0.20478968375805962,-0.38479809976247037,30.177,31.9065,False,False,-0.4047345437830384,0.015686274509803866,-0.06965871633250253,-0.21470732062059283,-0.23941959440849192,-0.25412936690097787,-0.44888553277264676,-0.08094077375734088,-0.21997416913640866,-0.24679678504664726,-0.247125990447294,-0.41857134349442193,-0.011102684026460974,-0.07425276360983968,-0.039786378458562754,-0.0343545002694412,14.0,15.0,13.0,12.0,0.38095238095238093,0.3,0.4,0.35294117647058826
BSR,CTCP - Tổng Công ty Lọc hóa dầu Việt Nam,26,SX Phụ trợ,2026-09-28,30.65,31.15,30.4,30.85,4374000,True,12471240.0,0.15327102803738324,0.2232355273592388,0.2633087633087632,0.18380660015349215,0.8319477434679337,26.901,26.046249999999997,True,True,-0.21220633299284974,1.3108614232209739,0.19965326733628008,0.25671398322630934,0.3143001278043809,0.1344669170105739,0.7678603104577573,0.18837120991144174,0.2514471347104935,0.30692293716622554,0.14147029346425777,0.7981744997359821,0.1674053036557579,0.2189065230302345,0.21528359773218464,0.8510449656901559,1.0,2.0,3.0,2.0,1.0,0.9473684210526315,0.8947368421052632,0.9473684210526315
BTP,CTCP Nhiệt điện Bà Rịa,22,Tiện ích,2026-09-28,7.26,7.51,7.2,7.2,19900,True,33555.0,-0.013698630136986245,-0.12195121951219501,-0.1325301204819278,-0.1479289940828401,-0.31688804554079686,7.779499999999999,8.12425,False,False,-0.32011331444759206,0.015514809590973178,0.0326836091619106,-0.08847276364512446,-0.08153875598631011,-0.19726867722575836,-0.38097547855097325,0.021401551737072255,-0.09373961216094029,-0.08891594662446545,-0.19026530077207449,-0.3506612892727484,-0.004425655529972983,-0.10451379967388741,-0.11631408217137679,-0.2649946374061545,19.0,30.0,29.0,32.0,0.4375,0.09375,0.125,0.03125
BTT,CTCP Thương mại Dịch vụ Bến Thành,7,Bán lẻ,2026-09-28,39.5,39.5,39.5,39.5,100,True,725.0,-0.08564814814814825,-0.028290282902828978,-0.028290282902828978,0.03947368421052633,0.12311629229456922,39.835,39.257999999999996,False,True,-0.19387755102040816,0.20610687022900764,-0.03926590884925141,0.005188172964241566,0.02270108159278872,-0.009865998932391928,0.05902885928439283,-0.05054796627408975,-7.867555157425876e-05,0.015323890954633379,-0.0028626224787080545,0.08934304856261766,-0.04641047998671333,0.0221334459107303,0.09527827553797968,0.18566022092224155,10.0,4.0,3.0,2.0,0.3076923076923077,0.75,0.8333333333333334,0.9166666666666666
BVB,Ngân hàng TMCP Bản Việt,11,Ngân hàng,2026-09-28,10.6,10.6,10.4,10.5,497000,True,1027960.0,-0.09248055315471049,-0.20030464584920038,-0.2175856929955291,-0.08456843940714909,-0.26522043386983896,12.0075,12.285499999999999,False,False,-0.284741144414169,0.009615384615384581,-0.046098313855813644,-0.16682618998212984,-0.1665943284999114,-0.13390812255006734,-0.32930786688001534,-0.05738037128065199,-0.17209303849794566,-0.17397151913806674,-0.12690474609638347,-0.2989936776017905,-0.05728993731893328,-0.12511667592438835,-0.12602944631731683,-0.20242309799923952,23.0,22.0,17.0,20.0,0.043478260869565216,0.08695652173913043,0.30434782608695654,0.17391304347826086
BVH,Tập đoàn Bảo Việt,2,Bảo hiểm,2026-09-28,69.0,73.6,68.8,73.6,2601700,True,758125.0,0.12538226299694166,0.24745762711864394,0.1813804173354734,-0.13411764705882356,0.3287597039176746,65.285,68.89500000000001,True,True,-0.168361581920904,0.5941087286116524,0.1717645022958385,0.2809360829857145,0.23237178183109108,-0.18345733020174182,0.26467227090749823,0.16048244487100016,0.27566923446989866,0.22499459119293574,-0.17645395374805795,0.29498646018572305,0.10663226299694162,0.21508352639921946,-0.014722725394858083,0.30745644577231124,1.0,1.0,4.0,1.0,1.0,1.0,0.4,1.0
BWE,CTCP - Tổng công ty nước - môi trường Bình Dương,22,Tiện ích,2026-09-28,40.5,40.5,40.0,40.1,9700,True,25240.0,-0.0441001191895114,-0.09358047016274862,-0.10150123235491826,-0.047279638869090035,-0.13614821197759586,42.809,42.83475,False,False,-0.1652789342214821,0.011349306431273742,0.0022821201093854437,-0.060102014295678075,-0.05050986785930056,-0.09661932201200829,-0.20023564498777224,-0.0089999373154529,-0.0653688628114939,-0.0578870584974559,-0.08961594555832442,-0.16992145570954742,-0.03482714458249814,-0.07614305032444102,-0.015664726957626718,-0.08425480384295347,26.0,27.0,18.0,24.0,0.21875,0.1875,0.46875,0.28125
C32,CTCP Đầu tư và Xây dựng 3-2,10,Khai khoáng,2026-09-24,15.6,15.6,15.05,15.05,500,False,4210.0,-0.019543973941367976,0.006688963210702337,-0.022092267706302793,0.36693914623069945,0.6502192982456143,15.2845,13.302000000000001,False,True,-0.25531914893617025,0.6685144124168516,0.026838265357528868,0.04016741907777288,0.028899096789314904,0.3175994630877812,0.5861318652354379,0.015556207932690524,0.034900570561957056,0.021521906151159564,0.32460283954146507,0.6164460545136627,0.02411799788961788,0.08475778704223802,0.44550364671566556,0.5185526315789477,4.0,4.0,1.0,2.0,0.6666666666666666,0.6666666666666666,1.0,0.8888888888888888
C47,CTCP Xây dựng 47,24,Xây dựng,2026-09-28,8.3,8.3,8.2,8.3,5800,True,8525.0,-0.06531531531531531,-0.13989637305699476,-0.11702127659574468,-0.13811007268951192,-0.24200913242009126,9.063500000000001,9.381499999999999,False,False,-0.28755364806866945,0.012195121951219745,-0.01893307601641847,-0.10641791718992422,-0.06602991210012699,-0.18744975583243018,-0.30609656543026764,-0.030215133441256814,-0.11168476570574004,-0.07340710273828233,-0.1804463793787463,-0.2757823761520428,0.003109853519689565,-0.02081225732601183,0.060638719283017006,-0.02043298210552741,13.0,16.0,10.0,14.0,0.5384615384615384,0.4230769230769231,0.6538461538461539,0.5
CCC,CTCP Xây dựng CDC,24,Xây dựng,2026-09-28,6.01,6.01,5.96,5.96,9500,True,2315.0,-0.16409537166900423,-0.20427236315086783,-0.1945945945945946,-0.21164021164021163,-0.6008037508372405,7.2425000000000015,8.359,False,False,-0.6655443322109988,0.0,-0.11771313237010739,-0.17079390728379729,-0.1436032300989769,-0.2609798947831299,-0.6648911838474169,-0.12899518979494573,-0.1760607557996131,-0.15098042073713225,-0.253976518329446,-0.634576994569192,-0.09567020283399935,-0.0851882474198849,-0.012891419667682702,-0.3792276005226766,25.0,22.0,16.0,26.0,0.07692307692307693,0.19230769230769232,0.4230769230769231,0.038461538461538464
CCI,CTCP Đầu tư Phát triển Công nghiệp Thương mại Củ Chi,7,Bán lẻ,2026-09-28,16.8,16.8,16.8,16.8,100,True,1720.0,0.012048192771084265,-0.05084745762711862,-0.05084745762711862,-0.24865831842576025,-0.21052631578947367,17.232499999999995,18.56925,False,False,-0.256637168141593,0.08387096774193559,0.05843043206998111,-0.017369001760048075,0.0001439068684990774,-0.2979980015686785,-0.27461374879965006,0.047148374645142765,-0.0226358502758639,-0.007233283769656262,-0.29099462511499463,-0.24429955952142524,0.05128586093251919,-0.0004237288135593431,-0.1928537270983069,-0.14798238716180134,3.0,7.0,11.0,10.0,0.8461538461538461,0.5,0.16666666666666666,0.25
CCL,CTCP Đầu tư và Phát triển Đô thị Dầu khí Cửu Long,3,Bất động sản,2026-09-28,3.42,3.42,3.35,3.37,1700,True,34220.0,-0.06388888888888888,-0.19377990430622005,-0.20705882352941174,-0.25111111111111106,-0.46845425867507884,3.793,4.3635,False,False,-0.47343750000000007,0.01812688821752273,-0.01750664958999204,-0.1603014484391495,-0.15606745903379404,-0.3004507942540293,-0.5325416916852552,-0.028788707014830384,-0.16556829695496533,-0.16344464967194938,-0.29344741780034544,-0.5022275024070304,0.01645223243531374,-0.03699514677519389,-0.006259906576392138,-0.0517875920084121,22.0,37.0,32.0,36.0,0.65,0.4,0.48333333333333334,0.4067796610169492
CDC,CTCP Chương Dương,3,Bất động sản,2026-09-28,20.6,20.6,19.6,19.7,96000,True,165545.0,0.005102040816326481,0.05913978494623651,-0.005050505050505083,0.29011132940406026,0.0677506775067751,19.465,18.21375,True,True,-0.16170212765957448,0.3661581137309293,0.051484280115223324,0.09261824081330705,0.045940859445112614,0.240771646261142,0.0036632444965987165,0.04020222269038498,0.08735139229749123,0.038563668806957274,0.24777502271482588,0.03397743377482354,0.0854431621405291,0.21592454247726267,0.5349625339387791,0.48441734417344184,8.0,3.0,3.0,7.0,0.8833333333333333,0.9666666666666667,0.9666666666666667,0.8983050847457628
CHP,CTCP Thủy điện Miền Trung,22,Tiện ích,2026-09-28,26.4,26.5,26.3,26.5,15100,True,6775.0,0.03921568627450989,0.018838908112264408,0.018838908112264408,-0.0026345502446367686,-0.021779254337393916,25.9235,26.033000000000005,True,True,-0.02645113886847905,0.10693400167084377,0.08559792557340673,0.05231736397933495,0.0698302726078821,-0.051974233387555024,-0.0858666873475703,0.07431586814856839,0.04705051546351913,0.062453081969726765,-0.04497085693387115,-0.05555249806934548,0.04848866088152315,0.03627632795057201,0.02898036166682655,0.030114153797248466,4.0,10.0,11.0,13.0,0.90625,0.71875,0.6875,0.625
CIG,CTCP COMA 18,3,Bất động sản,2026-09-28,7.09,7.48,7.09,7.09,6200,True,49460.0,0.007102272727272707,-0.03929539295392959,0.009971509971510084,0.13440000000000007,-0.2087053571428572,6.9505,7.1205,True,False,-0.27653061224489806,0.3402646502835538,0.05348451202616955,-0.005816937086859042,0.06096287446712778,0.08506031685708182,-0.2727927901530336,0.04220245460133121,-0.011083785602674867,0.05358568382897244,0.09206369331076569,-0.24247860087480877,0.08744339405147533,0.11748936457709658,0.379251204534719,0.20796130952380953,7.0,13.0,6.0,16.0,0.9,0.8,0.9166666666666666,0.7457627118644068
CII,CTCP Đầu tư Hạ tầng Kỹ thuật Thành phố Hồ Chí Minh,24,Xây dựng,2026-09-28,12.6,12.7,11.95,12.15,6379100,True,7429555.0,-0.1473684210526316,-0.24767801857585126,-0.29360465116279066,-0.32499999999999996,-0.547486033519553,15.052499999999998,16.767500000000002,False,False,-0.6124401913875599,0.01673640167364021,-0.10098618175373475,-0.2141995627087807,-0.24261328666717297,-0.3743396831429182,-0.6115734665297294,-0.11226823917857309,-0.21946641122459654,-0.2499904773053283,-0.36733630668923434,-0.5812592772515046,-0.07894325221762671,-0.12859390284486832,-0.12625120802747103,-0.3259098832049892,24.0,26.0,24.0,25.0,0.11538461538461539,0.038461538461538464,0.11538461538461539,0.07692307692307693
CKG,CTCP Tập đoàn CIC,3,Bất động sản,2026-09-28,5.8,5.8,5.4,5.6,5900,True,22520.0,-0.04109589041095896,-0.11811023622047245,-0.16542473919523104,-0.34883720930232565,-0.5942028985507246,6.2955,7.778499999999999,False,False,-0.5971223021582734,0.03703703703703698,0.005286348887937886,-0.08463178035340191,-0.11443337469961334,-0.3981768924452439,-0.658290331560901,-0.005995708536900457,-0.08989862886921773,-0.12181056533776868,-0.39117351599156003,-0.6279761422826762,0.03924523091324367,0.03867452131055371,-0.10398600476760672,-0.17753623188405787,16.0,25.0,48.0,53.0,0.75,0.6,0.21666666666666667,0.11864406779661017
CLC,CTCP Cát Lợi,26,SX Phụ trợ,2026-09-28,54.1,54.1,54.1,54.1,200,True,735.0,-0.0525394045534151,0.04038461538461546,0.030476190476190546,0.013868065967016507,0.1346476510067114,52.33449999999999,52.65625,True,True,-0.0525394045534151,0.18666374204869474,-0.00615716525451826,0.07386307125168601,0.08146755497180824,-0.03547161717590175,0.070560217996535,-0.017439222679356603,0.06859622273587018,0.0740903643336529,-0.028468240722217875,0.10087440727475983,-0.038405128935040445,0.03605561105561117,0.045345063545709,0.1537448732289336,14.0,6.0,7.0,7.0,0.3157894736842105,0.7368421052631579,0.6842105263157895,0.6842105263157895
CLL,CTCP Cảng Cát Lái,23,Vận tải - kho bãi,2026-09-28,26.85,26.85,26.55,26.85,1800,True,4300.0,-0.009225092250922495,-0.02576197387518131,-0.02399127589967287,-0.012504597278411134,-0.05855539971949508,27.381,27.598000000000003,False,False,-0.09044715447154461,0.049237983587338885,0.03715714704797435,0.007716481991889235,0.027000088595944827,-0.06184428042132939,-0.12264283272967147,0.025875089623136005,0.0024496334760734095,0.019622897957789487,-0.054840903967645516,-0.09232864345144665,-0.006151321759119255,0.009179789851940123,0.030548240294974494,0.0,20.0,16.0,13.0,18.0,0.45714285714285713,0.5714285714285714,0.6571428571428571,0.5142857142857142
CLW,CTCP Cấp nước Chợ Lớn,22,Tiện ích,2026-09-25,41.6,41.6,41.6,41.6,100,False,685.0,-0.1875,-0.29491525423728815,-0.22962962962962963,0.07883817427385886,0.07632600258732225,47.03,44.589999999999996,False,False,-0.3396825396825397,0.09473684210526323,-0.14111776070110316,-0.2614367983702176,-0.17863826513401193,0.029498491130940607,0.012238569577145864,-0.1523998181259415,-0.26670364688603343,-0.18601545577216727,0.03650186758462448,0.04255275885537069,-0.17822702539298674,-0.27747783439898055,0.11045308618532218,0.12821941072196463,32.0,32.0,6.0,8.0,0.03125,0.03125,0.84375,0.78125
CMG,CTCP Tập đoàn Công nghệ CMC,6,Công nghệ và thông tin,2026-09-28,22.35,22.95,22.0,22.0,142500,True,127955.0,-0.0756302521008404,-0.18518518518518523,-0.19266055045871555,-0.22671353251318105,-0.3871866295264623,25.325,28.35775,False,False,-0.4358974358974359,0.0,-0.029248012801943557,-0.15170672931811469,-0.14166918596309785,-0.2760532156560993,-0.4512740625366387,-0.0405300702267819,-0.1569735778339305,-0.1490463766012532,-0.26904983920241543,-0.4209598732584139,-0.017272868743457126,-0.05820696728406616,-0.06354231971712798,-0.12530648719482756,6.0,6.0,6.0,6.0,0.375,0.375,0.375,0.375
CMV,CTCP Thương nghiệp Cà Mau,7,Bán lẻ,2026-09-25,7.26,7.26,7.24,7.26,400,False,1820.0,-0.2515463917525773,-0.09250000000000003,-0.10370370370370374,-0.143867924528302,-0.09813664596273297,8.145499999999998,8.26725,False,False,-0.3686956521739131,0.0027624309392264568,-0.20516415245368047,-0.05902154413292948,-0.052712339208086045,-0.19320760767122025,-0.16222407897290936,-0.2164462098785188,-0.06428839264874531,-0.060089529846241385,-0.18620423121753638,-0.13190988969468453,-0.2123087235911424,-0.04207627118644075,-0.08806333320084864,-0.03559271733506064,13.0,9.0,8.0,8.0,0.07692307692307693,0.3333333333333333,0.4166666666666667,0.4166666666666667
CMX,CTCP Camimex Group,20,Chế biến Thủy sản,2026-09-28,4.63,4.65,4.6,4.61,7600,True,30820.0,-0.03958333333333319,-0.16029143897996356,-0.1767857142857142,-0.22909698996655514,-0.35161744022503516,5.1015,5.666500000000001,False,False,-0.36935704514363876,0.022172949002217335,0.006798905965563651,-0.12681298311289302,-0.12579434979009652,-0.2784366731094734,-0.41570487323521155,-0.004483151459274692,-0.13207983162870884,-0.13317154042825186,-0.2714332966557895,-0.3853906839569867,0.03402210884353757,-0.020982982971747277,-0.08713134318955168,-0.04130792081009055,4.0,7.0,8.0,6.0,0.7,0.4,0.3,0.5
CNG,CTCP CNG Việt Nam,22,Tiện ích,2026-09-25,21.7,21.7,20.8,21.65,2200,False,2685.0,-0.020361990950226394,0.030952380952380842,0.023640661938534313,-0.10165975103734448,-0.2184115523465704,21.6875,23.220000000000002,False,False,-0.26610169491525426,0.20277777777777772,0.02602024834867045,0.06443083681945139,0.07463202643415201,-0.15099943418026274,-0.2824989853567468,0.014738190923832106,0.05916398830363556,0.06725483579599667,-0.14399605772657886,-0.25218479607852196,-0.011089016343213132,0.04838980079068844,-0.07004483912588116,-0.166518144211928,20.0,7.0,25.0,30.0,0.40625,0.8125,0.25,0.09375
COM,CTCP Vật tư - Xăng Dầu,7,Bán lẻ,2026-09-24,26.75,26.75,26.75,26.75,100,False,900.0,-0.06140350877192979,-0.18939393939393945,-0.2246376811594203,-0.14427383237364044,-0.12122207621550596,30.887499999999996,31.0265,False,False,-0.3880118965911691,0.07214428857715438,-0.01502126947303295,-0.1559154835268689,-0.1736463166638026,-0.1936135155165587,-0.18530950922568235,-0.026303326897871293,-0.16118233204268473,-0.18102350730195793,-0.18661013906287482,-0.15499531994745752,-0.02216584061049487,-0.13897021058038017,-0.08846924104618709,-0.05867814758783363,8.0,11.0,9.0,9.0,0.46153846153846156,0.16666666666666666,0.3333333333333333,0.3333333333333333
CRC,CTCP Create Capital Việt Nam,21,Vật liệu xây dựng,2026-09-28,5.13,5.13,5.0,5.03,70400,True,208435.0,-0.04554079696394675,-0.16166666666666663,-0.16859504132231395,-0.501980198019802,-0.5068627450980392,5.7825,7.508249999999999,False,False,-0.536405529953917,0.006000000000000005,0.0008414423349500932,-0.12818821079959608,-0.11760367682669626,-0.5513198811627202,-0.5709501781082156,-0.01044061508988825,-0.1334550593154119,-0.1249808674648516,-0.5443165047090364,-0.5406359888299908,-0.0011757140965913404,-0.07511623080116225,-0.36696748231587994,-0.2748849859145344,10.0,15.0,17.0,17.0,0.5,0.2222222222222222,0.1111111111111111,0.1111111111111111
CRE,CTCP Bất động sản Thế Kỷ,3,Bất động sản,2026-09-28,6.48,6.48,6.3,6.3,37100,True,209765.0,-0.03816793893129766,-0.08029197080291972,-0.09482758620689657,-0.17105263157894735,-0.41666666666666674,6.997,7.348750000000001,False,False,-0.42201834862385323,0.04132231404958686,0.008214300367599181,-0.046813514935849176,-0.04383622171127888,-0.2203923147218656,-0.4807540996768431,-0.003067757057239162,-0.052080363451665,-0.05121341234943422,-0.21338893826818173,-0.4504399103986183,0.04217318239290496,0.07649278672810644,0.07379857295577158,0.0,15.0,18.0,23.0,30.0,0.7666666666666667,0.7166666666666667,0.6333333333333333,0.5084745762711864
CRV,CTCP Tập đoàn Bất động sản CRV,3,Bất động sản,2026-09-25,22.05,22.1,22.05,22.1,400,False,1625.0,-0.0675105485232067,-0.1333333333333333,-0.20503597122302153,-0.24315068493150682,,25.660000000000004,27.1125,False,False,-0.45912873225648554,0.00454545454545463,-0.02112830922430986,-0.09985487746626276,-0.15404460672740383,-0.2924903680744251,,-0.0324103666491482,-0.10512172598207858,-0.16142179736555917,-0.2854869916207412,,0.01283057280099592,0.02345142419769286,0.0017005196032121028,,24.0,28.0,30.0,,0.6166666666666667,0.55,0.5166666666666667,
CSM,CTCP Công nghiệp Cao su Miền Nam,17,Sản phẩm cao su,2026-09-28,12.6,13.0,12.55,12.95,15200,True,83705.0,-0.018939393939393923,-0.09756097560975607,-0.05128205128205132,0.05284552845528445,-0.1308724832214766,13.175,12.888750000000002,False,True,-0.1452145214521453,0.14601769911504414,0.02744284535950292,-0.06408251974268553,-0.0002906867864336249,0.003505845312366196,-0.19495991623165299,0.016160787934664578,-0.06934936825850135,-0.007667877424588965,0.01050922176605007,-0.16464572695342816,0.004719492219492194,0.001844512195121939,0.1160855723447618,-0.031933272993265926,2.0,2.0,1.0,3.0,0.75,0.75,1.0,0.5
CSV,CTCP Hóa chất Cơ bản Miền Nam,18,SX Nhựa - Hóa chất,2026-09-28,20.3,20.3,19.95,19.95,137300,True,215870.0,-0.09318181818181825,-0.11725663716814172,-0.13636363636363646,-0.27586206896551724,-0.39269406392694073,22.479999999999997,25.338749999999997,False,False,-0.4217391304347826,0.036363636363636376,-0.04679957888292141,-0.08377818130107118,-0.08537227186801877,-0.3252017521084355,-0.4567814969371171,-0.058081636307759754,-0.089045029816887,-0.09274946250617411,-0.3181983756547516,-0.4264673076588923,-0.08621317706683562,-0.09946060705178306,-0.23141762452107284,-0.36672003795291475,20.0,23.0,22.0,24.0,0.24,0.12,0.16,0.08
CTD,CTCP Xây dựng Coteccons,24,Xây dựng,2026-09-28,58.4,60.7,58.4,58.7,323700,True,216165.0,-0.051696284329563746,-0.14680232558139528,-0.18472222222222223,-0.2295576847355295,-0.20114316820903644,64.94000000000001,71.02825,False,False,-0.36711590296495955,0.07312614259597816,-0.005314045030666903,-0.11332386971432473,-0.13373085772660454,-0.27889736787844777,-0.2652306012192128,-0.016596102455505246,-0.11859071823014056,-0.14110804836475987,-0.2718939914247639,-0.234916411940988,0.016728884505441133,-0.027718209850412345,-0.030808892763000584,0.02043298210552741,10.0,17.0,17.0,13.0,0.6538461538461539,0.38461538461538464,0.38461538461538464,0.5384615384615384
CTF,CTCP City Auto,7,Bán lẻ,2026-09-28,18.95,19.35,18.95,19.15,145100,True,279720.0,-0.06356968215158931,0.12316715542521983,0.16060606060606042,0.02956989247311803,-0.04250000000000009,18.7575,18.84625,True,True,-0.10514018691588789,0.19314641744548267,-0.01718744285269247,0.15664561129229038,0.21159742510167812,-0.019769790669800225,-0.10658743301017648,-0.028469500277530813,0.15137876277647455,0.20422023446352278,-0.01276641421611635,-0.07627324373195166,-0.02433201399015439,0.1735908842387791,0.08537448380057139,0.020043928627672236,9.0,2.0,4.0,4.0,0.38461538461538464,0.9166666666666666,0.75,0.75
CTG,Ngân hàng TMCP Công Thương Việt Nam,11,Ngân hàng,2026-09-28,30.2,30.3,29.8,29.9,4175900,True,7245850.0,-0.047770700636942665,-0.09912624284423022,-0.1109128754088613,-0.10183238209672574,-0.1272621132516054,31.9495,33.873000000000005,False,False,-0.3020541549953315,0.052816901408450745,-0.001388461338045821,-0.06564778697715967,-0.0599215109132436,-0.151172065239644,-0.1913495462617818,-0.012670518762884164,-0.0709146354929755,-0.06729870155139894,-0.14416868878596012,-0.16103535698355698,-0.012580084801165459,-0.02393827291941819,-0.14329338900689348,-0.06446477738100598,17.0,16.0,19.0,16.0,0.30434782608695654,0.34782608695652173,0.21739130434782608,0.34782608695652173
CTI,CTCP Đầu tư Phát triển Cường Thuận IDICO,24,Xây dựng,2026-09-28,15.4,15.45,15.25,15.3,80900,True,221935.0,-0.09467455621301768,-0.151414309484193,-0.15748898678414092,-0.2529296875,-0.348381601362862,17.304500000000004,19.0185,False,False,-0.3654085441725424,0.00990099009900991,-0.048292316914120836,-0.11793585361712244,-0.10649762228852322,-0.30226937064291826,-0.4124690343730384,-0.05957437433895918,-0.12320270213293827,-0.11387481292667856,-0.2952659941892344,-0.38215484509481357,-0.0262493873780128,-0.03233019375321006,-0.054180895527471074,-0.12680545104829816,18.0,18.0,21.0,18.0,0.34615384615384615,0.34615384615384615,0.23076923076923078,0.34615384615384615
CTR,Tổng Công ty cổ phần Công trình Viettel,6,Công nghệ và thông tin,2026-09-28,73.3,73.3,70.4,70.9,109900,True,197285.0,-0.062169312169311985,-0.0418918918918918,-0.05793250066436351,-0.047938767288841055,-0.08041504539558997,74.9025,76.34124999999999,False,False,-0.28470540758676355,0.08244274809160324,-0.015787072870415142,-0.008413436024821253,-0.0069411361687458095,-0.09727845043175931,-0.14450247840576635,-0.027069130295253485,-0.013680284540637078,-0.01431832680690115,-0.09027507397807544,-0.11418828912754153,-0.003811928811928711,0.08508632600922728,0.11523244550721201,0.1814650969360448,5.0,3.0,3.0,3.0,0.5,0.75,0.75,0.75
CTS,CTCP Chứng khoán VietinBank,5,Chứng khoán,2026-09-28,21.05,21.2,20.4,20.5,860800,True,1300985.0,-0.11255411255411263,-0.2652329749103942,-0.2730496453900709,-0.036201222378937414,-0.35044359949302917,23.083999999999996,23.06725,False,False,-0.43866374589266155,0.07217573221757312,-0.06617187325521579,-0.23175451904332367,-0.22205828089445323,-0.08554090552185567,-0.41453103250320555,-0.07745393068005413,-0.2370213675591395,-0.22943547153260857,-0.0785375290681718,-0.38421684322498073,-0.007615840949174224,-0.09129996203257051,0.12880208292055945,0.0,13.0,16.0,5.0,9.0,0.42857142857142855,0.25,0.8,0.5294117647058824
CVT,CTCP CMC,21,Vật liệu xây dựng,2026-09-28,25.95,25.95,25.0,25.95,8400,True,2270.0,-0.03710575139146566,-0.013307984790874583,-0.03531598513011147,-0.09106830122591947,-0.08465608465608476,26.6125,26.81125,False,False,-0.10977701543739282,0.16891891891891886,0.009276487907431186,0.02017047107619596,0.015675379365506226,-0.14040798436883772,-0.14874351766626115,-0.0020055695174071575,0.014903622560380136,0.008298188727350886,-0.13340460791515385,-0.11842932838803633,0.007259331475889752,0.07324245107462979,0.04394441447800257,0.14732167452742,7.0,6.0,7.0,2.0,0.6666666666666666,0.7222222222222222,0.6666666666666666,0.9444444444444444
D2D,CTCP Phát triển Đô thị Công nghiệp số 2,3,Bất động sản,2026-09-28,29.3,29.9,29.1,29.5,203900,True,90240.0,0.03508771929824572,-0.01830282861896837,-0.05144694533762062,-0.18956043956043955,-0.18956043956043955,29.672499999999996,32.7525,False,False,-0.23376623376623373,0.1545988258317026,0.08146995859714257,0.015175627248102175,-0.0004555808420029228,-0.2389001227033578,-0.25364787257061594,0.07018790117230422,0.00990877873228635,-0.007832771480158263,-0.23189674624967394,-0.22333368329239112,0.11542884062244835,0.1384819289120578,0.05529076497427937,0.2271062271062272,3.0,11.0,25.0,15.0,0.9666666666666667,0.8333333333333334,0.6,0.7627118644067796
DAH,CTCP Tập đoàn Khách sạn Đông Á,25,"Dịch vụ lưu trú, ăn uống, giải trí",2026-09-28,2.07,2.07,2.02,2.03,32400,True,76165.0,-0.15062761506276168,-0.3071672354948807,-0.3555555555555556,-0.32333333333333336,-0.49250000000000005,2.6544999999999996,2.9370000000000003,False,False,-0.5012285012285014,0.004950495049504955,-0.10424537576386483,-0.27368877962781013,-0.3045641910599379,-0.3726730164762516,-0.5565874330101764,-0.11552743318870318,-0.27895562814362596,-0.31194138169809327,-0.36566964002256774,-0.5262732437319516,-0.13073735443176032,-0.211758766130083,-0.18295551335012789,-0.25553839273427836,5.0,6.0,6.0,6.0,0.3333333333333333,0.16666666666666666,0.16666666666666666,0.16666666666666666
DAT,CTCP Đầu tư du lịch và Phát triển Thủy sản,20,Chế biến Thủy sản,2026-09-28,7.26,7.26,7.26,7.26,2400,True,2970.0,-0.08679245283018877,-0.10370370370370374,-0.12,-0.10370370370370374,-0.49583333333333335,7.998,8.4055,False,False,-0.558662613981763,0.008333333333333304,-0.04041021353129193,-0.0702252478366332,-0.0690086355043823,-0.153043386846622,-0.5599207663435097,-0.05169227095613027,-0.07549209635244902,-0.07638582614253764,-0.14604001039293812,-0.5296065770652849,-0.01318701065331801,0.035604752304512544,0.03826194307329972,-0.18552381391838874,8.0,4.0,3.0,10.0,0.3,0.7,0.8,0.1
DBC,CTCP Tập đoàn Dabaco Việt Nam,19,Thực phẩm - Đồ uống,2026-09-28,15.55,15.75,15.4,15.45,736600,True,1193710.0,-0.0803571428571429,-0.10951008645533156,-0.16486486486486496,-0.23134328358208966,-0.35571309424520436,17.286499999999997,19.6565,False,False,-0.4089517980107116,0.0032467532467532756,-0.03397490355824606,-0.07603163058826101,-0.11387350036924726,-0.2806829667250079,-0.41980052725538075,-0.045256960983084404,-0.08129847910407684,-0.1212506910074026,-0.27367959027132405,-0.3894863379771559,-0.05523794982353247,-0.09474813242639707,-0.2206711660720826,-0.34807224917478186,17.0,16.0,16.0,18.0,0.1111111111111111,0.16666666666666666,0.16666666666666666,0.05555555555555555
DBD,CTCP Dược - Trang thiết bị Y tế Bình Định (Bidiphar),8,Chăm sóc sức khỏe,2026-09-28,46.2,46.2,46.2,46.2,12000,True,26765.0,-0.032460732984293084,-0.0619289340101522,-0.0636400486420754,-0.05269632971088789,-0.10221531286436059,47.94850000000001,48.50075,False,False,-0.11697247706422009,0.032632990612427415,0.01392150631460376,-0.02845047814308166,-0.0126486841464577,-0.10203601285380615,-0.16630274587453697,0.0026394488897654167,-0.033717326658897484,-0.02002587478461304,-0.09503263640012227,-0.13598855659631215,0.0030004027386227317,-0.004716067517240019,0.034900982152842264,-0.01598368949003154,6.0,7.0,5.0,7.0,0.5833333333333334,0.5,0.6666666666666666,0.5
DBT,CTCP Dược phẩm Bến Tre,8,Chăm sóc sức khỏe,2026-09-28,13.0,13.0,13.0,13.0,2000,True,4965.0,-0.007633587786259555,0.023622047244094446,0.040000000000000036,0.20370370370370372,0.12068965517241392,12.709999999999999,11.834999999999999,True,True,-0.06474820143884896,0.3013013013013013,0.03874865151263729,0.05710050311116499,0.09099136449561773,0.15436402056078546,0.05660222216223754,0.027466594087798946,0.051833654595349166,0.08361417385746239,0.16136739701446934,0.08691641144046236,0.02782754793665626,0.08083491373700663,0.2913010155674339,0.20692127854674297,4.0,3.0,1.0,3.0,0.75,0.8333333333333334,1.0,0.8333333333333334
DC4,CTCP DICERA Holdings,24,Xây dựng,2026-09-28,6.31,6.35,6.22,6.23,28100,True,101690.0,-0.07153502235469444,-0.12376933895921238,-0.1311018131101812,-0.24209245742092456,-0.44916003536693194,6.914,7.786,False,False,-0.44916003536693194,0.021311475409836245,-0.0251527830557976,-0.09029088309214184,-0.08011044861456351,-0.2914321405638428,-0.5132474683771083,-0.036434840480635944,-0.09555773160795766,-0.08748763925271885,-0.28442876411015894,-0.4829332790988835,-0.003109853519689565,-0.0046852232282294515,-0.04334366544839563,-0.2275838850523681,14.0,15.0,20.0,24.0,0.5,0.46153846153846156,0.2692307692307692,0.11538461538461539
DCL,CTCP Dược phẩm Cửu Long,8,Chăm sóc sức khỏe,2026-09-28,46.7,46.9,44.45,44.45,1130700,True,1611325.0,0.15155440414507781,0.17282321899736153,0.1590612777053455,-0.21604938271604934,0.5596491228070177,39.04750000000001,43.714999999999996,True,True,-0.29219745222929927,0.7096153846153848,0.19793664344397466,0.20630167486443207,0.2100526422009632,-0.2653890658589676,0.49556168979684134,0.18665458601913631,0.20103482634861625,0.20267545156280786,-0.2583856894052837,0.5258758790750662,0.18701553986799363,0.2300360854902737,-0.1284520708523192,0.6458807461813467,2.0,1.0,8.0,1.0,0.9166666666666666,1.0,0.4166666666666667,1.0
DCM,CTCP - Tổng công ty Phân bón Dầu khí Cà Mau,18,SX Nhựa - Hóa chất,2026-09-28,34.55,34.55,33.6,34.25,1401800,True,3408275.0,0.05222734254992334,0.044207317073170715,0.02483542788749249,-0.18316241354638685,-0.0338504936530325,33.314499999999995,36.087,True,False,-0.3151369726054789,0.20175438596491224,0.09860958184882018,0.07768577294024126,0.07582679238311019,-0.2325020966893051,-0.09793792666320889,0.08732752442398184,0.07241892442442543,0.06844960174495485,-0.22549872023562123,-0.06762373738498406,0.05919598366490597,0.06200334718952938,-0.13871796910194245,-0.007876467679006516,5.0,7.0,20.0,14.0,0.84,0.76,0.24,0.48
DGC,CTCP Tập đoàn Hóa chất Đức Giang,18,SX Nhựa - Hóa chất,2026-09-28,36.65,36.85,36.2,36.2,727800,True,905760.0,-0.23142250530785557,-0.21645021645021645,-0.2410901467505241,-0.35929203539823007,-0.6039387308533917,43.24,52.657500000000006,False,False,-0.6331576813944062,0.04022988505747138,-0.18504026600895873,-0.1829717605831459,-0.1900987822549064,-0.4086317185411483,-0.6680261638635681,-0.19632232343379707,-0.18823860909896173,-0.19747597289306174,-0.40162834208746445,-0.6377119745853432,-0.22445386419287294,-0.19865418633385779,-0.31484759095378567,-0.5779647048793657,25.0,24.0,24.0,25.0,0.04,0.08,0.08,0.04
DGW,CTCP Thế Giới Số,1,Bán buôn,2026-09-28,44.8,45.3,43.55,45.25,1127100,True,2032145.0,0.12983770287141083,0.17532467532467533,0.12422360248447206,0.055762949136724194,0.11673247778874618,40.62,42.316250000000004,True,True,-0.19954006722094464,0.43879173290938,0.17621994217030768,0.20880313119174587,0.17521496698008976,0.006423265993805938,0.052645044778569794,0.16493788474546933,0.20353628267593005,0.16783777634193442,0.013426642447489812,0.08295923405679462,0.1868552467310599,0.2649798477384685,0.22719152056529568,0.3925550203608492,2.0,2.0,3.0,4.0,0.9565217391304348,0.9565217391304348,0.9130434782608695,0.8636363636363636
DHA,CTCP Hóa An,10,Khai khoáng,2026-09-28,52.1,54.0,52.1,54.0,3300,True,21175.0,0.04247104247104261,0.125,0.09289617486338808,0.2581547064305685,0.1294708220037648,49.1985,50.1815,True,True,-0.17920656634746934,0.30845650593651563,0.08885328176993945,0.15847845586707054,0.14388753935900578,0.20881502328765023,0.06538338899358842,0.07757122434510111,0.15321160735125472,0.13651034872085044,0.2158183997413341,0.09569757827181324,0.08613301430202847,0.20306882383153568,0.3367192069155346,-0.0021958446629017914,1.0,1.0,3.0,6.0,1.0,1.0,0.7777777777777778,0.4444444444444444
DHC,CTCP Đông Hải Bến Tre,26,SX Phụ trợ,2026-09-28,39.0,39.35,37.9,38.5,273700,True,423110.0,0.07843137254901955,0.20124804992199707,0.14925373134328357,0.25816993464052285,0.2893503014065639,34.120999999999995,32.85575,True,True,-0.021601016518424387,0.4296323802450799,0.1248136118479164,0.23472650578906762,0.20024509583890127,0.2088302514976046,0.22526286839638754,0.11353155442307805,0.2294596572732518,0.19286790520074593,0.21583362795128846,0.25557705767461236,0.09256564816739421,0.19691904559299278,0.28964693221921534,0.30844752362878614,4.0,3.0,2.0,4.0,0.8421052631578947,0.8947368421052632,0.9473684210526315,0.8421052631578947
DHG,CTCP Dược Hậu Giang,8,Chăm sóc sức khỏe,2026-09-28,90.1,90.5,89.9,90.0,3500,True,7075.0,-0.05857740585774052,-0.032258064516129004,-0.038461538461538436,-0.06015037593984962,-0.07024793388429751,93.02,95.057,False,False,-0.1395793499043977,0.0044642857142858094,-0.012195166558843673,0.001220391350941541,0.012529826034079261,-0.10949005908276788,-0.1343353668944739,-0.023477223983682016,-0.004046457164874284,0.005152635395923921,-0.102486682629084,-0.10402117761624907,-0.0231162701348247,0.02495480197678318,0.027446935923880533,0.01598368949003154,9.0,5.0,6.0,6.0,0.3333333333333333,0.6666666666666666,0.5833333333333334,0.5833333333333334
DHM,CTCP Đầu tư và Thương mại DHM,10,Khai khoáng,2026-09-28,6.79,6.79,6.79,6.79,300,True,5355.0,-0.04366197183098586,0.06093749999999987,0.09693053311793198,0.10947712418300659,0.1316666666666666,6.5495,6.2985,True,True,-0.11818181818181817,0.3007662835249043,0.002720267467910986,0.09441595586707041,0.14792189761354968,0.060137441040088335,0.06757923365649021,-0.008561789956927357,0.08914910735125459,0.14054470697539434,0.06714081749377221,0.09789342293471504,0.0,0.13900632383153555,0.1880416246679727,0.0,5.0,2.0,4.0,5.0,0.5555555555555556,0.8888888888888888,0.6666666666666666,0.5555555555555556
DIG,Tổng Công ty cổ phần Đầu tư Phát triển Xây dựng,3,Bất động sản,2026-09-28,9.6,9.61,9.17,9.25,4060200,True,3977805.0,-0.1148325358851674,-0.24796747967479682,-0.24489795918367352,-0.3462897526501767,-0.5986984815618221,11.3865,13.222000000000003,False,False,-0.6314741035856574,0.008724100327153872,-0.06845029658627055,-0.21448902380772628,-0.19390659468805582,-0.39562943579309495,-0.6627859145719985,-0.0797323540111089,-0.2197558723235421,-0.20128378532621116,-0.3886260593394111,-0.6324717252937737,-0.03449141456096477,-0.09118272214377066,-0.10143854811545777,-0.1820318148951554,45.0,48.0,46.0,54.0,0.26666666666666666,0.21666666666666667,0.25,0.1016949152542373
DLG,CTCP Tập đoàn Đức Long Gia Lai,26,SX Phụ trợ,2026-09-28,2.03,2.06,1.98,1.99,322400,True,474035.0,-0.09954751131221717,-0.21031746031746035,-0.22265625,-0.3090277777777778,-0.32996632996633,2.365,2.59675,False,False,-0.474934036939314,0.005050505050504972,-0.05316527201332033,-0.1768390044503898,-0.1716648855043823,-0.35836746092069605,-0.3940537629765064,-0.06444732943815867,-0.18210585296620563,-0.17904207614253764,-0.35136408446701217,-0.3637395736982816,-0.08541323569384252,-0.21464646464646464,-0.2775507801990853,-0.3108691077441078,17.0,17.0,18.0,18.0,0.15789473684210525,0.15789473684210525,0.10526315789473684,0.10526315789473684
DMC,CTCP Xuất nhập khẩu Y Tế DOMESCO,8,Chăm sóc sức khỏe,2026-09-25,58.0,58.0,58.0,58.0,200,False,1055.0,-0.028475711892797406,-0.016949152542372836,0.00694444444444442,0.0034602076124568004,-0.049180327868852514,58.05,58.87750000000001,False,False,-0.07936507936507942,0.07407407407407418,0.017906527406099437,0.01652930332469771,0.05793580894006212,-0.045879475530461455,-0.1132677608790289,0.006624469981261094,0.011262454808881883,0.05055861830190678,-0.03887609907677758,-0.08295357160080408,0.006985423830118409,0.04026371395053935,0.09105751947618695,0.037051295505476534,5.0,4.0,3.0,4.0,0.6666666666666666,0.75,0.8333333333333334,0.75
DMX,CTCP Đầu tư Điện máy Xanh,7,Bán lẻ,2026-09-28,76.4,76.5,75.9,75.9,35100,True,406195.0,-0.026923076923076827,,,,,,,False,False,-0.12254335260115601,0.09523809523809534,0.019459162375820016,,,,,0.008177104950981673,,,,,0.012314591238358097,,,,6.0,,,,0.6153846153846154,,,
DPG,CTCP Tập đoàn Đạt Phương,24,Xây dựng,2026-09-28,28.05,28.05,26.85,26.95,239500,True,286665.0,-0.07388316151202756,-0.2026627218934911,-0.2429775280898877,-0.3366970219049964,-0.4052085632310749,32.426,36.99125,False,False,-0.45709105560032237,0.056862745098039236,-0.02750092221313072,-0.16918426602642056,-0.19198616359427,-0.38603670504791465,-0.4692959962412513,-0.03878297963796906,-0.17445111454223639,-0.19936335423242535,-0.3790333285942308,-0.43898180696302647,-0.005457992677022683,-0.08357860616250817,-0.13794822993246747,-0.18363241291651106,15.0,21.0,25.0,19.0,0.46153846153846156,0.23076923076923078,0.07692307692307693,0.3076923076923077
DPM,Tổng công ty Phân bón và Hóa chất Dầu khí - CTCP,18,SX Nhựa - Hóa chất,2026-09-28,22.65,22.65,22.15,22.3,2032600,True,3767875.0,-0.021929824561403466,0.01780009128251936,0.0420560747663552,-0.17315535780496838,-0.0927583401139137,22.372500000000002,23.69975,False,False,-0.33472553699284013,0.10505450941526262,0.024452414737493378,0.051278547149589904,0.0930474392619729,-0.22249504094788664,-0.1568457731240901,0.013170357312655034,0.04601169863377408,0.08567024862381756,-0.21549166449420276,-0.12653158384586527,-0.014961183446420834,0.03559612139887802,-0.12871091336052398,-0.06678431413988772,15.0,10.0,19.0,16.0,0.44,0.64,0.28,0.4
DPR,CTCP Cao su Đồng Phú,18,SX Nhựa - Hóa chất,2026-09-28,38.15,38.2,37.4,37.5,183600,True,255860.0,0.012145748987854255,-0.024707412223667125,-0.032258064516129004,-0.07862407862407872,-0.025974025974025983,38.25,39.5025,False,False,-0.22680412371134018,0.1160714285714286,0.0585279882867511,0.00877104364340342,0.018733299979488693,-0.12796376176699698,-0.09006145898420237,0.047245930861912755,0.003504195127587595,0.011356109341333354,-0.1209603853133131,-0.059747269705977546,0.019114390102836887,-0.006911382107308461,-0.03417963417963432,0.0,10.0,14.0,16.0,13.0,0.64,0.48,0.4,0.52
DQC,CTCP Tập đoàn Điện Quang,27,Thiết bị điện,2026-09-28,9.75,9.75,9.5,9.5,8800,True,5970.0,0.013874066168623411,-0.019607843137254832,0.03598691384950925,0.07466063348416285,-0.14874551971326166,9.4575,9.6125,True,False,-0.21875,0.15012106537530268,0.060256305467520255,0.013870612729815712,0.08697827834512695,0.025320950341244597,-0.21283295272343805,0.04897424804268191,0.008603764213999887,0.07960108770697161,0.03232432679492847,-0.18251876344521323,0.03296867529164593,0.03073325823739098,0.1450208632930609,0.011343127574695522,2.0,4.0,1.0,4.0,0.875,0.625,1.0,0.625
DRC,CTCP Cao su Đà Nẵng,17,Sản phẩm cao su,2026-09-28,9.95,10.0,9.8,9.8,72000,True,148280.0,-0.039215686274509665,-0.14782608695652166,-0.17299578059071719,-0.23317683881064155,-0.38902743142144636,10.895500000000002,12.2775,False,False,-0.38902743142144636,0.002044989775051187,0.007166553024387179,-0.11434763108945112,-0.12200441609509949,-0.2825165219535598,-0.45311486443162274,-0.004115504400451164,-0.11961447960526694,-0.12938160673325483,-0.27551314549987593,-0.4228006751533979,-0.015556800115623548,-0.04842059915164365,-0.1699367949211642,-0.2900882211932357,4.0,4.0,4.0,4.0,0.25,0.25,0.25,0.25
DRH,CTCP DRH Holdings,3,Bất động sản,2026-09-28,1.68,1.68,1.6,1.62,65700,True,107675.0,-0.05263157894736836,-0.11956521739130432,-0.1562499999999999,-0.352,-0.42553191489361697,1.8019999999999996,2.1422499999999998,False,False,-0.5331412103746398,0.13286713286713292,-0.006249339648471519,-0.08608676152423378,-0.10525863550438219,-0.40133968314291824,-0.48961934790379336,-0.017531397073309862,-0.0913536100400496,-0.11263582614253753,-0.39433630668923436,-0.45930515862556853,0.027709542376834262,0.03721954013972184,-0.10714879546528105,-0.008865248226950229,19.0,27.0,49.0,32.0,0.7,0.5666666666666667,0.2,0.4745762711864407
DRL,CTCP Thủy điện - Điện Lực 3,22,Tiện ích,2026-09-28,42.9,43.0,42.9,43.0,1100,True,7040.0,0.033653846153846034,0.014150943396226356,0.0117647058823529,-0.021615472127417545,-0.14103076308429885,42.36,43.34225,True,False,-0.14103076308429885,0.04878048780487809,0.08003608545274288,0.0476293992632969,0.0627560703779706,-0.0709551552703358,-0.20511819609447524,0.06875402802790453,0.042362550747481076,0.05537887973981526,-0.06395177881665193,-0.1748040068162504,0.0429268207608593,0.031588363234533956,0.009999439784045772,-0.08913735494965647,6.0,11.0,15.0,25.0,0.84375,0.6875,0.5625,0.25
DSC,CTCP Chứng khoán DSC,5,Chứng khoán,2026-09-28,9.96,9.96,9.5,9.5,11300,True,17980.0,-0.12442396313364057,-0.2692307692307693,-0.29104477611940305,-0.2692307692307693,-0.4428152492668622,11.5505,12.689,False,False,-0.4722222222222222,0.0,-0.07804172383474373,-0.23575231336369873,-0.24005341162378535,-0.31857045237368753,-0.5069026822770386,-0.08932378125958207,-0.24101916187951455,-0.2474306022619407,-0.31156707592000366,-0.4765884929988138,-0.019485691528702165,-0.09529775635294557,-0.10422746393127241,-0.09237164977383305,15.0,17.0,17.0,14.0,0.3333333333333333,0.2,0.2,0.23529411764705882
DSE,CTCP Chứng khoán DNSE,5,Chứng khoán,2026-09-28,21.75,21.85,21.6,21.6,316100,True,496445.0,-0.03139013452914796,-0.06290672451193058,-0.06493506493506496,-0.060869565217391286,-0.15459882583170248,22.3225,22.972,False,False,-0.23404255319148926,0.05623471882640607,0.014992104769748882,-0.029428268644860034,-0.01394370043944726,-0.11020924836030954,-0.21868625884187887,0.0037100473449105387,-0.03469511716067586,-0.0213208910776026,-0.10320587190662567,-0.18837206956365404,0.07354813707579044,0.11102628836589312,0.10413374008210557,0.1958447736613267,4.0,6.0,6.0,5.0,0.8571428571428571,0.75,0.75,0.7647058823529411
DSN,CTCP Công viên nước Đầm Sen,25,"Dịch vụ lưu trú, ăn uống, giải trí",2026-09-28,37.05,37.05,37.0,37.0,3600,True,2910.0,0.005434782608695787,-0.010695187165775333,-0.013333333333333308,0.0002703433360367047,-0.09313725490196068,37.1125,37.86625,False,False,-0.11249700167905963,0.07091172214182362,0.05181702190759263,0.022783268701295212,0.03765803116228439,-0.04906933980688155,-0.15722468791213706,0.04053496448275429,0.017516420185479387,0.03028084052412905,-0.04206596335319768,-0.12691049863391224,0.025325043239697143,0.08471328219902236,0.14064816331924218,0.143824352363761,2.0,1.0,1.0,2.0,0.8333333333333334,1.0,1.0,0.8333333333333334
DTA,CTCP Đệ Tam,3,Bất động sản,2026-09-28,3.2,3.29,3.2,3.2,3900,True,10080.0,-0.09859154929577452,-0.10614525139664799,-0.10863509749303613,-0.11111111111111105,-0.29359823399558493,3.4595,3.55525,False,False,-0.3073593073593074,0.0,-0.05220930999687767,-0.07266679552957744,-0.05764373299741843,-0.1604507942540293,-0.3576856670057613,-0.06349136742171602,-0.07793364404539327,-0.06502092363557377,-0.15344741780034543,-0.3273714777275365,-0.018250427971571892,0.050639506134378176,0.13374009342360788,0.1230684326710818,39.0,23.0,16.0,21.0,0.36666666666666664,0.6333333333333333,0.75,0.6610169491525424
DTL,CTCP Đại Thiên Lộc,21,Vật liệu xây dựng,2026-09-21,10.75,10.75,10.75,10.75,500,False,595.0,0.023809523809523725,0.12095933263816483,0.11979166666666674,-0.05701754385964919,-0.08119658119658113,10.456999999999999,11.29225,True,False,-0.36201780415430274,0.15591397849462352,0.07019176310842057,0.15443778850523537,0.17078303116228444,-0.10635722700256744,-0.14528401420675752,0.058909705683582225,0.14917093998941955,0.1634058405241291,-0.09935385054888357,-0.1149698249285327,0.06817460667687913,0.2075097685036692,0.07799517184427285,0.15078117798692364,3.0,1.0,5.0,1.0,0.8888888888888888,1.0,0.7777777777777778,1.0
DTT,CTCP Kỹ nghệ Đô Thành,18,SX Nhựa - Hóa chất,2026-09-25,15.8,15.8,15.8,15.8,100,False,535.0,-0.13186813186813184,0.0006333122229260635,-0.01126408010012514,0.03200522534291306,0.06469002695417791,16.6245,16.68875,False,False,-0.43063063063063056,0.24116260801256884,-0.085485892569235,0.03411176808999661,0.03972728439549256,-0.0173344578000052,0.0006025939440015282,-0.09676794999407334,0.028844919574180783,0.03235009375733722,-0.010331081346321325,0.03091678322222635,-0.12489949075314921,0.018429342339284727,0.07644966978735745,0.0906640529282039,22.0,12.0,9.0,8.0,0.16,0.56,0.68,0.72
DVP,CTCP Đầu tư và Phát triển Cảng Đình Vũ,23,Vận tải - kho bãi,2026-09-28,74.7,74.7,74.1,74.2,6500,True,14160.0,0.0013495276653172628,0.03776223776223775,0.042134831460674205,0.1173016112031322,0.10023724792408073,73.53900000000002,70.15625,True,True,-0.06549118387909325,0.20925684485006535,0.047731766964214106,0.0712406936293083,0.0931261959562919,0.06796192806021395,0.03614981491390434,0.03644970953937576,0.06597384511349247,0.08574900531813656,0.07496530451389782,0.06646400419212917,0.004423298157120503,0.07270400148935918,0.16035444877651783,0.1587926476435758,14.0,7.0,5.0,6.0,0.6285714285714286,0.8285714285714286,0.8857142857142857,0.8571428571428571
DXG,CTCP Bluemarq Group,3,Bất động sản,2026-09-28,10.1,10.15,9.82,9.9,7870200,True,9990050.0,-0.1610169491525424,-0.17842323651452285,-0.18518518518518523,-0.21739130434782605,-0.504752376188094,11.6605,12.52875,False,False,-0.5205811138014527,0.014344262295082011,-0.11463470985364554,-0.1449447806474523,-0.13419382068956753,-0.2667309874907443,-0.5688398091982704,-0.1259167672784839,-0.15021162916326813,-0.14157101132772287,-0.25972761103706044,-0.5385256199200456,-0.08067582782833976,-0.02163847898349669,0.02745990018689287,-0.08808570952142725,56.0,35.0,28.0,41.0,0.08333333333333333,0.43333333333333335,0.55,0.3220338983050847
DXS,CTCP Dịch vụ Bất động sản Đất Xanh,3,Bất động sản,2026-09-28,5.41,5.5,5.24,5.24,998600,True,1775735.0,-0.096551724137931,-0.2546230440967283,-0.2650771388499298,-0.2985274431057563,-0.5857707509881422,6.4315,6.96975,False,False,-0.5890196078431372,0.0,-0.05016948483903416,-0.22114458822965777,-0.2140857743543121,-0.34786712624867455,-0.6498581839983186,-0.061451542263872505,-0.2264114367454736,-0.22146296499246743,-0.3408637497949907,-0.6195439947200938,-0.01621060281372838,-0.09783828656570215,-0.05367623857103737,-0.1691040843214755,37.0,52.0,40.0,52.0,0.4,0.15,0.35,0.13559322033898305
DXV,CTCP VICEM Vật liệu Xây dựng Đà Nẵng,21,Vật liệu xây dựng,2026-09-21,3.2,3.2,3.2,3.2,1600,False,680.0,-0.04761904761904756,-0.1420911528150134,-0.16230366492146586,-0.1466666666666666,-0.19999999999999996,3.6420000000000003,3.7464999999999997,False,False,-0.31034482758620685,0.012658227848101333,-0.0012368083201507174,-0.10861269694794284,-0.11131230042584817,-0.19600634980958487,-0.26408743301017634,-0.01251886574498906,-0.11387954546375867,-0.1186894910640035,-0.189002973355901,-0.23377324373195152,-0.003253964751692151,-0.05554071694950902,-0.011653950962744575,0.03197775918350482,11.0,14.0,11.0,8.0,0.4444444444444444,0.2777777777777778,0.4444444444444444,0.6111111111111112
EIB,Ngân hàng TMCP Xuất nhập khẩu Việt Nam,11,Ngân hàng,2026-09-28,16.7,17.0,16.4,16.45,2683400,True,4020215.0,-0.035190615835777206,-0.1670886075949367,-0.2033898305084746,-0.2573363431151241,-0.3599221789883269,18.6925,20.42,False,False,-0.39963503649635035,0.04113924050632911,0.011191623463119638,-0.13361015172786617,-0.1523984660128569,-0.30667602625804236,-0.4240096119985033,-9.043396171870555e-05,-0.138877000243682,-0.15977565665101223,-0.2996726498043585,-0.39369542272027847,0.0,-0.09190063767012469,-0.29879735002529184,-0.29712484311772747,12.0,20.0,23.0,23.0,0.5217391304347826,0.17391304347826086,0.043478260869565216,0.043478260869565216
ELC,CTCP Công Nghệ - Viễn Thông Elcom,6,Công nghệ và thông tin,2026-09-28,13.2,13.45,12.95,13.0,205100,True,316475.0,-0.054545454545454564,-0.22619047619047628,-0.2419825072886297,-0.2837465564738292,-0.40720474236206106,15.2375,17.885,False,False,-0.5149253731343284,0.031746031746031855,-0.00816321524655772,-0.19271202032340573,-0.190991142793012,-0.33308623961674744,-0.47129217537223744,-0.019445272671396063,-0.19797886883922156,-0.19836833343116733,-0.32608286316306356,-0.4409779860940126,0.003811928811928711,-0.0992122582893572,-0.12057534367777611,-0.1453246000304263,4.0,7.0,7.0,7.0,0.625,0.25,0.25,0.25
EVE,CTCP Everpia,16,SX Hàng gia dụng,2026-09-28,8.3,8.5,8.2,8.2,2500,True,14095.0,-0.05747126436781613,-0.08379888268156421,-0.08379888268156421,-0.13043478260869568,-0.16666666666666674,8.742999999999999,9.05875,False,False,-0.23649906890130357,0.02499999999999991,-0.01108902506891929,-0.05032042681449367,-0.032807518185946516,-0.17977446575161393,-0.23075409967684313,-0.022371082493757632,-0.055587275330309494,-0.040184708824101856,-0.17277108929793006,-0.2004399103986183,-0.027885465551248045,-0.013265967321062666,0.0,-0.029378531073446346,13.0,10.0,9.0,10.0,0.29411764705882354,0.47058823529411764,0.5294117647058824,0.47058823529411764
EVF,Công ty Tài chính Tổng hợp Cổ phần Điện lực,11,Ngân hàng,2026-09-28,11.55,11.75,11.35,11.45,761800,True,1404460.0,-0.07287449392712553,-0.10196078431372557,-0.13257575757575757,-0.1390977443609024,-0.1390977443609024,12.629999999999999,12.72125,False,False,-0.24918032786885247,0.08018867924528306,-0.026492254628228684,-0.06848232844665503,-0.08158439308013987,-0.18843742750382064,-0.20318517737107877,-0.03777431205306703,-0.07374917696247085,-0.08896158371829521,-0.18143405105013677,-0.17287098809285395,-0.03768387809134832,-0.026772814388913546,-0.18055875127107013,-0.07630040849030295,22.0,17.0,20.0,17.0,0.08695652173913043,0.30434782608695654,0.17391304347826086,0.30434782608695654
EVG,CTCP Tập đoàn EverLand,3,Bất động sản,2026-09-28,4.06,4.06,3.8,3.84,201900,True,406545.0,-0.10070257611241207,-0.25436893203883504,-0.26857142857142857,-0.362126245847176,-0.6049382716049383,4.788,5.74775,False,False,-0.6085626911314985,0.010526315789473717,-0.054320336813515224,-0.2208904761717645,-0.21758006407581088,-0.41146592899009427,-0.6690257046151147,-0.06560239423835357,-0.22615732468758032,-0.22495725471396621,-0.4044625525364104,-0.6387115153368899,-0.020361454788209443,-0.09758417450780887,-0.11727504131245708,-0.18827160493827155,41.0,51.0,50.0,55.0,0.3333333333333333,0.16666666666666666,0.18333333333333332,0.0847457627118644
FCM,CTCP Bê tông Phan Vũ Hà Nam,21,Vật liệu xây dựng,2026-09-28,2.84,2.9,2.84,2.9,19000,True,34590.0,-0.05844155844155852,-0.09090909090909094,-0.10769230769230775,-0.07936507936507942,-0.24870466321243523,3.102,3.1805,False,False,-0.262086513994911,0.028368794326241176,-0.012059319142661673,-0.057430635042020395,-0.05670094319669006,-0.12870476250799767,-0.3127920962226116,-0.023341376567500016,-0.06269748355783622,-0.0640781338348454,-0.1217013860543138,-0.2824779069443868,-0.014076475574203107,-0.004358655043586568,0.05564763633884262,-0.016726904028930456,14.0,10.0,6.0,11.0,0.2777777777777778,0.5,0.7222222222222222,0.4444444444444444
FCN,CTCP Tập đoàn FECON,24,Xây dựng,2026-09-28,10.7,10.7,10.35,10.35,276400,True,553955.0,-0.0921052631578948,-0.0921052631578948,-0.1228813559322035,-0.19767441860465118,-0.43565976008724105,11.459999999999997,12.486250000000002,False,False,-0.45180084745762716,0.03915662650602392,-0.04572302385899796,-0.05862680729082426,-0.07188999143658581,-0.24701410174756944,-0.49974719309741744,-0.0570050812838363,-0.06389365580664008,-0.07926718207474115,-0.24001072529388556,-0.4694330038191926,-0.023680094322889922,0.02697885257308813,0.0010743733678777456,-0.2140836097726772,17.0,12.0,13.0,22.0,0.38461538461538464,0.5769230769230769,0.5384615384615384,0.19230769230769232
FDC,CTCP Ngoại thương và Phát triển Đầu tư Thành phố Hồ Chí Minh,3,Bất động sản,2026-09-10,22.65,22.65,22.65,22.65,100,False,420.0,-0.09760956175298818,-0.08669354838709686,0.03899082568807333,0.4068322981366457,0.3402366863905326,21.1175,18.82125,True,True,-0.15642458100558665,0.5950704225352113,-0.05122732245409134,-0.05321509252002632,0.08998219018369102,0.3574926149937274,0.27614925338035623,-0.06250937987892968,-0.058481941035842144,0.08260499954553568,0.3644959914474113,0.30646344265858105,-0.01726844042878556,0.0700912091439293,0.6516835026713645,0.7569033530571994,38.0,19.0,2.0,3.0,0.38333333333333336,0.7,0.9833333333333333,0.9661016949152542
FIR,CTCP Địa ốc First Real,3,Bất động sản,2026-09-28,2.7,2.7,2.53,2.61,66400,True,151960.0,-0.3113456464379948,-0.4811133200795229,-0.4872298624754421,-0.4882352941176471,-0.6801470588235294,4.369000000000001,5.224500000000001,False,False,-0.6892857142857143,0.031620553359683834,-0.26496340713909794,-0.44763486421245235,-0.4362384979798244,-0.5375749772605654,-0.7442344918337058,-0.2762454645639363,-0.4529017127282682,-0.44361568861797973,-0.5305716008068815,-0.713920302555481,-0.23100452511379216,-0.32432856254849673,-0.24338408958292818,-0.2634803921568627,59.0,59.0,59.0,59.0,0.03333333333333333,0.03333333333333333,0.03333333333333333,0.01694915254237288
FIT,CTCP Tập đoàn F.I.T,8,Chăm sóc sức khỏe,2026-09-28,2.88,2.89,2.82,2.84,265700,True,244860.0,-0.050167224080267636,-0.19999999999999996,-0.25459317585301844,-0.3286052009456266,-0.42158859470468435,3.3505000000000003,3.9010000000000007,False,False,-0.5274542429284526,0.010676156583629748,-0.0037849847813707926,-0.1665215441329294,-0.20360181135740074,-0.3779448840885449,-0.48567602771486074,-0.015067042206209136,-0.17178839264874524,-0.21097900199555608,-0.370941507634861,-0.4553618384366359,-0.01470608835735182,-0.14278713350708777,-0.24100788908189646,-0.3353569713303553,8.0,11.0,10.0,11.0,0.4166666666666667,0.16666666666666666,0.25,0.16666666666666666
FMC,CTCP Thực phẩm Sao Ta,20,Chế biến Thủy sản,2026-09-28,32.8,32.8,32.75,32.75,4300,True,8635.0,-0.026745913818722045,-0.04518950437317781,-0.06695156695156701,-0.09704990350151643,-0.07144882336263125,34.2025,35.121500000000005,False,False,-0.24504379898570772,0.013931888544891802,0.0196363254801748,-0.011711048506107269,-0.015960202455949313,-0.1463895866444347,-0.13553625637280764,0.008354268055336456,-0.016977897021923094,-0.023337393094104653,-0.13938621019075081,-0.10522206709458282,0.04685952835814872,0.09411895163503847,0.04491574327548703,0.23886069605231336,3.0,3.0,2.0,2.0,0.8,0.8,0.9,0.9
FPT,CTCP FPT,6,Công nghệ và thông tin,2026-09-28,64.7,64.8,63.0,63.2,3330300,True,6037760.0,-0.0453172205438066,-0.015576323987538943,-0.03878326996197712,-0.04790599578186194,-0.2698706099815157,64.497,70.68475000000001,False,False,-0.3517948717948718,0.1301859799713878,0.0010650187550902412,0.017902131879531602,0.012208094533640579,-0.0972456789247802,-0.3339580429916921,-0.010217038669748102,0.012635283363715777,0.004830903895485239,-0.09024230247109633,-0.30364385371346725,0.013040162813576672,0.11140189391358013,0.11526521701419112,-0.007990467649880928,2.0,2.0,2.0,5.0,0.875,0.875,0.875,0.5
FRT,CTCP Bán lẻ Kỹ thuật số FPT,7,Bán lẻ,2026-09-28,141.6,141.6,137.0,139.7,238100,True,452855.0,-0.021023125437981793,0.22651448639157135,0.16029900332225888,-0.03502106790080828,0.12834181406994571,127.898,136.63524999999998,True,True,-0.18962816868727883,0.39421157684630725,0.02535911386091505,0.2599929422586419,0.21129036781787658,-0.08436075104372653,0.06425438105976933,0.014077056436076707,0.25472609374282607,0.20391317717972124,-0.07735737459004266,0.09456857033799415,0.01821454272345313,0.2769382152051306,0.02078352342664508,0.19088574269761804,5.0,1.0,6.0,1.0,0.6923076923076923,1.0,0.5833333333333334,1.0
FTS,CTCP Chứng khoán FPT,5,Chứng khoán,2026-09-28,20.2,20.2,19.25,19.3,563000,True,642130.0,-0.14031180400890864,-0.2811918063314711,-0.3107142857142857,-0.21480878763222122,-0.40797546012269936,23.175000000000004,24.80775,False,False,-0.42232864411852733,0.0025974025974027093,-0.09392956471001179,-0.24771335046440057,-0.259722921218668,-0.2641484707751395,-0.47206289313287575,-0.10521162213485014,-0.2529801989802164,-0.26710011185682336,-0.2571450943214556,-0.4417487038546509,-0.03537353240397023,-0.10725879345364742,-0.04980548233272436,-0.057531860629670195,17.0,18.0,14.0,13.0,0.23809523809523808,0.15,0.35,0.29411764705882354
GAS,Tổng Công ty Khí Việt Nam - CTCP,22,Tiện ích,2026-09-28,81.8,81.8,80.3,80.6,461500,True,1616830.0,-0.012617910082077688,0.10290093048713733,0.1013938234490297,0.04067140090380872,0.34872824631860766,77.84349999999999,82.8515,True,False,-0.36927772126144465,0.4810731348768833,0.033764329216819156,0.13637938635420788,0.1523851879446474,-0.008668282239109537,0.2846408133084313,0.022482271791980812,0.13111253783839205,0.14500799730649205,-0.0016649057854256633,0.3149550025866561,-0.0033449354750644256,0.12033835032544493,0.07228631281527204,0.40062165445325004,18.0,4.0,8.0,4.0,0.46875,0.90625,0.78125,0.90625
GDT,CTCP Chế biến Gỗ Đức Thành,16,SX Hàng gia dụng,2026-09-28,15.85,15.85,15.75,15.8,2200,True,11970.0,-0.0062893081761006275,-0.059523809523809534,-0.059523809523809534,-0.08192911098198719,-0.12947658402203843,16.092500000000005,16.8245,False,False,-0.1477885652642933,0.03267973856209161,0.040092931122796216,-0.02604535365673899,-0.008532445028191837,-0.13126879412490544,-0.19356401703221482,0.028810873697957873,-0.031312202172554815,-0.015909635666347177,-0.12426541767122157,-0.16324982775399,0.02329649064046746,0.011009105836692012,0.04850567162670849,0.007811551571181963,7.0,8.0,8.0,8.0,0.6470588235294118,0.5882352941176471,0.5882352941176471,0.5882352941176471
GEE,CTCP Điện lực Gelex,27,Thiết bị điện,2026-09-28,75.5,75.5,70.3,70.5,1001800,True,1563030.0,0.1279999999999999,-0.11985018726591756,-0.20068027210884354,-0.36181768806010683,0.13416988416988418,78.569,92.93575,False,False,-0.4882032667876588,0.24668435013262613,0.17438223929889674,-0.08637173139884702,-0.14968890761322584,-0.4111573712030251,0.07008245115970779,0.1631001818740584,-0.09163857991466284,-0.15706609825138118,-0.4041539947493412,0.10039664043793262,0.1470946091230224,-0.06950908589127175,-0.2914574582512088,0.29425853145784137,1.0,7.0,7.0,2.0,1.0,0.25,0.25,0.875
GEG,CTCP Điện Gia Lai,22,Tiện ích,2026-09-28,12.05,12.1,11.9,11.95,127700,True,151365.0,-0.07003891050583666,-0.09469696969696972,-0.12773722627737227,-0.20860927152317887,-0.23002577319587636,12.797499999999998,13.607249999999999,False,False,-0.2809867629362215,0.02136752136752129,-0.023656671206939817,-0.06121851382989918,-0.07674586178175458,-0.25794895466609713,-0.29411320620605275,-0.03493872863177816,-0.066485362345715,-0.08412305241990992,-0.25094557821241326,-0.2637990169278279,-0.0607659358988234,-0.07725954985866212,-0.17699435961171556,-0.17813236506123398,30.0,28.0,32.0,31.0,0.09375,0.15625,0.03125,0.0625
GEL,CTCP Hạ tầng GELEX,1,Bán buôn,2026-09-28,29.5,29.5,28.3,28.5,870800,True,1752510.0,-0.015544041450777146,-0.020618556701030966,-0.0836012861736335,-0.18454935622317603,,29.434999999999995,,False,False,-0.33098591549295775,0.2808988764044944,0.030838197848119697,0.012859899166039579,-0.032609921678015796,-0.2338890393660943,,0.019556140423281354,0.007593050650223754,-0.039987112316171136,-0.2268856629124104,,0.04147350240887193,0.0690366157127622,-0.013120784794604545,,7.0,8.0,13.0,,0.7391304347826086,0.6956521739130435,0.4782608695652174,
GEX,CTCP Tập đoàn GELEX,27,Thiết bị điện,2026-09-28,24.05,24.15,23.4,23.5,3771700,True,8439695.0,-0.09441233140655103,-0.11654135338345872,-0.23076923076923084,-0.03451109285127363,-0.35704514363885087,26.835,26.967750000000002,False,False,-0.48123620309050774,0.19289340101522856,-0.04803009210765419,-0.08306289751638818,-0.17977786627361314,-0.08385077599419188,-0.42113257664902726,-0.05931214953249253,-0.088329746032204,-0.18715505691176848,-0.07684739954050801,-0.39081838737080243,-0.07531772228352851,-0.06620025200881291,0.03584913695762443,-0.19695649635089368,8.0,6.0,3.0,7.0,0.125,0.375,0.75,0.25
GHC,CTCP Thủy điện Gia Lai,22,Tiện ích,2026-09-28,24.0,24.0,23.55,24.0,3500,True,4860.0,0.016949152542372836,-0.06614785992217898,-0.07692307692307687,-0.13669064748201443,-0.1573033707865169,24.992499999999996,26.5625,False,False,-0.21311475409836067,0.04347826086956519,0.06333139184126968,-0.03266940405510843,-0.025931712427459175,-0.18603033062493268,-0.2213908037966933,0.052049334416431337,-0.037936252570924256,-0.033308903065614515,-0.1790269541712488,-0.19107661451846847,0.0262221271493861,-0.048710440083871376,-0.10507573557055111,-0.10540996265187452,7.0,24.0,28.0,27.0,0.8125,0.28125,0.15625,0.1875
GIL,CTCP Sản xuất Kinh doanh và Xuất nhập khẩu Bình Thạnh,16,SX Hàng gia dụng,2026-09-28,8.12,8.12,7.85,7.9,120200,True,165930.0,0.025974025974025983,-0.2582159624413145,-0.316017316017316,-0.40823970037453183,-0.5706521739130435,9.3485,11.593,False,False,-0.5659340659340659,0.23244929797191882,0.07235626527292283,-0.22473750657424396,-0.2650259515216983,-0.4575793835174501,-0.6347396069232198,0.06107420784808448,-0.2300043550900598,-0.2724031421598536,-0.4505760070637662,-0.604425417644995,0.05555982479059407,-0.18768304708081296,-0.27780491776583616,-0.43336403831982306,2.0,16.0,17.0,17.0,0.9411764705882353,0.11764705882352941,0.058823529411764705,0.058823529411764705
GMD,CTCP Tập đoàn Gemadept,23,Vận tải - kho bãi,2026-09-28,77.8,79.0,77.5,77.5,376600,True,686840.0,0.0012919896640826156,0.02921646746347939,0.014397905759162333,0.12809315866084425,0.13937077330197,76.225,73.404,True,True,-0.10888812234103717,0.40170012660517274,0.04767422896297946,0.06269492333054993,0.06538927025478003,0.078753475517926,0.07528334029179362,0.036392171538141116,0.05742807481473411,0.05801207961662469,0.08575685197160987,0.10559752957001844,0.004365760155885856,0.06415823119060082,0.17114599623422988,0.1979261730214651,15.0,8.0,4.0,4.0,0.6,0.8,0.9142857142857143,0.9142857142857143
GMH,CTCP Minh Hưng Quảng Trị,21,Vật liệu xây dựng,2026-09-28,6.36,6.7,6.36,6.7,1200,True,510.0,-0.03735632183908044,-0.0821917808219178,-0.10666666666666669,-0.11258278145695355,-0.14649681528662417,7.1205,7.2067499999999995,False,False,-0.15404040404040398,0.05345911949685522,0.009025917459816402,-0.04871332495484726,-0.05567530217104899,-0.1619224645998718,-0.21058424829680056,-0.0022561399650219416,-0.053980173470663084,-0.06305249280920433,-0.15491908814618793,-0.18027005901857573,0.007008761028274968,0.004358655043586568,0.022429934246968486,0.0854809438968806,8.0,9.0,8.0,5.0,0.6111111111111112,0.5555555555555556,0.6111111111111112,0.7777777777777778
GSP,CTCP Vận tải Sản Phẩm Khí Quốc tế,23,Vận tải - kho bãi,2026-09-28,9.78,9.83,9.5,9.78,22400,True,25690.0,0.006172839506172645,-0.0170854271356784,-0.0307234886025769,-0.04305283757338563,-0.05140640155189147,9.941500000000001,10.1095,False,False,-0.23113207547169823,0.065359477124183,0.05255507880506949,0.016393028731392145,0.0202678758930408,-0.09239252071630388,-0.11549383456206785,0.041273021380231145,0.01112618021557632,0.012890685254885459,-0.08538914426262001,-0.08517964528384303,0.009246609997975885,0.017856336591443034,0.0,0.007148998167603615,11.0,13.0,18.0,16.0,0.7142857142857143,0.6571428571428571,0.5142857142857142,0.5714285714285714
GTA,CTCP Chế biến gỗ Thuận An,26,SX Phụ trợ,2026-09-24,8.0,8.0,7.85,7.85,1300,False,1605.0,0.09179415855354645,-0.11599099099099108,-0.05421686746987964,-0.19897959183673475,-0.17455310199789698,8.378,8.951,False,False,-0.25592417061611383,0.2519936204146731,0.1381763978524433,-0.08251253512392054,-0.00322550297426194,-0.248319274979653,-0.23864053500807336,0.12689434042760495,-0.08777938363973636,-0.01060269361241728,-0.24131589852596913,-0.20832634572984854,0.1059284341719211,-0.12031999531999538,-0.16750259425804226,-0.15545587977567477,2.0,16.0,16.0,15.0,0.9473684210526315,0.21052631578947367,0.21052631578947367,0.2631578947368421
GVR,Tập đoàn Công nghiệp Cao su Việt Nam - CTCP,18,SX Nhựa - Hóa chất,2026-09-28,32.9,32.95,31.85,32.15,1684900,True,2206015.0,0.02063492063492056,0.05065359477124165,-0.010769230769230864,0.0031201248049923525,0.14412811387900337,31.87749999999999,33.08,True,False,-0.3086021505376344,0.33071192052980125,0.0670171599338174,0.0841320506383122,0.04022213372638683,-0.0462195583379259,0.08004068086882699,0.05573510250897906,0.07886520212249637,0.03284494308823149,-0.03921618188424203,0.11035487014705181,0.027603561749903194,0.06844962488760031,0.04756456924943675,0.17010213985302935,8.0,6.0,11.0,5.0,0.72,0.8,0.6,0.84
HAG,CTCP Hoàng Anh Gia Lai,12,Nông - Lâm - Ngư,2026-09-28,13.95,14.0,13.75,13.8,763000,True,1508690.0,-0.014285714285714235,-0.058020477815699634,-0.0738255033557047,-0.13479623824451403,-0.13207547169811318,14.4725,15.482499999999998,False,False,-0.2831168831168831,0.04150943396226414,0.03209652501318261,-0.02454202194862909,-0.022834138860087005,-0.1841359213874323,-0.19616290470828956,0.020814467588344265,-0.029808870464444914,-0.030211329498242345,-0.17713254493374841,-0.16584871543006474,0.027135266728994523,0.054978225149053594,0.0,0.08935793778240131,2.0,2.0,3.0,1.0,0.8333333333333334,0.8333333333333334,0.6,1.0
HAH,CTCP Vận tải và Xếp dỡ Hải An,23,Vận tải - kho bãi,2026-09-28,52.0,52.2,51.3,51.6,1204900,True,833020.0,0.09322033898305082,0.04305639781685877,0.03489771359807459,-0.0162059103908484,-0.02346707040121121,48.96000000000001,51.971500000000006,True,False,-0.25087108013937276,0.20279720279720292,0.13960257828194766,0.07653485368392932,0.08588907809369228,-0.06554559353376666,-0.0875545034113876,0.12832052085710932,0.07126800516811349,0.07851188745553694,-0.05854221708008278,-0.05724031413316277,0.09629410947485406,0.0779981615439802,0.026846927182537228,0.03508832931828387,5.0,5.0,14.0,13.0,0.8857142857142857,0.8857142857142857,0.6285714285714286,0.6571428571428571
HAP,CTCP Tập đoàn Hapaco,26,SX Phụ trợ,2026-09-25,7.28,7.28,7.28,7.28,100,False,69885.0,-0.025435073627844695,0.0414878397711016,0.05660377358490565,-0.06666666666666665,0.14645669291338592,7.0760000000000005,7.2625,True,True,-0.10123456790123453,0.2616984402079725,0.020947165671052148,0.07496629563817214,0.10759513808052334,-0.11600634980958491,0.08236925990320954,0.009665108246213805,0.06969944712235632,0.100217947442368,-0.10900297335590103,0.11268344918143436,-0.011300798009470037,0.037158835442097304,-0.03518966908797416,0.16555391513560813,11.0,5.0,12.0,6.0,0.47368421052631576,0.7894736842105263,0.42105263157894735,0.7368421052631579
HAR,CTCP Đầu tư Thương mại Bất động sản An Dương Thảo Điền,3,Bất động sản,2026-09-28,2.42,2.42,2.38,2.39,20200,True,54110.0,-0.05905511811023623,-0.25312500000000004,-0.25312500000000004,-0.2928994082840236,-0.5276679841897233,2.9259999999999997,3.2462500000000007,False,False,-0.5276679841897233,0.017021276595744705,-0.012672878811339383,-0.2196465441329295,-0.20213363550438235,-0.34223909142694187,-0.5917554171998997,-0.023954936236177726,-0.22491339264874532,-0.2095108261425377,-0.335235714973258,-0.5614412279216748,0.021286003213966398,-0.09634024246897388,-0.048048203749304685,-0.11100131752305653,20.0,50.0,38.0,47.0,0.6833333333333333,0.18333333333333332,0.38333333333333336,0.22033898305084745
HAS,CTCP Hacisco,24,Xây dựng,2026-09-28,9.99,9.99,9.98,9.98,5500,True,2415.0,-0.03574879227053129,0.27784891165172865,0.2860824742268042,0.23209876543209895,0.12768361581920917,9.068499999999998,8.54925,True,True,-0.12456140350877187,0.388038942976356,0.01063344702836555,0.3113273675187992,0.3370738387224219,0.1827590822891807,0.06359618280903279,-0.000648610396472793,0.30606051900298337,0.3296966480842666,0.18976245874286457,0.09391037208725761,0.032676376564473586,0.3969330273827116,0.4308475574046279,0.349259766133773,9.0,1.0,1.0,5.0,0.6923076923076923,1.0,1.0,0.8461538461538461
HAX,CTCP Dịch vụ Ô tô Hàng Xanh,7,Bán lẻ,2026-09-28,8.7,8.73,8.5,8.57,29800,True,85120.0,-0.039237668161434924,-0.09312169312169305,-0.11375387797311265,-0.17990430622009557,-0.3144,9.193499999999998,9.918000000000001,False,False,-0.3278431372549019,0.06459627329192541,0.007144571137461919,-0.059643237254622505,-0.06276251347749495,-0.22924398936301382,-0.3784874330101764,-0.004137486287376424,-0.06491008577043833,-0.07013970411565029,-0.22224061290932995,-0.3481732437319516,0.0,-0.04269796430813377,-0.12409971489264221,-0.2518560713723277,7.0,10.0,10.0,11.0,0.5384615384615384,0.25,0.25,0.16666666666666666
HCD,CTCP Đầu tư Sản xuất và Thương mại HCD,18,SX Nhựa - Hóa chất,2026-09-28,6.19,6.19,6.0,6.07,17000,True,39375.0,-0.041074249605055235,-0.09267563527653211,-0.10603829160530187,-0.02254428341384862,-0.08308157099697877,6.507,6.3955,False,False,-0.151048951048951,0.14312617702448227,0.005307989693841608,-0.059197179409461564,-0.055046927109684174,-0.07188396655676688,-0.14716900400715516,-0.005974067730996735,-0.06446402792527739,-0.062424117747839514,-0.064880590103083,-0.11685481472893033,-0.0341056084900726,-0.07487960516017345,0.021900161030595777,-0.05710754502295279,17.0,21.0,12.0,15.0,0.36,0.2,0.56,0.44
HCM,CTCP Chứng khoán Thành phố Hồ Chí Minh,5,Chứng khoán,2026-09-28,24.9,25.0,23.65,23.95,3650400,True,3339675.0,-0.09280303030303028,-0.0016673614005835447,-0.028003246753246835,0.14923224568138194,0.07302867383512535,24.8125,22.836000000000002,False,True,-0.1243144424131628,0.45327669902912615,-0.04642079100413343,0.031811094466487,0.02298811774237086,0.09989256253846368,0.00894124082494896,-0.057702848428971776,0.026544245950671175,0.015610927104215522,0.10689593899214755,0.03925543010317378,0.012135241301908128,0.17226565147724016,0.3142355509808788,0.4234722733281545,10.0,2.0,2.0,1.0,0.5714285714285714,0.95,0.95,1.0
HDB,Ngân hàng TMCP Phát triển Thành phố Hồ Chí Minh,11,Ngân hàng,2026-09-28,27.9,27.9,27.25,27.3,6576600,True,10834120.0,0.003676470588235281,0.011111111111111072,0.012987012987013102,0.06640625,0.17419354838709689,26.497500000000002,26.807500000000005,True,True,-0.08999999999999997,0.21875,0.050058709887132125,0.044589566978181616,0.0639783774826308,0.017066566857081744,0.1101061153769205,0.03877665246229378,0.03932271846236579,0.05660118684447546,0.024069943310765618,0.14042030465514532,0.03886708642401249,0.0862990810359231,0.02494524308983226,0.23699088425769632,6.0,5.0,10.0,3.0,0.782608695652174,0.8260869565217391,0.6086956521739131,0.9130434782608695
HDC,CTCP Phát triển Nhà Bà Rịa - Vũng Tàu,3,Bất động sản,2026-09-28,11.25,11.25,10.5,10.5,970400,True,876695.0,-0.10256410256410253,-0.2832764505119454,-0.2976588628762541,-0.3474207582349286,-0.635036496350365,13.1035,15.221,False,False,-0.6802679658952497,0.009615384615384581,-0.05618186326520569,-0.24979799464487484,-0.2466674983806364,-0.39676044137784683,-0.6991239293605414,-0.06746392069004403,-0.25506484316069067,-0.25404468901879174,-0.38975706492416295,-0.6688097400823165,-0.022222981239899908,-0.12649169298091922,-0.10256955370020965,-0.21836982968369822,42.0,56.0,47.0,57.0,0.31666666666666665,0.08333333333333333,0.23333333333333334,0.05084745762711865
HDG,CTCP Tập đoàn Hà Đô,3,Bất động sản,2026-09-28,15.85,15.9,15.25,15.25,773400,True,1109530.0,-0.12857142857142856,-0.19312169312169303,-0.23750000000000004,-0.42191053828658076,-0.49785972999670725,18.0745,21.293,False,False,-0.5309135650569055,0.00328947368421062,-0.08218918927253172,-0.15964323725462248,-0.18650863550438235,-0.471250221429499,-0.5619471630068836,-0.09347124669737006,-0.1649100857704383,-0.1938858261425377,-0.46424684497581514,-0.5316329737286588,-0.048230307247225934,-0.03633693559066686,-0.17705933375186184,-0.0811930633300405,49.0,36.0,57.0,39.0,0.2,0.4166666666666667,0.06666666666666667,0.3559322033898305
HHP,CTCP HHP Global,26,SX Phụ trợ,2026-09-28,17.7,17.85,17.6,17.65,1008700,True,1069845.0,0.07951070336391419,0.29874908020603375,0.30740740740740735,0.5428321678321677,0.9019396551724137,14.893499999999998,13.556000000000001,True,True,-0.011204481792717269,1.024082568807339,0.12589294266281104,0.3322275360731043,0.35839877190302505,0.49349248468924944,0.8378522221622373,0.11461088523797269,0.32696068755728847,0.3510215812648697,0.5004958611429333,0.8681664114404621,0.09364497898228885,0.29442007587702945,0.5743091654108602,0.9210368773946359,3.0,1.0,1.0,1.0,0.8947368421052632,1.0,1.0,1.0
HHS,CTCP Đầu tư Dịch vụ Hoàng Huy,1,Bán buôn,2026-09-28,9.59,9.59,9.2,9.2,731800,True,961905.0,-0.15207373271889402,-0.14418604651162792,-0.17488789237668168,-0.31086142322097376,-0.49030470914127433,10.5575,11.4025,False,False,-0.5445544554455446,0.04190260475651186,-0.10569149341999717,-0.11070759064455737,-0.12389652788106398,-0.360201106363892,-0.5543921421514507,-0.11697355084483552,-0.1159744391603732,-0.13127371851921932,-0.35319772991020815,-0.5240779528732259,-0.09505618885924494,-0.05453087409783475,-0.13943285179240228,-0.2144821665691713,22.0,16.0,19.0,18.0,0.08695652173913043,0.34782608695652173,0.21739130434782608,0.22727272727272727
HHV,CTCP Đầu tư Hạ tầng Giao thông Đèo Cả,24,Xây dựng,2026-09-28,9.12,9.18,8.9,8.9,1800100,True,2104400.0,-0.10821643286573146,-0.16822429906542047,-0.17132216014897572,-0.21029281277728473,-0.4232015554115359,10.233,11.02175,False,False,-0.4482331060136391,0.0,-0.06183419356683462,-0.13474584319834992,-0.12033079565335802,-0.259632495920203,-0.4872889884217123,-0.07311625099167296,-0.14001269171416575,-0.12770798629151336,-0.2526291194665191,-0.4569747991434875,-0.03979126403072658,-0.04914018333443754,-0.011544020804755806,-0.20162540509697208,20.0,20.0,15.0,21.0,0.2692307692307692,0.2692307692307692,0.46153846153846156,0.23076923076923078
HID,CTCP Halcom Việt Nam,22,Tiện ích,2026-09-28,5.0,5.12,4.79,4.79,503600,True,1052120.0,0.4298507462686567,0.1769041769041768,0.1542168674698794,0.006302521008403339,0.5206349206349208,4.0375000000000005,4.555750000000001,True,True,-0.5974789915966386,0.5352564102564101,0.47623298556755356,0.21038263277124736,0.2052082319654971,-0.04303716213451492,0.4565474876247444,0.4649509281427152,0.20511578425543153,0.19783104132734175,-0.03603378568083104,0.4868616769029692,0.43912372087567,0.1943415967424844,0.037917432919866656,0.5725283287695632,1.0,2.0,10.0,3.0,1.0,0.96875,0.71875,0.9375
HII,CTCP An Tiến Industries,18,SX Nhựa - Hóa chất,2026-09-28,10.45,10.45,9.86,9.9,547400,True,790355.0,0.11111111111111116,0.7247386759581882,0.6923076923076925,0.9681908548707754,1.1663019693654268,7.511500000000001,6.4365000000000006,True,True,-0.1610169491525424,1.3185011709601877,0.157493350410008,0.7582171318252587,0.7432990568033102,0.9188511717278571,1.1022145363552505,0.14621129298516966,0.7529502833094429,0.7359218661651549,0.925854548181541,1.1325287256334753,0.11807975222609379,0.7425347060745469,1.0126352993152197,1.1922759953394528,3.0,1.0,1.0,1.0,0.92,1.0,1.0,1.0
HMC,CTCP Kim khí Thành phố Hồ Chí Minh - VNSTEEL,1,Bán buôn,2026-09-24,10.6,10.75,10.55,10.7,18600,False,5900.0,-0.0046511627906977715,0.00943396226415083,0.00943396226415083,0.00093545369504211,-0.03690369036903696,10.7295,10.7345,False,False,-0.06386701662292216,0.07537688442211055,0.04173107650819907,0.042912418131221375,0.06042532675976853,-0.048404229447876146,-0.10099112337921334,0.03044901908336073,0.03764556961540555,0.05304813612161319,-0.04140085299419227,-0.07067693410098852,0.052366381068951307,0.099089134677944,0.1723640251236136,0.23891885220306608,5.0,5.0,6.0,6.0,0.8260869565217391,0.8260869565217391,0.782608695652174,0.7727272727272727
HNA,CTCP Thủy điện Hủa Na,22,Tiện ích,2026-09-28,21.3,21.3,21.2,21.2,2300,True,1305.0,-0.02752293577981657,-0.016241299303944357,-0.07625272331154687,-0.04932735426008972,-0.1148225469728601,21.9875,22.21375,False,False,-0.12033195020746901,0.05472636815920384,0.018859303519080273,0.017237156563126188,-0.02526135881592917,-0.09866703740300797,-0.17890997998303648,0.0075772460942419295,0.011970308047310363,-0.03263854945408451,-0.0916636609493241,-0.14859579070481166,-0.01824996117280331,0.001196120534363243,-0.0177124423486264,-0.06292913883821771,22.0,16.0,19.0,22.0,0.34375,0.53125,0.4375,0.34375
HPA,CTCP Phát triển Nông nghiệp Hòa Phát,12,Nông - Lâm - Ngư,2026-09-28,26.6,27.1,26.25,26.3,54900,True,60905.0,-0.06737588652482263,-0.21257485029940115,-0.22074074074074068,-0.27368130350731845,,30.867499999999996,,False,False,-0.3817583450869769,0.0019047619047618536,-0.020993647225925782,-0.1790963944323306,-0.16974937624512298,-0.3230209866502367,,-0.032275704650764125,-0.18436324294814643,-0.17712656688327832,-0.31601761019655283,,-0.025954905510113868,-0.09957614733464792,-0.13888506526280442,,5.0,6.0,5.0,,0.3333333333333333,0.16666666666666666,0.2,
HPG,CTCP Tập đoàn Hòa Phát,21,Vật liệu xây dựng,2026-09-28,20.75,20.8,20.4,20.4,10463000,True,17035300.0,-0.05990783410138256,-0.11111111111111116,-0.12258064516129041,-0.14249684741488022,-0.19937205651491374,22.259999999999998,23.23775,False,False,-0.2319277108433735,0.01492537313432818,-0.013525594802485719,-0.07763265524404062,-0.07158928066567272,-0.19183653055779848,-0.26345948952509013,-0.024807652227324062,-0.08289950375985644,-0.07896647130382806,-0.1848331541041146,-0.2331453002468653,-0.015542751234027152,-0.02456067524560679,-0.007484131710958186,0.03260570266859103,15.0,12.0,10.0,7.0,0.2222222222222222,0.3888888888888889,0.5,0.6666666666666666
HPX,CTCP Đầu tư Hải Phát,3,Bất động sản,2026-09-28,4.05,4.08,3.98,3.98,367400,True,741615.0,-0.036319612590798966,-0.1116071428571429,-0.05463182897862229,-0.16033755274261607,-0.25468164794007486,4.2275,4.569,False,False,-0.2815884476534296,0.01790281329923271,0.010062626708097877,-0.07812868699007236,-0.0036404644830045907,-0.20967723588553433,-0.31876908095025125,-0.001219430716740466,-0.08339553550588819,-0.01101765512115993,-0.20267385943185046,-0.2884548916720264,0.04402150873340366,0.04517761467388326,0.08451365179210285,0.16198501872659188,14.0,24.0,21.0,20.0,0.7833333333333333,0.6166666666666667,0.6666666666666666,0.6779661016949152
HQC,CTCP Tư vấn Thương mại Dịch vụ Địa Ốc Hoàng Quân,3,Bất động sản,2026-09-28,1.9,1.91,1.85,1.87,1252200,True,2411155.0,-0.1342592592592593,-0.24899598393574296,-0.252,-0.26953125,-0.5052910052910052,2.2720000000000002,2.4915,False,False,-0.5091863517060367,0.03314917127071837,-0.08787701996036246,-0.21551752806867241,-0.2010086355043823,-0.31887093314291826,-0.5693784383011816,-0.0991590773852008,-0.22078437658448824,-0.20838582614253764,-0.3118675566892344,-0.5390642490229568,-0.053918137935056676,-0.0922112264047168,-0.024680045465281075,-0.0886243386243385,52.0,49.0,34.0,42.0,0.15,0.2,0.45,0.3050847457627119
HRC,CTCP Cao su Hòa Bình,18,SX Nhựa - Hóa chất,2026-09-28,28.95,28.95,28.9,28.9,1000,True,1040.0,-0.09968847352024934,-0.24146981627296593,-0.25897435897435905,-0.386411889596603,-0.10248447204968958,36.749999999999986,40.32000000000001,False,False,-0.7144268774703557,0.1966873706004142,-0.0533062342213525,-0.2079913604058954,-0.20798299447874136,-0.43575157273952125,-0.16657190505986597,-0.06458829164619084,-0.2132582089217112,-0.2153601851168967,-0.4287481962858374,-0.13625771578164114,-0.09271983240526671,-0.22367378615660727,-0.3419674451521586,-0.0765104460756636,21.0,25.0,25.0,18.0,0.2,0.04,0.04,0.32
HSG,CTCP Tập đoàn Hoa Sen,21,Vật liệu xây dựng,2026-09-28,10.0,10.05,9.92,9.92,1902800,True,2225790.0,-0.0641509433962264,-0.1259911894273128,-0.1411255411255412,-0.12752858399296385,-0.33243606998654107,11.0785,11.5275,False,False,-0.3395472703062583,0.022680412371134162,-0.017768704097329557,-0.09251273356024226,-0.09013417662992351,-0.1768682671358821,-0.39652350299671746,-0.0290507615221679,-0.09777958207605808,-0.09751136726807885,-0.16986489068219823,-0.36620931371849264,-0.01978586052887099,-0.03944075356180843,0.007484131710958186,-0.1004583108030363,16.0,13.0,9.0,13.0,0.16666666666666666,0.3333333333333333,0.5555555555555556,0.3333333333333333
HSL,CTCP Đầu tư Phát triển Thực phẩm Hồng Hà,12,Nông - Lâm - Ngư,2026-09-28,8.9,9.07,8.8,8.81,30000,True,329185.0,-0.13201970443349753,-0.11457286432160796,0.13239074550128538,0.762,-0.2688796680497926,8.1485,7.0785,True,True,-0.2895161290322581,0.8744680851063831,-0.08563746513460069,-0.08109440845453741,0.18338210999690308,0.7126603168570818,-0.33296710105996896,-0.09691952255943903,-0.08636125697035324,0.17600491935874774,0.7196636933107656,-0.30265291178174414,-0.09059872341878877,-0.0015741613568547308,0.896796238244514,-0.04744625856927809,6.0,4.0,1.0,3.0,0.16666666666666666,0.5,1.0,0.5
HT1,CTCP Xi Măng Vicem Hà Tiên,21,Vật liệu xây dựng,2026-09-28,11.95,12.15,11.9,11.9,151100,True,256125.0,-0.04799999999999993,-0.09160305343511443,-0.10861423220973776,-0.20401337792642138,-0.32577903682719545,12.845000000000002,14.232499999999998,False,False,-0.43333333333333335,0.039301310043668325,-0.0016177607011030881,-0.05812459756804389,-0.05762286771412006,-0.25335306106933964,-0.38986646983737183,-0.012899818125941431,-0.06339144608385971,-0.0650000583522754,-0.24634968461565576,-0.359552280559147,-0.0036349171326445218,-0.005052617569610063,-0.06900066222249934,-0.09380127764369067,12.0,11.0,13.0,12.0,0.3888888888888889,0.4444444444444444,0.3333333333333333,0.3888888888888889
HTG,Tổng Công ty cổ phần Dệt may Hòa Thọ,16,SX Hàng gia dụng,2026-09-28,33.4,33.4,33.4,33.4,100,True,3690.0,-0.005952380952381042,-0.0332850940665701,-0.03801843317972353,-0.025102159953298342,-0.06703910614525133,33.848499999999994,34.5505,False,False,-0.12884715701617122,0.018292682926829285,0.0404298583465158,0.0001933618005004467,0.012972931315894165,-0.0744418430962166,-0.1311265391554277,0.029147800921677458,-0.005073486715315378,0.005595740677738825,-0.06743846664253272,-0.10081234987720289,0.023633417864187045,0.03724782129393145,0.10533262265539733,0.07024902944796907,6.0,7.0,6.0,5.0,0.7058823529411765,0.6470588235294118,0.7058823529411765,0.7647058823529411
HTI,CTCP Đầu tư Phát triển Hạ tầng IDICO,24,Xây dựng,2026-09-28,18.1,18.15,18.1,18.1,2600,True,14035.0,-0.03208556149732611,-0.05235602094240832,-0.06940874035989708,-0.19982316534040667,-0.16087158089939724,19.3085,20.9395,False,False,-0.2943469785575048,0.016853932584269593,0.014296677801570734,-0.018877565075337777,-0.018417375864279384,-0.24916284848332493,-0.22495901390957362,0.003014620376732391,-0.024144413591153602,-0.025794566502434724,-0.24215947202964105,-0.1946448246313488,0.03633960733767877,0.06672809478857461,-0.0010743733678777456,0.06070456941516661,8.0,10.0,14.0,11.0,0.7307692307692307,0.6538461538461539,0.5,0.6153846153846154
HTL,CTCP Kỹ thuật và Ô tô Trường Long,1,Bán buôn,2026-09-28,19.9,19.9,19.9,19.9,400,True,3040.0,0.019467213114753967,0.014788373278939337,0.03645833333333326,-0.0079760717846461,-0.09545454545454557,19.394999999999996,20.072499999999998,True,False,-0.15427114322141955,0.09100877192982448,0.06584945241365081,0.04826682914600988,0.08744969782895096,-0.057315754927564355,-0.15954197846472196,0.05456739498881247,0.04299998063019406,0.08007250719079562,-0.05031237847388048,-0.12922778918649713,0.07648475697440305,0.10444354569273251,0.1634524996439254,0.18036799711755747,4.0,4.0,7.0,8.0,0.8695652173913043,0.8695652173913043,0.7391304347826086,0.6818181818181818
HTN,CTCP Hưng Thịnh Incons,24,Xây dựng,2026-09-28,7.43,7.43,7.1,7.12,129800,True,419705.0,0.1465378421900161,0.017142857142857126,0.004231311706629048,-0.0014025245441794398,-0.34678899082568804,7.255,7.461500000000001,False,False,-0.3642857142857142,0.18272425249169455,0.19292008148891293,0.05062131300992767,0.055222676202246745,-0.050742207687097696,-0.4108764238358644,0.1816380240640746,0.045354464494111846,0.047845485564091406,-0.04373883123341382,-0.3805622345576396,0.21496301102502097,0.13622697287384006,0.1973462674283495,-0.1252128405111242,1.0,7.0,6.0,17.0,1.0,0.7692307692307693,0.8076923076923077,0.38461538461538464
HTV,CTCP Logistics Vicem,23,Vận tải - kho bãi,2026-09-28,12.5,12.5,12.5,12.5,400,True,6770.0,-0.06296851574212892,0.004016064257028162,0.004016064257028162,0.2303149606299213,0.08695652173913038,12.5775,11.602250000000002,False,True,-0.08491947291361646,0.3997760358342666,-0.016586276443232073,0.03749452012409871,0.05500742875264586,0.18097527748700304,0.02286908872895399,-0.027868333868070416,0.03222767160828288,0.04763023811449052,0.1879786539406869,0.053183278007178814,-0.059894745250325676,0.038957827984149596,0.2733677982033069,0.14551192145862546,32.0,10.0,2.0,7.0,0.11428571428571428,0.7428571428571429,0.9714285714285714,0.8285714285714286
HU1,CTCP Đầu tư và Xây dựng HUD1,3,Bất động sản,2026-09-28,4.27,4.28,4.27,4.28,400,True,535.0,-0.13008130081300806,-0.2218181818181818,-0.29950900163666117,-0.2607944732297064,-0.33125000000000004,5.482,5.880999999999999,False,False,-0.5114155251141552,0.0023419203747074846,-0.08369906151411122,-0.18833972595111126,-0.24851763714104347,-0.31013415637262465,-0.39533743301017643,-0.09498111893894956,-0.19360657446692708,-0.2558948277791988,-0.3031307799189408,-0.3650232437319516,-0.049740179488805436,-0.06503342428715564,-0.015943268694987467,0.0854166666666667,51.0,41.0,33.0,24.0,0.16666666666666666,0.3333333333333333,0.4666666666666667,0.6101694915254238
HUB,CTCP Xây lắp Thừa Thiên Huế,24,Xây dựng,2026-09-28,11.15,11.25,11.15,11.25,500,True,7600.0,-0.006183745583038913,-0.11764705882352944,-0.11067193675889331,-0.19064748201438853,-0.296875,12.321,13.364249999999998,False,False,-0.31818181818181823,0.027397260273972712,0.04019849371585793,-0.0841686029564589,-0.05968057226327561,-0.23998716515730678,-0.3609624330101764,0.028916436291019587,-0.08943545147227472,-0.06705776290143095,-0.2329837887036229,-0.33064824373195156,0.062241423251965966,0.0014370569074534933,0.008101309958140401,-0.07529884968543615,7.0,13.0,12.0,15.0,0.7692307692307693,0.5384615384615384,0.5769230769230769,0.46153846153846156
HVH,CTCP Đầu tư và Công nghệ HVC,24,Xây dựng,2026-09-28,10.7,10.75,10.5,10.5,85600,True,228645.0,-0.05405405405405406,0.034482758620689724,0.02941176470588247,-0.024163568773234223,-0.13079470198675502,10.544999999999998,10.874500000000001,False,False,-0.25373134328358216,0.12903225806451601,-0.0076718147551572136,0.06796121448776027,0.08040312920150017,-0.07350325191615248,-0.1948821349969314,-0.018953872179995557,0.06269436597194444,0.07302593856334483,-0.0664998754624686,-0.1645679457187066,0.014371114780950822,0.15356687435167266,0.1745852231992947,0.09078144832780882,11.0,5.0,7.0,10.0,0.6153846153846154,0.8461538461538461,0.7692307692307693,0.6538461538461539
HVN,Tổng Công ty Hàng không Việt Nam - CTCP,23,Vận tải - kho bãi,2026-09-28,20.3,20.65,20.3,20.4,644900,True,740875.0,-0.09333333333333338,-0.19685039370078738,-0.19367588932806334,-0.05555555555555569,-0.441095890410959,22.332499999999996,23.3625,False,False,-0.44565217391304346,0.05699481865284972,-0.046951094034436536,-0.16337193783371684,-0.14268452483244565,-0.10489523869847395,-0.5051833234211354,-0.05823315145927488,-0.16863878634953267,-0.150061715470601,-0.09789186224479007,-0.47486913414291054,-0.09025956284153014,-0.16190862997366595,-0.012502717982170064,-0.3825404906914639,35.0,34.0,22.0,33.0,0.02857142857142857,0.05714285714285714,0.4,0.08571428571428572
ICT,CTCP Viễn thông - Tin học Bưu điện,6,Công nghệ và thông tin,2026-09-28,17.2,17.2,17.2,17.2,13000,True,8620.0,0.0117647058823529,0.04878048780487809,0.04878048780487809,0.02502979737783062,0.013553329404832004,16.8475,16.8955,True,True,-0.33281613653995346,0.11254851228978002,0.05814694518124974,0.08225894367194864,0.09977185230049579,-0.024309885765087635,-0.05053410360534438,0.0468648877564114,0.07699209515613281,0.09239466166234045,-0.01730650931140376,-0.02021991432711956,0.07012208923973617,0.17575870570599716,0.1882010101738837,0.27543347173646676,1.0,1.0,1.0,2.0,1.0,1.0,1.0,0.875
IDI,CTCP Đầu tư và Phát triển Đa Quốc Gia - IDI,20,Chế biến Thủy sản,2026-09-28,4.66,4.66,4.46,4.51,139700,True,173365.0,-0.07959183673469394,-0.1724770642201836,-0.19175627240143378,-0.31770045385779133,-0.4694117647058824,5.164000000000001,5.94475,False,False,-0.47497089639115253,0.011210762331838486,-0.0332095974357971,-0.13899860835311306,-0.14076490790581608,-0.3670401370007096,-0.5334991977160588,-0.04449165486063544,-0.1442654568689289,-0.14814209854397142,-0.3600367605470257,-0.503185008437834,-0.0059863945578231825,-0.03316860821196732,-0.17573480708078787,-0.1591022452909378,6.0,8.0,9.0,9.0,0.5,0.3,0.2,0.2
IJC,CTCP Phát triển Hạ tầng Kỹ thuật,3,Bất động sản,2026-09-28,6.77,6.77,6.57,6.59,992600,True,1110315.0,-0.08472222222222225,-0.22923976608187147,-0.2603815937149271,-0.31138975966562177,-0.5104011887072808,7.889,8.89,False,False,-0.5136531365313654,0.02808112324492984,-0.03833998292332541,-0.19576131021480092,-0.2093902292193094,-0.36072944280854,-0.5744886217174572,-0.049622040348163754,-0.20102815873061675,-0.21676741985746473,-0.35372606635485615,-0.5441744324392324,-0.00438110089801963,-0.0724550085508453,-0.06653855513090284,-0.09373452204061405,34.0,42.0,41.0,43.0,0.45,0.31666666666666665,0.3333333333333333,0.288135593220339
ILB,CTCP ICD Tân Cảng - Long Bình,23,Vận tải - kho bãi,2026-09-28,19.0,19.05,19.0,19.0,3700,True,8830.0,0.007957559681697646,-0.055666003976143186,-0.062191510365251834,-0.05331340308918786,-0.23417976622329706,19.392999999999997,20.06225,False,False,-0.24841772151898733,0.04856512141280356,0.05433979898059449,-0.02218754810907264,-0.011200145869634137,-0.10265308623210612,-0.29826719923347345,0.043057741555756146,-0.027454396624888466,-0.018577336507789477,-0.09564970977842224,-0.2679530099552486,0.011031330173500886,-0.020724240249021753,-0.010260565515802234,-0.17562436650380198,10.0,26.0,20.0,30.0,0.7428571428571429,0.2857142857142857,0.45714285714285713,0.17142857142857143
IMP,CTCP Dược phẩm Imexpharm,8,Chăm sóc sức khỏe,2026-09-28,36.9,36.9,34.55,35.9,20400,True,6980.0,-0.07712082262210795,-0.11576354679802958,-0.15170132325141783,-0.34596465658589914,-0.3126555619375837,39.875499999999995,46.027249999999995,False,False,-0.3608687911696635,0.09954058192955584,-0.03073858332321111,-0.08228509093095904,-0.10070995875580013,-0.3953043397288174,-0.3767429949477601,-0.042020640748049454,-0.08755193944677486,-0.10808714939395547,-0.3883009632751335,-0.34642880566953527,-0.04165968689919214,-0.0585506803051174,-0.258367344722169,-0.22642393856325466,10.0,8.0,11.0,10.0,0.25,0.4166666666666667,0.16666666666666666,0.25
ITC,CTCP Đầu tư và Kinh doanh Nhà,3,Bất động sản,2026-09-28,8.84,8.84,8.72,8.74,11000,True,36115.0,-0.03532008830022082,-0.23668122270742353,-0.24,-0.24655172413793103,-0.45375,10.624,11.45575,False,False,-0.4554517133956386,0.018648018648018683,0.011062150998676024,-0.203202766840353,-0.1890086355043823,-0.2958914072808493,-0.5178374330101764,-0.0002199064261623196,-0.2084696153561688,-0.19638582614253763,-0.2888880308271654,-0.48752324373195155,0.045021033023981805,-0.07989646517639737,-0.0017005196032121028,-0.037083333333333246,13.0,44.0,31.0,34.0,0.8,0.2833333333333333,0.5,0.4406779661016949
ITD,CTCP Công nghệ ITD,6,Công nghệ và thông tin,2026-09-28,10.85,10.85,10.8,10.8,2200,True,6415.0,-0.0847457627118644,-0.16343919442292787,-0.17682926829268286,-0.21965317919075134,0.019830028328611915,12.363000000000001,13.0285,False,False,-0.2607802874743326,0.055718475073313734,-0.03836352341296756,-0.12996073855585732,-0.12583790379706516,-0.2689928623336696,-0.04425740468156447,-0.0496455808378059,-0.13522758707167315,-0.1332150944352205,-0.2619894858799857,-0.013943215403339648,-0.02638837935448113,-0.0364609765218088,-0.05648196639469827,0.2817101706602467,8.0,5.0,5.0,1.0,0.125,0.5,0.5,1.0
JVC,CTCP Đầu tư và Phát triển Y tế Việt Nhật,1,Bán buôn,2026-09-28,2.7,2.7,2.65,2.66,57100,True,116700.0,-0.09523809523809512,-0.19393939393939386,-0.23121387283236994,-0.37850467289719625,-0.6942528735632183,3.2020000000000004,4.08575,False,False,-0.7076923076923076,0.0037735849056603765,-0.04885585593919828,-0.1604609380723233,-0.18022250833675224,-0.4278443560401145,-0.7583403065733947,-0.06013791336403662,-0.16572778658813914,-0.18759969897490758,-0.42084097958643063,-0.7280261172951699,-0.038220551378446044,-0.10428422152560068,-0.20707610146862476,-0.41843033099111526,16.0,18.0,22.0,21.0,0.34782608695652173,0.2608695652173913,0.08695652173913043,0.09090909090909091
KBC,Tổng Công ty Phát triển Đô thị Kinh Bắc - CTCP,3,Bất động sản,2026-09-28,25.9,25.9,25.15,25.2,647000,True,1125775.0,-0.07011070110701112,-0.11888111888111896,-0.13846153846153852,-0.21250000000000002,-0.3297872340425533,28.180000000000007,30.93125,False,False,-0.34031413612565453,0.001988071570576677,-0.023728461808114276,-0.08540266301404842,-0.08747017396592083,-0.2618396831429183,-0.39387466705272967,-0.03501051923295262,-0.09066951152986424,-0.09484736460407617,-0.2548363066892344,-0.36356047777450484,0.010230420217191505,0.0379036386499072,0.0323512045347189,0.08687943262411346,25.0,26.0,27.0,23.0,0.6,0.5833333333333334,0.5666666666666667,0.6271186440677966
KDC,CTCP Tập đoàn KIDO,19,Thực phẩm - Đồ uống,2026-09-28,50.9,51.0,50.4,50.4,44800,True,79115.0,-0.028901734104046284,0.01002004008016022,0.012048192771084265,0.02962206332992845,-0.015047879616963078,50.519999999999996,49.99275,False,True,-0.0529875986471251,0.3023255813953487,0.01748050519485056,0.043498495947230764,0.06303955726670196,-0.019717619812989806,-0.07913531262713946,0.0061984477700122165,0.03823164743141494,0.05566236662854662,-0.012714243359305932,-0.04882112334891464,-0.003782541070435852,0.024781994109094707,0.04029418083993552,-0.00740703454654057,12.0,6.0,8.0,11.0,0.3888888888888889,0.7222222222222222,0.6111111111111112,0.4444444444444444
KDH,CTCP Đầu tư và Kinh doanh Nhà Khang Điền,3,Bất động sản,2026-09-28,15.7,15.7,14.95,15.05,3495100,True,4446095.0,-0.13005780346820806,-0.2586206896551724,-0.2934272300469484,-0.4051383399209486,-0.5637681159420289,19.1125,23.0325,False,False,-0.5871056241426612,0.006688963210702337,-0.08367556416931121,-0.22514223378810183,-0.24243586555133068,-0.45447802306386686,-0.6278555489522053,-0.09495762159414955,-0.23040908230391766,-0.24981305618948602,-0.447474646610183,-0.5975413596739805,-0.04971668214400543,-0.10183593212414621,-0.16028713538622968,-0.14710144927536217,50.0,54.0,55.0,50.0,0.18333333333333332,0.11666666666666667,0.1,0.1694915254237288
KHG,CTCP Tập đoàn Khải Hoàn Land,3,Bất động sản,2026-09-28,4.68,4.68,4.55,4.58,1245700,True,1385085.0,-0.05954825462012325,-0.10019646365422397,-0.06910569105691056,-0.15027829313543595,-0.35219236209335225,4.852499999999999,5.46075,False,False,-0.47716894977168944,0.02921348314606731,-0.01316601532122641,-0.06671800778715342,-0.01811432656129286,-0.1996179762783542,-0.41627979510352864,-0.024448072746064753,-0.07198485630296925,-0.0254915171994482,-0.19261459982467033,-0.3859656058253038,0.02079286670407937,0.0565882938768022,0.09457291139928298,0.06447430457331449,21.0,20.0,19.0,25.0,0.6666666666666666,0.6833333333333333,0.7,0.5932203389830508
KHP,CTCP Điện lực Khánh Hòa,22,Tiện ích,2026-09-28,9.3,9.35,9.3,9.35,2100,True,10035.0,-0.04591836734693888,-0.04689092762487268,-0.03608247422680411,-0.05268490374873347,-0.18977469670710567,9.511500000000002,9.9575,False,False,-0.26609105180533754,0.03658536585365857,0.0004638719519579615,-0.013412471757802136,0.01490889026881359,-0.10202458689165173,-0.25386212971728206,-0.010818185472880382,-0.01867932027361796,0.007531699630658251,-0.09502121043796785,-0.22354794043905724,-0.03664539273992562,-0.02945350778656508,-0.021069991837270152,-0.1378812885724633,27.0,20.0,20.0,29.0,0.1875,0.40625,0.40625,0.125
KLB,Ngân hàng TMCP Kiên Long,11,Ngân hàng,2026-09-28,12.45,12.5,12.1,12.1,258200,True,352950.0,-0.016260162601626105,-0.05468750000000011,-0.05836575875486383,0.07843137254901955,-0.051724137931034475,12.067000000000002,11.7955,True,True,-0.1632088520055326,0.25649013499480766,0.03012207669727074,-0.021209044132929566,-0.007374394259246131,0.029091689406101295,-0.11581157094121086,0.018840019272432396,-0.02647589264874539,-0.01475158489740147,0.03609506585978517,-0.08549738166298604,0.0189304532341511,0.020500469924811915,0.03697036563885181,0.01107319793956496,8.0,9.0,9.0,10.0,0.6956521739130435,0.6521739130434783,0.6521739130434783,0.6086956521739131
KMR,CTCP Mirae,16,SX Hàng gia dụng,2026-09-28,2.15,2.17,2.15,2.17,600,True,19855.0,-0.06866952789699576,-0.13545816733067728,-0.11788617886178865,-0.20512820512820518,-0.2861842105263158,2.434,2.6245,False,False,-0.2931596091205212,0.028436018957346043,-0.02228728859809892,-0.10197971146360674,-0.06689481436617095,-0.25446788827112343,-0.3502716435364922,-0.03356934602293726,-0.10724655997942256,-0.07427200500432629,-0.24746451181743956,-0.3199574542582674,-0.039083729080427676,-0.06492525197017573,-0.0746934225195095,-0.14889607493309542,15.0,12.0,11.0,11.0,0.17647058823529413,0.35294117647058826,0.4117647058823529,0.4117647058823529
KOS,CTCP KOSY,3,Bất động sản,2026-09-28,19.55,19.55,19.55,19.55,3500,True,185990.0,-0.4266862170087976,-0.4862023653088041,-0.46730245231607637,-0.4922077922077922,-0.5361803084223014,34.3125,36.315,False,False,-0.5361803084223014,0.0,-0.38030397770990076,-0.4527239094417336,-0.41631108782045867,-0.5415474753507105,-0.6002677414324777,-0.3915860351347391,-0.4579907579575494,-0.423688278458614,-0.5345440988970266,-0.5699535521542529,-0.346345095684595,-0.32941760777777795,-0.24735658767307328,-0.11951364175563461,60.0,60.0,60.0,48.0,0.016666666666666666,0.016666666666666666,0.016666666666666666,0.2033898305084746
KSB,CTCP Khoáng sản và Xây dựng Bình Dương,10,Khai khoáng,2026-09-28,12.85,12.9,12.6,12.65,185800,True,436770.0,-0.05243445692883886,-0.11846689895470375,-0.1394557823129251,-0.2142857142857143,-0.38592233009708743,13.940000000000001,15.303750000000003,False,False,-0.40047393364928907,0.007968127490039834,-0.006052217629942014,-0.0849884430876332,-0.0884644178173074,-0.26362539742863256,-0.4500097631072638,-0.017334275054780357,-0.09025529160344903,-0.09584160845546275,-0.2566220209749487,-0.419695573829039,-0.008772485097853,-0.040398075123168065,-0.1357212138007482,-0.517588996763754,6.0,8.0,8.0,8.0,0.4444444444444444,0.2222222222222222,0.2222222222222222,0.2222222222222222
L10,CTCP Lilama 10,24,Xây dựng,2026-09-25,23.85,24.0,23.85,24.0,2400,False,1150.0,0.016949152542372836,0.1241217798594847,-0.026369168356997874,0.014370245139475823,0.1450381679389312,23.779500000000002,23.54475,True,True,-0.1329479768786127,0.33481646273637367,0.06333139184126968,0.15760023572655524,0.024622196138619823,-0.03496943800344243,0.08095073492875482,0.052049334416431337,0.1523333872107394,0.017245005500464483,-0.02796606154975856,0.11126492420697964,0.08537432137737772,0.24320589559046762,0.21311903711200475,0.36661431825349505,4.0,2.0,5.0,3.0,0.8846153846153846,0.9615384615384616,0.8461538461538461,0.9230769230769231
LAF,CTCP Chế biến hàng Xuất khẩu Long An,19,Thực phẩm - Đồ uống,2026-09-28,19.1,19.1,19.1,19.1,100,True,3915.0,-0.03778337531486142,-0.07055961070559602,-0.13181818181818172,0.12352941176470589,0.04428649535265183,19.26,18.33125,False,True,-0.24803149606299202,0.19524405506883613,0.00859886398403542,-0.037081154838525476,-0.08082681732256403,0.07418972862178763,-0.019800937657524553,-0.0026831934408029223,-0.0423480033543413,-0.08820400796071937,0.0811931050754715,0.01051325162070027,-0.01266418228125099,-0.05579765667666153,0.13420152927471296,0.05192734042307434,13.0,14.0,1.0,7.0,0.3333333333333333,0.2777777777777778,1.0,0.6666666666666666
LBM,CTCP Khoáng sản và Vật liệu Xây dựng Lâm Đồng,21,Vật liệu xây dựng,2026-09-28,28.1,29.35,28.1,28.15,5700,True,12395.0,0.0035650623885916666,-0.03595890410958902,-0.037606837606837695,-0.045762711864406835,-0.17448680351906165,28.237499999999994,29.89975,False,False,-0.22918948521358173,0.04646840148698894,0.04994730168748851,-0.0024804482425184737,0.013384526888780002,-0.09510239500732509,-0.23857423652923804,0.03866524426265017,-0.007747296758334299,0.006007336250624662,-0.08809901855364122,-0.20826004725101321,0.047930145255947076,0.05059153175591535,0.0892500038395152,0.05749095566444312,4.0,8.0,4.0,6.0,0.8333333333333334,0.6111111111111112,0.8333333333333334,0.7222222222222222
LCG,CTCP Lizen,24,Xây dựng,2026-09-28,6.61,6.7,6.5,6.54,573500,True,770175.0,-0.08016877637130804,-0.21204819277108444,-0.23058823529411765,-0.25934314835787087,-0.41450313339301703,7.6015,8.4295,False,False,-0.43229166666666663,0.006153846153846176,-0.033786537072411194,-0.1785697369040139,-0.17959687079849995,-0.3086828315007891,-0.4785905664031934,-0.04506859449724954,-0.18383658541982972,-0.1869740614366553,-0.30167945504710525,-0.4482763771249686,-0.011743607536303158,-0.09296407704010151,-0.06059435638534194,-0.19292698307845318,16.0,23.0,22.0,20.0,0.4230769230769231,0.15384615384615385,0.19230769230769232,0.2692307692307692
LDG,CTCP Đầu tư LDG,3,Bất động sản,2026-09-28,2.52,2.53,2.4,2.43,580500,True,682095.0,-0.08988764044943809,-0.19801980198019786,-0.2261146496815286,-0.32499999999999996,-0.5263157894736842,2.853,3.2807500000000003,False,False,-0.5299806576402321,0.01673640167364021,-0.043505401150541245,-0.16454134611312732,-0.17512328518591092,-0.3743396831429182,-0.5904032224838606,-0.05478745857537959,-0.16980819462894314,-0.18250047582406626,-0.36733630668923434,-0.5600890332056357,-0.009546519125235464,-0.0412350444491717,-0.08014879546528103,-0.10964912280701744,36.0,38.0,44.0,46.0,0.4166666666666667,0.38333333333333336,0.2833333333333333,0.23728813559322035
LGC,CTCP Đầu tư Cầu đường CII,24,Xây dựng,2026-04-29,64.8,64.8,64.8,64.8,100,False,1720.0,0.0640394088669951,0.08180300500834714,0.15714285714285703,0.19337016574585641,0.19337016574585641,59.42,58.02875,True,True,0.0,0.5532118887823585,0.11042164816589195,0.11528146087541769,0.20813422163847473,0.14403048260293816,0.12928273273568003,0.09913959074105361,0.11001461235960186,0.20075703100031939,0.15103385905662203,0.15959692201390485,0.13246457770199999,0.20088712073933007,0.39211895771838534,0.41494631606042026,3.0,3.0,2.0,1.0,0.9230769230769231,0.9230769230769231,0.9615384615384616,1.0
LGL,CTCP Đầu tư và Phát triển Đô thị Long Giang,3,Bất động sản,2026-09-28,4.69,4.69,4.29,4.33,10700,True,18850.0,-0.04415011037527594,-0.164092664092664,-0.17992424242424243,-0.10537190082644621,-0.1752380952380952,5.019,5.46575,False,False,-0.3594674556213018,0.00932400932400923,0.002232128923620902,-0.13061420822559344,-0.12893287792862473,-0.15471158396936446,-0.23932552824827158,-0.009049928501217441,-0.13588105674140927,-0.13631006856678007,-0.1477082075156806,-0.20901133897004676,0.03619101094892668,-0.0073079065616378225,0.13947930370827272,0.24142857142857155,17.0,32.0,15.0,13.0,0.7333333333333333,0.48333333333333334,0.7666666666666667,0.7966101694915254
LHG,CTCP Long Hậu,3,Bất động sản,2026-09-28,26.95,27.25,26.75,26.75,14500,True,61000.0,0.020992366412213803,-0.0011202389843166793,0.0060172997367431424,0.029242016160061723,-0.08640710382513661,26.172000000000004,26.401999999999997,True,True,-0.09075458871515985,0.0851926977687627,0.06737460571111065,0.032358216882753865,0.05700866423236084,-0.020097666982856532,-0.150494536835313,0.056092548286272303,0.02709136836693804,0.0496314735942055,-0.013094290529172659,-0.12018034755708817,0.10133348773641643,0.15566451854670948,0.27409322069478065,0.33025956284153013,4.0,8.0,8.0,9.0,0.95,0.8833333333333333,0.8833333333333333,0.864406779661017
LIX,CTCP Bột Giặt Lix,18,SX Nhựa - Hóa chất,2026-09-28,24.85,24.85,24.7,24.7,4200,True,14750.0,-0.006036217303822977,-0.057251908396946605,-0.09357798165137621,-0.2168674698795181,-0.25060679611650494,26.232500000000005,29.48725,False,False,-0.38033115905669845,0.07625272331154687,0.040346021995073866,-0.02377345252987606,-0.04258661715575851,-0.26620715302243636,-0.3146942291266813,0.029063964570235523,-0.029040301045691885,-0.04996380779391385,-0.2592037765687525,-0.2843800398484565,0.000932423811159655,-0.03945587828058794,-0.1724230254350737,-0.22463277014247895,12.0,19.0,21.0,22.0,0.56,0.28,0.2,0.16
LM8,CTCP Lilama 18,24,Xây dựng,2026-09-22,13.8,13.8,13.8,13.8,100,False,14185.0,-0.12933753943217663,0.02526002971768193,0.09263657957244664,0.07728337236533966,0.17847993168232268,13.5435,13.382749999999998,True,True,-0.18584070796460173,0.33720930232558133,-0.08295530013327979,0.058738485584752476,0.14362794406806434,0.02794368922242141,0.11439249867214629,-0.09423735755811813,0.05347163706893665,0.136250753429909,0.03494706567610528,0.14470668795037112,-0.06091237059717175,0.14434414544866486,0.2760321643378686,0.4000560819968865,23.0,6.0,4.0,2.0,0.15384615384615385,0.8076923076923077,0.8846153846153846,0.9615384615384616
LPB,Ngân hàng TMCP Lộc Phát Việt Nam,11,Ngân hàng,2026-09-28,46.7,46.7,45.7,45.9,797900,True,2097725.0,-0.06326530612244896,-0.1404494382022472,-0.09999999999999998,0.12693346427694574,0.011013215859030812,50.00750000000001,45.846500000000006,False,True,-0.2153846153846154,0.22957406911331368,-0.016883066823552118,-0.10697098233517666,-0.04900863550438228,0.07759378113402748,-0.053074217151145575,-0.02816512424839046,-0.11223783085099248,-0.05638582614253762,0.08459715758771136,-0.02276002787292075,-0.028074690286671755,-0.06526146827743518,0.085472457366778,0.07381055172963025,21.0,19.0,6.0,6.0,0.13043478260869565,0.21739130434782608,0.782608695652174,0.782608695652174
LPS,CTCP Chứng khoán LPS,5,Chứng khoán,2026-09-28,21.35,21.45,20.1,20.35,648900,True,1289445.0,-0.14315789473684204,,,,,,,False,False,-0.421875,0.01243781094527363,-0.0967756554379452,,,,,-0.10805771286278354,,,,,-0.038219623131903635,,,,18.0,,,,0.19047619047619047,,,
LSS,CTCP Mía Đường Lam Sơn,19,Thực phẩm - Đồ uống,2026-09-28,7.71,7.88,7.68,7.68,35900,True,46500.0,-0.04477611940298498,-0.06682867557715688,-0.07358262967430629,-0.08896797153024916,-0.15881708652793003,8.0815,8.3305,False,False,-0.2203045685279188,0.017218543046357615,0.0016061198959118617,-0.03335021971008634,-0.02259126517868859,-0.1383076546731674,-0.22290451953810642,-0.009675937528926482,-0.03861706822590216,-0.02996845581684393,-0.13130427821948354,-0.1925903302598816,-0.01965692636937455,-0.052066721548222394,-0.07829585402024208,-0.15117624145750752,15.0,13.0,14.0,13.0,0.2222222222222222,0.3333333333333333,0.2777777777777778,0.3333333333333333
MBB,Ngân hàng TMCP Quân đội,11,Ngân hàng,2026-09-28,19.9,20.0,19.65,19.7,5399300,True,11233440.0,-0.041362530413625365,-0.04042864101315158,-0.039024390243902474,-0.051973051010587135,-0.06279733587059944,19.9565,20.607999999999997,False,False,-0.16631400761743542,0.10798650168728896,0.005019708885271479,-0.006950185146081034,0.011966974251715223,-0.10131273415350539,-0.12688476888077582,-0.006262348539566864,-0.012217033661896859,0.0045897836135598835,-0.09430935769982152,-0.096570579602551,-0.006171914577848159,0.03475932891166045,-0.09343405792075488,0.0,15.0,8.0,16.0,12.0,0.391304347826087,0.6956521739130435,0.34782608695652173,0.5217391304347826
MCH,CTCP Hàng tiêu dùng Masan,19,Thực phẩm - Đồ uống,2026-09-28,140.0,141.0,138.5,138.8,132900,True,627880.0,-0.022535211267605604,0.0357436012237895,0.003252620166245057,0.0010818608005769281,0.33026643664941546,135.60450000000003,141.7125,True,False,-0.24749254540525878,0.38453865336658355,0.02384702803129124,0.06922205709086005,0.054243984661862754,-0.04825782234234133,0.2661790036392391,0.012564970606452897,0.06395520857504422,0.046866794023707414,-0.041254445888657454,0.2964931929174639,0.002583981766004828,0.05050555525272399,0.011753978310584001,0.33790728171983797,8.0,5.0,9.0,2.0,0.6111111111111112,0.7777777777777778,0.5555555555555556,0.9444444444444444
MCM,CTCP Giống Bò sữa Mộc Châu,19,Thực phẩm - Đồ uống,2026-09-28,26.3,26.5,26.25,26.5,15500,True,17495.0,-0.011194029850746245,-0.07504363001745196,-0.09556313993174059,0.07679804957334424,-0.0007541478129713397,27.2625,26.550750000000004,False,False,-0.09863945578231292,0.11625947767481049,0.0351882094481506,-0.04156517415038141,-0.044571775436122896,0.027458366430425984,-0.06484158082314773,0.023906152023312255,-0.04683202266619724,-0.051948966074278236,0.03446174288410986,-0.0345273915449229,0.013925163182864186,-0.06028167598851747,0.08747016708335131,0.006886697257451169,4.0,15.0,5.0,8.0,0.8333333333333334,0.2222222222222222,0.7777777777777778,0.6111111111111112
MCP,CTCP In và Bao bì Mỹ Châu,26,SX Phụ trợ,2026-09-28,28.1,28.25,28.1,28.25,20100,True,33465.0,0.008928571428571397,0.027272727272727337,0.008928571428571397,0.03860294117647056,-0.01909722222222221,27.74,27.7175,True,True,-0.0423728813559322,0.0660377358490567,0.05531081072746824,0.06075118313979788,0.059919935924189094,-0.010736741966447694,-0.0831846552323986,0.0440287533026299,0.05548433462398206,0.052542745286033754,-0.00373336551276382,-0.05287046595417377,0.023062847046946056,0.022943722943723044,0.07007993875516305,0.0,7.0,8.0,6.0,10.0,0.6842105263157895,0.631578947368421,0.7368421052631579,0.5263157894736842
MDG,CTCP Miền Đông,10,Khai khoáng,2026-09-28,37.0,38.0,37.0,38.0,200,True,6635.0,0.005291005291005346,0.007957559681697646,0.014686248331108098,-0.0785645004849661,1.3869346733668344,36.995,36.3965,True,True,-0.20948616600790515,1.3869346733668344,0.05167324458990219,0.04143601554876819,0.0656776128267258,-0.12790418362788436,1.322847240356658,0.04039118716506385,0.036169167032952365,0.058300422188570455,-0.12090080717420049,1.3531614296348828,0.048952977121991204,0.08602638351323333,0.0,1.2552680067001678,2.0,3.0,5.0,1.0,0.8888888888888888,0.7777777777777778,0.5555555555555556,1.0
MHC,CTCP MHC,23,Vận tải - kho bãi,2026-09-25,6.95,7.0,6.81,7.0,1800,False,12375.0,-0.08735332464146017,-0.2256637168141592,-0.2256637168141592,-0.2222222222222222,-0.47289156626506024,8.357,9.118,False,False,-0.5192307692307693,0.0432190760059612,-0.04097108534256333,-0.19218526094708865,-0.1746723523185415,-0.27156190536514047,-0.5369789992752366,-0.05225314276740167,-0.19745210946290448,-0.18204954295669684,-0.2645585289114566,-0.5066648099970118,-0.08427955414965693,-0.19072195308703777,-0.17916938464883658,-0.41433616654556515,34.0,35.0,34.0,34.0,0.05714285714285714,0.02857142857142857,0.05714285714285714,0.05714285714285714
MIG,Tổng Công ty cổ phần Bảo hiểm Quân Đội,2,Bảo hiểm,2026-09-28,15.7,16.7,15.7,16.3,121100,True,79200.0,0.018750000000000044,-0.02511961722488032,-0.016887816646562026,-0.11939492166396548,0.02130325814536338,16.2605,16.7095,True,False,-0.1894579811039283,0.15357395612172686,0.06513223929889689,0.008358838642190225,0.03410354784905567,-0.16873460480688374,-0.04278417486481301,0.053850181874058545,0.0030919901263744,0.02672635721090033,-0.16173122835319986,-0.012469985586588184,0.0,-0.0574937179443048,0.0,0.0,3.0,4.0,3.0,3.0,0.6,0.4,0.6,0.6
MSB,Ngân hàng TMCP Hàng hải Việt Nam,11,Ngân hàng,2026-09-28,14.05,14.3,14.05,14.2,6362600,True,7452205.0,0.07984790874524705,0.07738998482549309,0.06367041198501866,0.47916666666666674,0.2991765782250686,13.188500000000001,11.719750000000001,True,True,-0.020689655172413834,0.5760266370699223,0.1262301480441439,0.11086844069256363,0.11466177648063636,0.4298269835237485,0.23508914521489221,0.11494809061930555,0.1056015921767478,0.10728458584248102,0.43683035997743236,0.26540333449311704,0.11503852458102426,0.1525779547503051,0.437705659756499,0.36197391409566804,1.0,3.0,1.0,2.0,1.0,0.9130434782608695,1.0,0.9565217391304348
MSH,CTCP May Sông Hồng,16,SX Hàng gia dụng,2026-09-28,29.95,29.95,29.6,29.65,84900,True,68860.0,-0.02786885245901649,-0.07053291536050155,-0.10422960725075536,-0.17363433667781503,-0.04570325072417125,31.804999999999996,33.596,False,False,-0.26170318725099595,0.04401408450704225,0.018513386839880352,-0.037054459493431,-0.053238242755137666,-0.22297401982073328,-0.10979068373434764,0.007231329415042009,-0.04232130800924683,-0.060615433393293006,-0.2159706433670494,-0.07947649445612281,0.0017169463575515964,0.0,-0.04319955406911935,0.09158488486904914,8.0,9.0,10.0,3.0,0.5882352941176471,0.5294117647058824,0.47058823529411764,0.8823529411764706
MSN,CTCP Tập đoàn Masan,19,Thực phẩm - Đồ uống,2026-09-28,70.2,70.3,68.1,68.4,2907200,True,4270465.0,-0.008695652173912993,-0.005813953488371992,-0.04735376044568229,-0.09163346613545809,-0.16788321167883202,69.65,73.4425,False,False,-0.27234042553191484,0.10858995137763383,0.03768658712498385,0.027664502378698552,0.0036376040499354056,-0.14097314927837634,-0.2319706446890084,0.026404529700145507,0.022397653862882727,-0.003739586588219934,-0.13396977282469247,-0.20165645541078359,0.01642354085969744,0.008948000540562495,-0.08096134862545101,-0.16024236660840951,3.0,7.0,15.0,15.0,0.8888888888888888,0.6666666666666666,0.2222222222222222,0.2222222222222222
MWG,CTCP Đầu tư Thế giới Di động,7,Bán lẻ,2026-09-28,73.4,73.4,71.7,72.1,1389600,True,2407050.0,-0.013679890560875485,-0.04402015380535673,-0.07195263225640369,-0.07658811475409844,-0.05997392438070415,74.0365,79.078,False,False,-0.22431414739107058,0.17159571010724717,0.03270234873802136,-0.010541697938286188,-0.020961267760785995,-0.1259277978970167,-0.12406135739088053,0.021420291313183015,-0.015808546454102013,-0.028338458398941335,-0.11892442144333282,-0.09374716811265571,0.02555777760055944,0.0064035750082025444,-0.02078352342664508,0.0025700042469681827,4.0,5.0,7.0,5.0,0.7692307692307693,0.6666666666666666,0.5,0.6666666666666666
MZG,CTCP Miza,26,SX Phụ trợ,2026-09-28,11.95,12.05,11.9,11.95,288000,True,515335.0,-0.04400000000000004,0.02751504729148735,0.019624573378839383,-0.03238866396761142,-0.21484888304862026,11.858999999999998,11.366499999999998,True,True,-0.3937087772704212,0.566186107470511,0.0023822392988968044,0.060993503158557894,0.07061593787445708,-0.08172834711052968,-0.27893631605879665,-0.008899818125941539,0.05572665464274207,0.06323874723630174,-0.0747249706568458,-0.24862212678057183,-0.02986572438162538,0.023186042962483056,-0.0009116663889189303,-0.19575166082639806,13.0,7.0,11.0,17.0,0.3684210526315789,0.6842105263157895,0.47368421052631576,0.15789473684210525
NAB,Ngân hàng TMCP Nam Á,11,Ngân hàng,2026-09-28,12.4,12.55,12.3,12.3,1118400,True,1475240.0,0.06493506493506485,-0.07518796992481203,-0.061068702290076216,0.13783533765032385,-0.008064516129032251,12.185,11.904749999999998,True,True,-0.0888888888888888,0.21782178217821802,0.11131730423396169,-0.04170951405774148,-0.010077337794458519,0.0884956545074056,-0.07215194913920864,0.10003524680912335,-0.046976362573557306,-0.01745452843261386,0.09549903096108947,-0.041837759860983814,0.10012568077084205,0.0,0.09637433074015611,0.054732819741567185,3.0,12.0,4.0,7.0,0.9130434782608695,0.5217391304347826,0.8695652173913043,0.7391304347826086
NAF,CTCP Nafoods Group,19,Thực phẩm - Đồ uống,2026-09-28,47.95,48.05,47.8,47.95,141400,True,363430.0,-0.013374485596707841,-0.016410256410256396,-0.013374485596707841,-0.022426095820591074,0.5972684876748835,49.14,46.933749999999996,False,True,-0.11038961038961026,0.5993995997331556,0.033007753702189,0.017068199456814148,0.037616878898909856,-0.07176577896350933,0.5331810546647071,0.02172569627735066,0.011801350940998323,0.030239688260754516,-0.06476240250982546,0.5634952439429319,0.01174470743690259,-0.0016483023813219089,-0.011753978310584001,0.604909332745306,5.0,10.0,10.0,1.0,0.7777777777777778,0.5,0.5,1.0
NAV,CTCP Nam Việt,16,SX Hàng gia dụng,2026-09-25,14.95,14.95,14.95,14.95,100,False,1230.0,-0.053797468354430444,0.04985955056179758,0.08569353667392887,0.017006802721088343,-0.06092964824120606,14.278,14.633500000000002,True,True,-0.11903358868591629,0.12406015037593976,-0.007415229055533601,0.08333800642886813,0.13668490116954657,-0.03233288042182991,-0.12501708125138244,-0.018697286480371944,0.0780711579130523,0.12930771053139123,-0.02532950396814604,-0.09470289197315762,-0.024211669537862357,0.12039246592229913,0.14744158532978402,0.07635848735201434,11.0,2.0,5.0,4.0,0.4117647058823529,0.9411764705882353,0.7647058823529411,0.8235294117647058
NBB,CTCP Đầu tư Năm Bảy Bảy,3,Bất động sản,2026-09-28,17.0,17.0,16.85,17.0,2100,True,22925.0,-0.011627906976744096,-0.01449275362318836,-0.031339031339031376,-0.05292479108635095,-0.24444444444444446,17.23,17.639999999999997,False,False,-0.2543859649122807,0.0625,0.03475433232215275,0.018985702243882185,0.01965233315658632,-0.10226447422926921,-0.30853187745462085,0.023472274897314405,0.01371885372806636,0.012275142518430981,-0.09526109777558533,-0.278217688176396,0.06871321434745853,0.1422920039078378,0.19192641344836797,0.17222222222222228,11.0,9.0,12.0,18.0,0.8333333333333334,0.8666666666666667,0.8166666666666667,0.711864406779661
NCT,CTCP Dịch vụ Hàng hóa Nội Bài,23,Vận tải - kho bãi,2026-09-28,83.5,83.6,83.2,83.3,10600,True,10220.0,-0.0035885167464114742,-0.03943726937269376,-0.04241866881250711,0.0028894774861545347,-0.06541007517109843,84.27399999999999,84.72,False,False,-0.12975344755536988,0.03594080338266381,0.04279372255248537,-0.005958813505623217,0.008572695683110587,-0.04645020565676372,-0.1294975081812748,0.031511665127647026,-0.011225662021439042,0.0011955050449552473,-0.03944682920307985,-0.09918331890304999,-0.0005147462546082338,-0.004495505645572329,0.04594231505954016,-0.006854675451603343,19.0,20.0,12.0,19.0,0.4857142857142857,0.45714285714285713,0.6857142857142857,0.4857142857142857
NHA,Tổng Công ty Đầu tư Phát triển Nhà và Đô thị Nam Hà Nội,3,Bất động sản,2026-09-28,7.14,7.14,6.83,6.83,31600,True,75515.0,-0.1419597989949749,-0.2461368653421634,-0.2702991452991452,-0.42411467116357504,-0.6382415254237288,8.708000000000002,10.72875,False,False,-0.6395778364116095,0.05076923076923068,-0.09557755969607806,-0.21265840947509285,-0.21930778080352753,-0.4734543543064933,-0.7023289584339052,-0.1068596171209164,-0.21792525799090867,-0.22668497144168287,-0.4664509778528094,-0.6720147691556804,-0.06161867767077228,-0.08935210781113723,-0.17926346662885612,-0.22157485875706207,53.0,47.0,58.0,58.0,0.13333333333333333,0.23333333333333334,0.05,0.03389830508474576
NHH,CTCP Nhựa Hà Nội,15,"SX Thiết bị, máy móc",2026-09-28,9.8,9.8,9.45,9.45,26500,True,33310.0,-0.02577319587628868,-0.06435643564356441,-0.08695652173913049,-0.05500000000000005,-0.2440000000000001,9.958,10.358999999999998,False,False,-0.264591439688716,0.04999999999999982,0.020609043422608164,-0.03087797977649387,-0.03596515724351279,-0.1043396831429183,-0.3080874330101765,0.009326985997769821,-0.036144828292309694,-0.04334234788166813,-0.09733630668923443,-0.27777324373195167,-0.019953735747331558,-0.1376634498892928,-0.27411810613943816,-0.3199571984435799,2.0,2.0,2.0,2.0,0.5,0.5,0.5,0.5
NHT,CTCP Sản xuất và Thương mại Nam Hoa,26,SX Phụ trợ,2026-09-28,11.6,11.6,11.6,11.6,100,True,1875.0,0.01754385964912264,0.0043290043290042934,-0.021097046413502074,0.1383709519136409,0.34259259259259256,11.514999999999999,10.654499999999999,True,True,-0.20165175498967647,0.4572864321608039,0.06392609894801948,0.03780746019607484,0.029894318082115623,0.08903126877072265,0.2785051595824162,0.05264404152318114,0.03254061168025901,0.022517127443960283,0.09603464522440652,0.308819348860641,0.0316781352674973,0.0,0.1698479494923334,0.36168981481481477,6.0,10.0,4.0,3.0,0.7368421052631579,0.5263157894736842,0.8421052631578947,0.8947368421052632
NKG,CTCP Thép Nam Kim,21,Vật liệu xây dựng,2026-09-28,9.7,9.7,9.45,9.48,1037100,True,1485375.0,-0.11813953488372086,-0.20669456066945602,-0.20999999999999996,-0.23300970873786397,-0.43028846153846156,11.188499999999998,12.23725,False,False,-0.436385255648038,0.0031746031746033854,-0.07175729558482402,-0.17321610480238547,-0.15900863550438227,-0.28234939188078223,-0.49437589454863795,-0.08303935300966236,-0.1784829533182013,-0.1663858261425376,-0.27534601542709836,-0.4640617052704131,-0.07377445201636545,-0.12014412480395165,-0.09799699303394194,-0.1983107023549568,18.0,17.0,15.0,16.0,0.05555555555555555,0.1111111111111111,0.2222222222222222,0.16666666666666666
NLG,CTCP Đầu tư Nam Long,3,Bất động sản,2026-09-28,22.45,22.45,21.55,21.55,1312800,True,1815900.0,-0.16147859922178986,-0.138,-0.1647286821705426,-0.21835328255350017,-0.4156724511930586,24.314,26.066499999999998,False,False,-0.4529068291444529,0.12532637075718034,-0.11509635992289302,-0.10452154413292947,-0.1137373176749249,-0.26769296569641843,-0.479759884203235,-0.12637841734773136,-0.10978839264874529,-0.12111450831308024,-0.26068958924273455,-0.4494456949250102,-0.08113747789758724,0.018784757531026153,0.026497921981218753,0.0009942154736081177,57.0,29.0,29.0,29.0,0.06666666666666667,0.5333333333333333,0.5333333333333333,0.5254237288135594
NNC,CTCP Đá Núi Nhỏ,10,Khai khoáng,2026-09-28,37.8,37.8,37.8,37.8,200,True,27845.0,-0.07579462102689494,-0.10954063604240294,-0.1314338235294119,-0.22540983606557374,-0.2405063291139241,41.3105,46.965250000000005,False,False,-0.5027624309392265,0.04999999999999982,-0.029412381727998094,-0.0760621801753324,-0.08044245903379421,-0.274749519208492,-0.3045937621241005,-0.04069443915283644,-0.08132902869114822,-0.08781964967194955,-0.2677461427548081,-0.2742795728458757,-0.03213264919590908,-0.031471812210867256,-0.14684533558060764,-0.3721729957805907,9.0,7.0,9.0,7.0,0.1111111111111111,0.3333333333333333,0.1111111111111111,0.3333333333333333
NO1,CTCP Tập đoàn 911,1,Bán buôn,2026-09-28,3.9,3.9,3.68,3.68,4900,True,16460.0,-0.21702127659574466,-0.2755905511811023,-0.24897959183673468,-0.3321234119782214,-0.4612005856515373,4.6915000000000004,5.256,False,False,-0.4860335195530726,0.01939058171745156,-0.17063903729684782,-0.24211209531403177,-0.19798822734111698,-0.38146309512113963,-0.5252880186617137,-0.18192109472168616,-0.2473789438298476,-0.20536541797927232,-0.37445971866745575,-0.4949738293834889,-0.16000373273609558,-0.18593537876730915,-0.1606948405496499,-0.18537804307943428,23.0,22.0,20.0,17.0,0.043478260869565216,0.08695652173913043,0.17391304347826086,0.2727272727272727
NSC,CTCP Tập đoàn Giống cây trồng Việt Nam,12,Nông - Lâm - Ngư,2026-09-25,63.0,63.0,62.9,63.0,900,False,885.0,-0.06110283159463481,-0.1114245416078985,-0.10281970948447738,-0.10025706940874035,-0.1739871509112364,68.21000000000001,70.6805,False,False,-0.19786096256684493,0.008000000000000007,-0.014720592295737966,-0.07794608574082795,-0.05182834498885969,-0.1495967525516586,-0.23807458392141279,-0.02600264972057631,-0.08321293425664378,-0.05920553562701503,-0.14259337609797473,-0.20776039464318796,-0.019681850579926052,0.0015741613568547308,0.03453916883577368,0.04744625856927809,4.0,3.0,2.0,2.0,0.5,0.6666666666666666,0.8,0.75
NT2,CTCP Điện lực Dầu khí Nhơn Trạch 2,22,Tiện ích,2026-09-28,21.0,21.0,20.65,20.65,217000,True,450785.0,0.009779951100244544,-0.052752293577981724,-0.08830022075055188,-0.20576923076923082,-0.09785932721712542,21.654999999999998,23.69,False,False,-0.2988115449915111,0.022277227722772297,0.05616219039914139,-0.01927383771091118,-0.037308856254934186,-0.25510891391214907,-0.1619467602273018,0.044880132974303044,-0.024540686226727004,-0.044686046893089526,-0.2481055374584652,-0.131632570949077,0.019052925707257806,-0.035314873739674124,-0.1741543188577675,-0.04596591908248304,10.0,21.0,31.0,20.0,0.71875,0.375,0.0625,0.40625
NTC,CTCP Khu Công nghiệp Nam Tân Uyên,3,Bất động sản,2026-09-28,130.9,130.9,129.9,130.4,14200,True,8855.0,0.01795472287275568,0.0007674597083653367,-0.02175543885971498,-0.08233638282899358,-0.18244514106583065,131.82500000000002,140.20999999999998,False,False,-0.2293144208037824,0.03821656050955413,0.06433696217165252,0.03424591557543588,0.029235925635902715,-0.13167606597191184,-0.24653257407600704,0.05305490474681418,0.028979067059620056,0.021858734997747375,-0.12467268951822796,-0.21621838479778221,0.0982958441969583,0.1575522172393915,0.16251482170572534,0.2342215256008361,5.0,7.0,13.0,14.0,0.9333333333333333,0.9,0.8,0.7796610169491526
NTL,CTCP Phát triển Đô thị Từ Liêm,3,Bất động sản,2026-09-28,12.15,12.2,11.35,11.4,1293900,True,589200.0,-0.06557377049180324,-0.24,-0.2499999999999999,-0.2875,-0.35300794551645853,14.032499999999999,15.391250000000003,False,False,-0.43731490621915103,0.004405286343612369,-0.019191531192906397,-0.20652154413292945,-0.1990086355043822,-0.33683968314291823,-0.4170953785266349,-0.03047358861774474,-0.21178839264874527,-0.20638582614253753,-0.32983630668923436,-0.3867811892484101,0.014767350832399384,-0.08321524246897383,-0.04264879546528105,0.06365872115020821,23.0,46.0,37.0,26.0,0.6333333333333333,0.25,0.4,0.576271186440678
NVL,CTCP Tập đoàn Đầu tư Địa ốc No Va ,3,Bất động sản,2026-09-28,11.7,11.8,11.05,11.05,10872200,True,13085220.0,-0.15325670498084287,-0.10526315789473673,-0.10162601626016254,-0.17104276069017255,-0.2400275103163686,12.867499999999998,13.17025,False,False,-0.4353602452733776,0.18562231759656656,-0.10687446568194603,-0.07178470202766618,-0.05063465176454485,-0.2203824438330908,-0.304114943326545,-0.11815652310678437,-0.077051550543482,-0.05801184240270019,-0.21337906737940693,-0.27380075404832016,-0.07291558365664025,0.05152159963628944,0.07380844384454638,0.17663915635029814,55.0,22.0,22.0,17.0,0.1,0.65,0.65,0.7288135593220338
NVT,CTCP Bất động sản Du lịch Ninh Vân Bay,25,"Dịch vụ lưu trú, ăn uống, giải trí",2026-09-24,7.0,7.0,7.0,7.0,200,False,1130.0,-0.03978052126200271,-0.0463215258855586,-0.10141206675224645,-0.08376963350785338,-0.17159763313609455,7.5025,7.554250000000001,False,False,-0.17647058823529416,0.0852713178294573,0.006601718036894133,-0.012843070018488056,-0.05042070225662876,-0.13310931665077164,-0.23568506614627094,-0.00468033938794421,-0.01810991853430388,-0.0577978928947841,-0.12610594019708776,-0.20537087686804611,-0.019890260631001355,0.04908694347923909,0.056608186475352096,0.06536397412962713,4.0,3.0,3.0,3.0,0.5,0.6666666666666666,0.6666666666666666,0.6666666666666666
OCB,Ngân hàng TMCP Phương Đông,11,Ngân hàng,2026-09-28,10.2,10.2,10.05,10.1,807300,True,2060260.0,-0.042654028436019065,-0.09009009009009006,-0.12173913043478268,0.05759162303664911,-0.08762420957542916,10.587499999999999,10.28525,False,False,-0.15410385259631487,0.11849390919158376,0.003728210862877779,-0.056611634223019514,-0.07074776593916499,0.008251939893730853,-0.15171164258560554,-0.007553846561960564,-0.06187848273883534,-0.07812495657732033,0.015255316347414727,-0.12139745330738072,-0.007463412600241859,-0.014902120165278032,0.016130616126481367,-0.02482687370482972,16.0,14.0,11.0,14.0,0.34782608695652173,0.43478260869565216,0.5652173913043478,0.43478260869565216
OGC,CTCP Tập đoàn Đại Dương,29,Tài chính khác,2026-09-28,2.14,2.14,2.09,2.1,52600,True,196465.0,-0.03669724770642202,-0.23636363636363633,-0.26315789473684215,-0.288135593220339,-0.5172413793103448,2.4924999999999997,2.9025,False,False,-0.5280898876404494,0.034482758620689724,0.009684991592474823,-0.2028851804965658,-0.21216653024122445,-0.33747527636325725,-0.5813288123205211,-0.00159706583236352,-0.2081520290123816,-0.2195437208793798,-0.3304718999095734,-0.5510146230422963,0.0,0.0,0.0,0.0,1.0,1.0,1.0,1.0,1.0,1.0,1.0,1.0
OPC,CTCP Dược phẩm OPC,8,Chăm sóc sức khỏe,2026-09-24,19.85,20.0,19.85,20.0,12700,False,4405.0,-0.03846153846153855,-0.14893617021276595,-0.1341991341991342,-0.11504424778761069,-0.11894273127753296,21.72,22.17,False,False,-0.19678714859437751,0.09589041095890405,0.007920700837358297,-0.1154577143456954,-0.08320776970351651,-0.16438393093052894,-0.18303016428770935,-0.0033613565874800466,-0.12072456286151123,-0.09058496034167185,-0.15738055447684507,-0.15271597500948453,-0.0030004027386227317,-0.09172330371985377,-0.027446935923880533,-0.03271110790320392,7.0,9.0,7.0,8.0,0.5,0.3333333333333333,0.5,0.4166666666666667
ORS,CTCP Chứng khoán Tiên Phong,5,Chứng khoán,2026-09-28,13.35,13.35,12.95,13.05,1252800,True,2051510.0,-0.04744525547445244,-0.04744525547445244,-0.10921501706484638,-0.011363636363636243,-0.07117437722419928,13.520000000000001,13.466249999999997,False,False,-0.19938650306748462,0.09663865546218497,-0.0010630161755555978,-0.013966799607381897,-0.05822365256922868,-0.0607033195065545,-0.13526181023437567,-0.012345073600393941,-0.019233648123197722,-0.06560084320738402,-0.053699943052870625,-0.10494762095615084,0.05749301613048596,0.12648775740337126,0.15363966893586062,0.2792692222688299,7.0,3.0,4.0,3.0,0.7142857142857143,0.9,0.85,0.8823529411764706
PAC,CTCP Pin Ắc quy Miền Nam,27,Thiết bị điện,2026-09-28,13.9,14.1,13.7,13.9,37100,True,120285.0,-0.06711409395973156,-0.22128851540616246,-0.24864864864864866,-0.38874230430958656,-0.3911519929916776,16.831,19.124000000000002,False,False,-0.4599844599844599,0.014598540145985384,-0.020731854660834714,-0.1878100595390919,-0.19765728415303097,-0.4380819874525048,-0.45523942600185396,-0.03201391208567306,-0.19307690805490774,-0.2050344747911863,-0.43107861099882094,-0.42492523672362914,-0.04801948483670904,-0.17094741403151664,-0.3183820745006885,-0.2310633457037204,7.0,8.0,8.0,8.0,0.25,0.125,0.125,0.125
PAN,CTCP Tập đoàn PAN,19,Thực phẩm - Đồ uống,2026-09-28,18.3,18.35,18.0,18.05,221100,True,407895.0,-0.057441253263707415,-0.1851015801354401,-0.20833333333333337,-0.24159663865546221,-0.26386623164763456,21.063,22.122,False,False,-0.3214285714285714,0.005571030640668662,-0.011059013964810571,-0.15162312426836955,-0.15734196883771567,-0.29093632179838047,-0.32795366465781095,-0.022341071389648914,-0.15688997278418537,-0.164719159475871,-0.2839329453446966,-0.2976394753795861,-0.03232206023009698,-0.1703396261065056,-0.23092452114545514,-0.25622538657721206,16.0,17.0,17.0,17.0,0.16666666666666666,0.1111111111111111,0.1111111111111111,0.1111111111111111
PC1,CTCP Tập Đoàn PC1,24,Xây dựng,2026-09-28,20.9,20.9,20.15,20.25,1008100,True,1587830.0,0.00746268656716409,-0.04705882352941182,-0.07954545454545459,-0.2415730337078652,-0.10556537102473496,20.634999999999998,22.608749999999997,False,False,-0.3711180124223603,0.21621621621621623,0.05384492586606093,-0.013580367662341275,-0.02855409004983689,-0.29091271685078346,-0.16965280403491134,0.04256286844122259,-0.0188472161781571,-0.03593128068799223,-0.2839093403970996,-0.13933861475668652,0.07588785540216897,0.07202529220157111,-0.04282424173533628,0.11601077928982889,5.0,9.0,19.0,7.0,0.8461538461538461,0.6923076923076923,0.3076923076923077,0.7692307692307693
PDN,CTCP Cảng Đồng Nai,23,Vận tải - kho bãi,2026-09-28,84.0,84.0,82.9,84.0,600,True,2835.0,-0.019836639439906656,-0.17159763313609477,-0.17322834645669283,-0.21714818266542402,-0.09774436090225558,95.12500000000001,102.38525,False,False,-0.28722952906236743,0.020656136087484844,0.026545599858990188,-0.13811917726902423,-0.12223698196107513,-0.2664878658083423,-0.16183179391243196,0.015263542434151844,-0.14338602578484005,-0.12961417259923047,-0.2594844893546584,-0.13151760463420714,-0.016762868948103415,-0.13665586940897334,-0.1740953450920384,-0.039188961182760496,25.0,33.0,32.0,21.0,0.3142857142857143,0.08571428571428572,0.11428571428571428,0.42857142857142855
PDR,CTCP Phát triển Bất động sản Phát Đạt,3,Bất động sản,2026-09-28,11.3,11.3,10.55,10.75,4451400,True,3727250.0,-0.11885245901639341,-0.23487544483985767,-0.26116838487972516,-0.32389937106918243,-0.5621181262729125,13.15,14.970000000000002,False,False,-0.6018518518518519,0.033653846153846034,-0.07247021971749656,-0.20139698897278713,-0.21017702038410746,-0.3732390542121007,-0.6262055592830889,-0.08375227714233491,-0.20666383748860295,-0.2175542110222628,-0.3662356777584168,-0.595891370004864,-0.038511337692190784,-0.07809068730883151,-0.0790481665344635,-0.14545145960624573,47.0,43.0,43.0,49.0,0.23333333333333334,0.3,0.3,0.1864406779661017
PDV,CTCP Vận Tải Và Tiếp Vận Phương Đông Việt,23,Vận tải - kho bãi,2026-09-28,8.53,9.12,8.53,8.65,9500,True,24310.0,0.04216867469879504,-0.035674470457079166,-0.0431415929203538,-0.06486486486486487,-0.1968430826369545,8.690999999999999,9.180250000000001,False,False,-0.25108225108225113,0.08125000000000004,0.08855091399769188,-0.0021960145900086214,0.007849771575263897,-0.11420454800778312,-0.2609305156471309,0.07726885657285354,-0.0074628631058244466,0.00047258093710855764,-0.10720117155409925,-0.23061632636890605,0.04524244519059828,-0.0007327067299577328,-0.02181202729147924,-0.1382876829174594,8.0,19.0,23.0,27.0,0.8,0.4857142857142857,0.37142857142857144,0.2571428571428571
PET,Tổng Công ty cổ phần Dịch vụ Tổng hợp Dầu khí,1,Bán buôn,2026-09-28,49.9,51.0,49.8,50.7,542500,True,649340.0,0.33773087071240115,0.3592493297587134,0.36363636363636376,0.4815897136177676,1.406264831514001,38.297999999999995,33.14375,True,True,-0.00588235294117645,1.6642143983184448,0.384113110011298,0.3927277856257839,0.41462772813198145,0.43225003047484933,1.3421773985038246,0.37283105258645965,0.3874609371099681,0.4072505374938261,0.4392534069285332,1.3724915877820494,0.39474841457205023,0.44890450217250655,0.6530182850463391,1.682087374086104,1.0,1.0,1.0,2.0,1.0,1.0,1.0,0.9545454545454546
PGC,Tổng Công ty Gas Petrolimex - CTCP,22,Tiện ích,2026-09-28,14.05,14.05,13.9,13.9,23700,True,75365.0,0.007246376811594235,0.139344262295082,0.12096774193548376,0.09881422924901195,0.11111111111111116,12.953999999999999,12.962250000000001,True,True,-0.19884726224783866,0.19415807560137455,0.05362861611049108,0.17282271816215256,0.17195910643110146,0.0494745461060937,0.047023678100934774,0.042346558685652735,0.16755586964633673,0.16458191579294612,0.05647792255977757,0.0773378673791596,0.016519351418607497,0.1567816821333896,0.13042914116047527,0.16300451924575354,12.0,3.0,4.0,6.0,0.65625,0.9375,0.90625,0.84375
PGI,Tổng Công ty cổ phần Bảo hiểm Petrolimex,2,Bảo hiểm,2026-09-28,20.5,20.5,20.5,20.5,100,True,775.0,-0.09090909090909094,0.2058823529411764,0.16147308781869696,0.10990795885219273,0.08008429926238136,20.202499999999997,19.246499999999997,True,True,-0.17004048582995945,0.24620060790273568,-0.044526851610194096,0.23936080880824695,0.21246445231431466,0.06056827570927448,0.015996866252204978,-0.05580890903503244,0.23409396029243112,0.20508726167615932,0.06757165216295835,0.0463110555304298,-0.10965909090909098,0.17350825222175192,0.22930288051615821,0.058781041117017985,5.0,2.0,1.0,2.0,0.2,0.8,1.0,0.8
PGV,Tổng Công ty Phát điện 3 - CTCP,22,Tiện ích,2026-09-28,21.5,22.45,21.45,22.45,3600,True,3800.0,0.046620046620046596,0.08297153883260977,0.1264425489212242,0.07829010566762729,0.16805411030176898,21.168499999999998,21.06375,True,True,-0.11089108910891088,0.33392751039809876,0.09300228591894344,0.11644999469968031,0.1774339134168419,0.02895042252470903,0.10396667729159259,0.0817202284941051,0.11118314618386449,0.17005672277868655,0.035953798978392904,0.13428086656981741,0.05589302122705986,0.10040895867091737,0.1099050175790906,0.21994751843641136,3.0,5.0,7.0,5.0,0.9375,0.875,0.8125,0.875
PHR,CTCP Cao su Phước Hòa,18,SX Nhựa - Hóa chất,2026-09-28,32.75,32.75,31.8,31.9,298900,True,423160.0,-0.04946364719904661,-0.06989734286879079,-0.07864438980105937,-0.0639731221227321,0.04224269380660317,33.29057502446982,33.45747146003263,False,False,-0.2130858376078658,0.20827313321053298,-0.0030814079001497685,-0.036418887001720246,-0.02765302530544167,-0.11331280526565035,-0.021844739203573216,-0.014363465324988112,-0.04168573551753607,-0.03503021594359701,-0.10630942881196648,0.008469450074651608,-0.04249500608406398,-0.05210131275243213,-0.019528677678287698,0.06821671978062915,19.0,20.0,14.0,10.0,0.28,0.24,0.48,0.64
PIT,CTCP Xuất nhập khẩu Petrolimex,1,Bán buôn,2026-09-28,8.24,8.85,8.24,8.24,3500,True,178925.0,-0.04739884393063587,0.12876712328767126,0.07012987012987004,0.023602484472049712,0.2676923076923077,8.009,7.722500000000001,True,True,-0.30756302521008405,0.3895446880269815,-0.0010166046317390265,0.1622455791547418,0.12112123462548774,-0.025737198670868544,0.2036048746821313,-0.01229866205657737,0.15697873063892598,0.1137440439873324,-0.01873382221718467,0.2339190639603561,0.009618699929013208,0.21842229570146443,0.1950310559006212,0.5435148502644107,11.0,3.0,5.0,3.0,0.5652173913043478,0.9130434782608695,0.8260869565217391,0.9090909090909091
PJT,CTCP Vận tải Xăng dầu Đường Thủy Petrolimex,23,Vận tải - kho bãi,2026-09-25,8.88,8.99,8.88,8.99,700,False,485.0,-0.016411378555798772,0.027428571428571358,0.011248593925759165,0.07151370679380209,0.038106235565819935,8.769,8.708,True,True,-0.11949069539667001,0.1907284768211921,0.02997086074309807,0.0609070272956419,0.06223995842137686,0.022174023650883834,-0.025981197444356452,0.018688803318259728,0.05564017877982608,0.05486276778322152,0.029177400104567708,0.0043329918338683715,-0.013337608063995532,0.06237033515569279,0.11456654436718772,0.09666163528531502,23.0,9.0,7.0,9.0,0.37142857142857144,0.7714285714285715,0.8285714285714286,0.7714285714285715
PLP,CTCP Sản xuất và Công nghệ Nhựa Pha Lê,18,SX Nhựa - Hóa chất,2026-09-28,3.6,3.68,3.55,3.68,38700,True,198190.0,-0.13207547169811318,-0.10243902439024377,-0.13817330210772827,-0.2977099236641222,-0.34050179211469533,4.1475,4.6884999999999994,False,False,-0.5720930232558139,0.03661971830985933,-0.08569323239921633,-0.06896056852317323,-0.08718193761211057,-0.34704960680704044,-0.4045892251248717,-0.09697528982405468,-0.07422741703898905,-0.09455912825026591,-0.34004623035335657,-0.3742750358466469,-0.12510683058313055,-0.08464299427388511,-0.2532654792196778,-0.31452776614066935,23.0,22.0,23.0,23.0,0.12,0.16,0.12,0.12
PLX,Tập đoàn Xăng Dầu Việt Nam,1,Bán buôn,2026-09-28,35.2,35.2,34.6,34.65,1334100,True,5259055.0,-0.03750000000000009,-0.0031645569620253333,-0.018135449135732506,-0.10718886884823509,0.03125,36.2195,40.3035,False,False,-0.49014125956444965,0.125,0.008882239298896755,0.03031389890504521,0.03285591535988519,-0.15652855199115334,-0.03283743301017639,-0.0023998181259415885,0.025047050389229386,0.02547872472172985,-0.14952517553746947,-0.0025232437319515633,0.01951754385964899,0.08649061545176784,0.0642397025803364,0.30707254257210304,10.0,6.0,8.0,5.0,0.6086956521739131,0.782608695652174,0.6956521739130435,0.8181818181818182
PMG,CTCP Đầu tư và Sản xuất Petro Miền Trung,1,Bán buôn,2026-09-25,5.9,5.9,5.77,5.8,2300,False,2870.0,-0.07936507936507942,-0.10906298003072201,-0.039735099337748325,-0.17142857142857149,-0.5166666666666666,6.3415,7.01575,False,False,-0.536,0.03942652329749108,-0.03298284006618257,-0.07558452416365147,0.011256265157869372,-0.22076825457148974,-0.580754099676843,-0.044264897491020916,-0.08085137267946729,0.003879074519714032,-0.21376487811780587,-0.5504399103986182,-0.022347535505430338,-0.01940780761692884,0.0,-0.24084412409456357,14.0,14.0,12.0,19.0,0.43478260869565216,0.43478260869565216,0.5217391304347826,0.18181818181818182
PNC,CTCP Văn hóa Phương Nam,7,Bán lẻ,2026-09-16,23.6,23.6,23.6,23.6,200,False,320.0,-0.1526032315978456,-0.08880308880308874,-0.028806584362139898,0.11058823529411765,0.08108108108108114,27.595500000000005,26.321500000000004,False,False,-0.264797507788162,0.34857142857142875,-0.10622099229894877,-0.05532463293601819,0.0221847801334778,0.0612485521511994,0.016993648070904754,-0.11750304972378711,-0.06059148145183402,0.01480758949532246,0.06825192860488327,0.04730783734912958,-0.11336556343641069,-0.03837935998952946,0.166392826621571,0.14362500970875347,11.0,8.0,1.0,3.0,0.23076923076923078,0.4166666666666667,1.0,0.8333333333333334
PNJ,CTCP Vàng bạc Đá quý Phú Nhuận,7,Bán lẻ,2026-09-28,30.7,30.7,30.7,30.7,1857000,True,4627105.0,-0.233458177278402,-0.34120171673819744,-0.4770017035775128,-0.576551724137931,-0.4508050089445438,46.597500000000004,59.75725,False,False,-0.6372444759541533,0.014876033057851235,-0.18707593797950517,-0.3077232608711269,-0.4260103390818951,-0.6258914072808492,-0.5148924419547202,-0.1983579954043435,-0.3129901093869427,-0.43338752972005046,-0.6188880308271654,-0.48457825267649535,-0.1942205091169671,-0.29077798792463816,-0.5207471328104776,-0.38826108031687145,12.0,12.0,12.0,12.0,0.15384615384615385,0.08333333333333333,0.08333333333333333,0.08333333333333333
POW,Tổng Công ty Điện lực Dầu khí Việt Nam - CTCP,22,Tiện ích,2026-09-28,12.45,12.5,12.25,12.4,3285500,True,5786045.0,-0.035019455252918275,-0.12056737588652477,-0.16778523489932884,-0.01976284584980237,0.0024252223120453387,13.462499999999997,13.47375,False,False,-0.26409495548961426,0.16104868913857695,0.011362784045978569,-0.08708892001945423,-0.11679387040371114,-0.06910252899272062,-0.06166221069813105,8.072662114022577e-05,-0.09235576853527006,-0.12417106104186648,-0.06209915253903675,-0.031348021419906225,-0.025746480645905012,-0.10312995604821718,0.011852066061660949,0.05431863044668772,24.0,29.0,14.0,12.0,0.28125,0.125,0.59375,0.65625
PPC,CTCP Nhiệt điện Phả Lại,22,Tiện ích,2026-09-28,8.73,8.76,8.6,8.61,52400,True,70040.0,-0.03367003367003374,-0.06818181818181823,-0.09177215189873433,-0.16000000000000003,-0.16000000000000003,9.1785,9.6675,False,False,-0.24473684210526325,0.0011627906976743319,0.012712205628863105,-0.03470336231474769,-0.040780787403116636,-0.2093396831429183,-0.22408743301017642,0.0014301482040247615,-0.03997021083056351,-0.048157978041271976,-0.2023363066892344,-0.1937732437319516,-0.024397059063020476,-0.05074439834351063,-0.12838508808853671,-0.10810659186535765,23.0,26.0,30.0,28.0,0.3125,0.21875,0.09375,0.15625
PTB,CTCP Phú Tài,26,SX Phụ trợ,2026-09-28,29.3,29.45,28.45,28.5,49200,True,100585.0,-0.0836012861736335,-0.2191780821917808,-0.2450331125827815,-0.2458322307488754,-0.16422287390029333,34.342499999999994,37.17725,False,False,-0.3796255986068785,0.027027027027026973,-0.03721904687473665,-0.18569962632471027,-0.1940417480871638,-0.29517191389179365,-0.22831030691046972,-0.04850110429957499,-0.1909664748405261,-0.20141893872531913,-0.2881685374381098,-0.1979961176322449,-0.06946701055525883,-0.2235070865207851,-0.2143552331701829,-0.14512565167807112,16.0,18.0,17.0,13.0,0.21052631578947367,0.10526315789473684,0.15789473684210525,0.3684210526315789
PTC,CTCP Đầu Tư Icapital,24,Xây dựng,2026-09-28,5.2,5.2,5.2,5.2,100,True,3760.0,-0.056261343012704135,-0.23976608187134496,-0.1875,-0.23529411764705876,-0.33333333333333326,6.0265,6.460499999999999,False,False,-0.37349397590361444,0.019607843137255054,-0.009879103713807291,-0.20628762600427442,-0.1365086355043823,-0.284633800789977,-0.39742076634350965,-0.021161161138645634,-0.21155447452009024,-0.14388582614253764,-0.27763042433629315,-0.3671065770652848,0.012163825822300744,-0.12068196614036203,-0.03654532567452984,-0.11175718301876941,12.0,25.0,18.0,16.0,0.5769230769230769,0.07692307692307693,0.34615384615384615,0.4230769230769231
PTL,CTCP Victory Group,3,Bất động sản,2026-09-28,1.72,1.72,1.7,1.7,3700,True,28135.0,-0.0449438202247191,-0.154228855721393,-0.21296296296296302,-0.39929328621908133,-0.5238095238095237,2.0500000000000003,2.418,False,False,-0.5417789757412399,0.03658536585365857,0.0014384190741777436,-0.12075039985432245,-0.16197159846734532,-0.4486329693619996,-0.5878969568197001,-0.0098436383506606,-0.12601724837013828,-0.16934878910550066,-0.4416295929083157,-0.5575827675414753,0.035397301099483525,0.0025559018096331654,-0.1544420816843624,-0.10714285714285698,18.0,30.0,54.0,45.0,0.7166666666666667,0.5166666666666667,0.11666666666666667,0.2542372881355932
PVD,Tổng Công ty cổ phần Khoan và Dịch vụ khoan Dầu khí,10,Khai khoáng,2026-09-28,18.1,18.2,17.85,17.95,2402700,True,5821460.0,-0.06510416666666663,-0.07806882383153568,-0.07948717948717954,-0.10829607550919029,0.3526752072343633,18.668999999999997,19.19325,False,False,-0.34152604548789445,0.5941385435168738,-0.018721927367769786,-0.04459036796446514,-0.02849581499156184,-0.15763575865210855,0.2885877742241869,-0.03000398479260813,-0.049857216480280964,-0.03587300562971718,-0.15063238219842467,0.31890196350241173,-0.021442194835680772,0.0,-0.02973157502422419,0.2210085405676967,8.0,5.0,6.0,3.0,0.2222222222222222,0.5555555555555556,0.4444444444444444,0.7777777777777778
PVP,CTCP Vận tải Dầu khí Thái Bình Dương,23,Vận tải - kho bãi,2026-09-28,21.0,21.5,20.65,20.75,915800,True,1143545.0,0.14325068870523427,0.23511904761904767,0.1789772727272727,0.41638225255972694,0.46023926812104143,17.979,16.871999999999996,True,True,-0.03488372093023251,0.5302359882005898,0.18963292800413112,0.2685975034861182,0.2299686372228904,0.3670425694168087,0.39615183511086505,0.17835087057929278,0.2633306549703024,0.22259144658473506,0.37404594587049256,0.42646602438908987,0.14632445919703752,0.2700608113461691,0.45943509013311257,0.5187946678405365,3.0,1.0,1.0,1.0,0.9428571428571428,1.0,1.0,1.0
PVT,Tổng Công ty cổ phần Vận tải Dầu khí,23,Vận tải - kho bãi,2026-09-28,23.2,23.6,23.0,23.1,2884600,True,6427900.0,0.1435643564356437,0.22222222222222232,0.16666666666666674,0.20000000000000018,0.37173396674584325,20.148500000000006,20.075,True,True,-0.22379032258064513,0.5430861723446894,0.18994659573454054,0.25570067808929287,0.21765803116228444,0.15066031685708192,0.30764653373566686,0.1786645383097022,0.25043382957347704,0.2102808405241291,0.1576636933107658,0.3379607230138917,0.14663812692744693,0.25716398594934375,0.2430528375733858,0.43028936646533833,2.0,2.0,3.0,2.0,0.9714285714285714,0.9714285714285714,0.9428571428571428,0.9714285714285714
QCG,CTCP Quốc Cường Gia Lai,3,Bất động sản,2026-09-28,9.74,9.85,9.52,9.6,28400,True,83890.0,-0.12727272727272732,-0.1759656652360515,-0.18644067796610175,-0.2941176470588235,-0.37662337662337664,11.1455,12.5515,False,False,-0.4893617021276596,0.04918032786885229,-0.08089048797383047,-0.14248720936898096,-0.13544931347048406,-0.34345733020174174,-0.440710809633553,-0.09217254539866881,-0.14775405788479679,-0.1428265041086394,-0.33645395374805787,-0.4103966203553282,-0.04693160594852469,-0.01918090770502534,-0.04926644252410456,0.0400432900432901,48.0,34.0,39.0,27.0,0.21666666666666667,0.45,0.36666666666666664,0.559322033898305
QNP,CTCP Cảng Quy Nhơn,23,Vận tải - kho bãi,2026-09-25,30.7,30.7,30.7,30.7,300,False,1635.0,-0.019169329073482455,-0.04062500000000002,-0.053929121725732054,-0.016340916372957426,0.003924133420536435,31.331,30.87175,False,False,-0.0716661626852132,0.1472346786248131,0.02721291022541439,-0.007146544132929478,-0.0029377572301143573,-0.06568059951587568,-0.06016329958963995,0.015930852800576045,-0.012413392648745303,-0.010314947868269697,-0.05867722306219181,-0.029849110311415128,-0.016095558581679215,-0.005683236272878589,0.0267119212004282,0.06247953314003152,24.0,21.0,15.0,11.0,0.34285714285714286,0.42857142857142855,0.6,0.7142857142857143
RAL,CTCP Bóng đèn Phích nước Rạng Đông,27,Thiết bị điện,2026-09-28,74.0,74.0,73.9,73.9,700,True,2910.0,-0.03524804177545682,-0.0810743596120368,-0.08978938292893202,-0.09391858754291316,-0.1714317748626527,78.512,81.83125,False,False,-0.17751808569838612,0.0013550135501356753,0.011134197523440026,-0.04759590374496625,-0.03879801843331432,-0.1432582706858314,-0.2355192078728291,-0.00014785990139831728,-0.052862752260782075,-0.04617520907146966,-0.13625489423214754,-0.20520501859460427,-0.016153432652434296,-0.03073325823739098,-0.0235583577340151,-0.011343127574695522,5.0,5.0,5.0,5.0,0.5,0.5,0.5,0.5
REE,CTCP Cơ Điện Lạnh,24,Xây dựng,2026-09-28,46.05,46.1,45.4,45.55,204100,True,326680.0,0.0,-0.030851063829787306,-0.06659836065573765,-0.18602573266619016,-0.19664902998236344,47.65,51.027750000000005,False,False,-0.2935794044665013,0.07176470588235295,0.046382239298896843,0.0026273920372832382,-0.015606996160119957,-0.2353654158091084,-0.26073646299253983,0.0351001818740585,-0.002639456478532587,-0.022984186798275297,-0.22836203935542454,-0.230422273714315,0.06842516883500488,0.08823305190119562,0.012723059306338769,0.024927120332200403,6.0,8.0,11.0,12.0,0.8076923076923077,0.7307692307692307,0.6153846153846154,0.5769230769230769
RYG,CTCP Sản xuất và Đầu tư Hoàng Gia,16,SX Hàng gia dụng,2026-09-28,8.45,8.45,8.45,8.45,100,True,68320.0,0.018072289156626287,-0.0864864864864866,-0.07142857142857151,-0.21028037383177567,-0.3130081300813009,9.0945,9.85725,False,False,-0.31854838709677424,0.0917312661498706,0.06445452845552313,-0.05300803061941606,-0.02043720693295381,-0.2596200569746939,-0.3770955630914773,0.05317247103068479,-0.05827487913523188,-0.02781439757110915,-0.25261668052101005,-0.34678137381325247,0.047658087973194374,-0.015953571125985055,-0.07984559122307999,-0.1757199944880805,4.0,11.0,12.0,12.0,0.8235294117647058,0.4117647058823529,0.35294117647058826,0.35294117647058826
S4A,CTCP Thủy điện Sê San 4A,22,Tiện ích,2026-09-25,32.1,32.6,32.1,32.6,1000,False,1180.0,0.03492063492063502,-0.009118541033434568,0.0030769230769231992,0.02774274905422458,0.016843418590143378,32.45,32.154250000000005,True,True,-0.0717539863325739,0.08161911081619122,0.08130287421953186,0.024359914833635976,0.054068287572540896,-0.021596934088693676,-0.04724401442003301,0.07002081679469352,0.01909306631782015,0.046691096934385556,-0.014593557635009802,-0.016929825141808186,0.04419360952764828,0.008318878804873031,0.0593576609656879,0.06873682672478576,5.0,15.0,9.0,11.0,0.875,0.5625,0.75,0.6875
SAB,Tổng Công ty cổ phần Bia - Rượu - Nước giải khát Sài Gòn,19,Thực phẩm - Đồ uống,2026-09-28,44.0,44.0,43.25,43.55,393500,True,452635.0,-0.03969128996692406,-0.012919310970081588,-0.02833556448014285,0.055501696558410085,0.0629729070051257,44.650499999999994,44.3005,False,False,-0.18476226132534634,0.10701576004067093,0.006690949331972784,0.020559144896988957,0.022655800015474847,0.006162013415491829,-0.0011145260050506867,-0.004591108092865559,0.015292296381173132,0.015278609377319508,0.013165389869175703,0.029199663273174137,-0.014572096933313627,0.0018426430588528997,0.06617381406841716,0.07061375207554821,14.0,8.0,6.0,6.0,0.2777777777777778,0.6111111111111112,0.7222222222222222,0.7222222222222222
SAM,CTCP SAM Holdings,27,Thiết bị điện,2026-09-28,6.2,6.2,6.05,6.11,57600,True,105665.0,0.0016393442622952836,0.026890756302521135,0.025167785234899487,-0.046801872074882955,-0.18206157965194103,6.01,6.29575,True,False,-0.20546163849154742,0.13148148148148153,0.04802158356119213,0.06036921216959168,0.07615914973051718,-0.09614155521780121,-0.24614901266211742,0.036739526136353784,0.055102363653775854,0.06878195909236184,-0.08913817876411734,-0.2158348233838926,0.020733953385317805,0.07723185767716695,0.0235583577340151,-0.021972932363983844,3.0,1.0,4.0,6.0,0.75,1.0,0.625,0.375
SAV,CTCP Hợp tác Kinh tế và Xuất nhập khẩu Savimex,16,SX Hàng gia dụng,2026-09-28,12.8,12.8,12.8,12.8,100,True,2040.0,0.019920318725099584,-0.030303030303030165,-0.041198501872659055,0.06135986733001664,-0.08701854493580596,13.004,12.6555,False,True,-0.13396481732070353,0.16894977168949787,0.06630255802399643,0.0031754255640403795,0.009792862622958642,0.012020184187098382,-0.15110597794598235,0.055020500599158084,-0.0020914229517754457,0.0024156719848033026,0.019023560640782256,-0.12079178866775753,0.04950611754166767,0.04022988505747138,0.1917946499387123,0.05026959065741443,3.0,5.0,2.0,6.0,0.8823529411764706,0.7647058823529411,0.9411764705882353,0.7058823529411765
SBA,CTCP Sông Ba,22,Tiện ích,2026-09-28,24.85,25.0,24.3,24.8,1200,True,3835.0,-0.002012072434607659,-0.057034220532319435,-0.07462686567164178,-0.06309029089535312,-0.08722856091277142,25.735500000000002,26.266000000000002,False,False,-0.12336514669494514,0.04201680672268915,0.044370166864289184,-0.02355576466524889,-0.023635501176024087,-0.11242997403827137,-0.1513159939229478,0.03308810943945084,-0.028822613181064716,-0.031012691814179427,-0.1054265975845875,-0.12100180464472299,0.007260902172405603,-0.039596800694011836,-0.0314753789838898,-0.03533515277812904,13.0,22.0,23.0,18.0,0.625,0.34375,0.3125,0.46875
SBG,CTCP Tập đoàn Cơ khí Công nghệ cao Siba,15,"SX Thiết bị, máy móc",2026-09-28,14.05,14.5,14.05,14.35,269900,True,295605.0,0.014134275618374437,0.21097046413502119,0.21097046413502119,0.49323621227887626,0.3959143968871597,12.495499999999998,11.573,True,True,-0.013745704467354014,0.5331196581196582,0.06051651491727128,0.24444892000209173,0.2619618286306389,0.443896529135958,0.3318269638769833,0.04923445749243294,0.2391820714862759,0.25458463799248354,0.4508999055896419,0.3621411531552081,0.019953735747331558,0.1376634498892928,0.27411810613943816,0.3199571984435799,1.0,1.0,1.0,1.0,1.0,1.0,1.0,1.0
SBT,CTCP Thành Thành Công - Biên Hòa,19,Thực phẩm - Đồ uống,2026-09-28,22.75,22.75,22.55,22.6,613200,True,1146845.0,-0.017391304347825987,0.06103286384976525,0.06352941176470606,0.09443099273607758,-0.005281690140845008,21.8525,21.738999999999997,True,True,-0.1314373558800922,0.18077324973876707,0.028990934951070857,0.0945113197168358,0.11452077626032375,0.04509130959315932,-0.0693691231510214,0.017708877526232514,0.08924447120101997,0.10714358562216841,0.0520946860468432,-0.03905493387279657,0.007727888685784445,0.07579481787869974,0.10510311024608465,0.0023591549295775005,6.0,2.0,2.0,9.0,0.7222222222222222,0.9444444444444444,0.9444444444444444,0.5555555555555556
SBV,CTCP Siam Brothers Việt Nam,26,SX Phụ trợ,2026-09-25,6.29,6.29,5.78,6.18,2500,False,1465.0,-0.008025682182985716,-0.032863849765258246,-0.026771653543307128,-0.11461318051575942,-0.20769230769230773,6.3184999999999985,6.9392499999999995,False,False,-0.27294117647058824,0.12568306010928953,0.03835655711591113,0.0006146061018122984,0.02421971095231057,-0.16395286365867767,-0.2717797407024841,0.027074499691072784,-0.004652242414003527,0.01684252031415523,-0.1569494872049938,-0.2414655514242593,0.006108593435388943,-0.03719285409426254,-0.08313618293706693,-0.18859508547008552,9.0,12.0,14.0,16.0,0.5789473684210527,0.42105263157894735,0.3157894736842105,0.21052631578947367
SC5,CTCP Xây dựng Số 5,24,Xây dựng,2026-09-28,14.8,14.8,14.8,14.8,200,True,1135.0,-0.17318435754189931,-0.08641975308641969,-0.010033444816053394,-0.02631578947368407,-0.12426035502958566,15.944999999999999,15.834999999999999,False,False,-0.1912568306010929,0.053380782918149405,-0.12680211824300247,-0.05294129721934915,0.0409579196795643,-0.07565547261660233,-0.18834778803976204,-0.1380841756678408,-0.05820814573516497,0.03358072904140896,-0.06865209616291845,-0.15803359876153722,-0.10475918870689443,0.03266436264456324,0.17243300249884486,0.09731579528497819,26.0,11.0,8.0,9.0,0.038461538461538464,0.6153846153846154,0.7307692307692307,0.6923076923076923
SCR,CTCP Địa ốc Sài Gòn Thương Tín,3,Bất động sản,2026-09-28,3.96,4.03,3.81,3.85,680700,True,792185.0,-0.14634146341463405,-0.26806083650190105,-0.22999999999999998,-0.3810289389067524,-0.6146146146146146,4.7305,5.6215,False,False,-0.6225490196078431,0.01049868766404205,-0.09995922411573721,-0.2345823806348305,-0.17900863550438229,-0.43036862204967063,-0.678702047624791,-0.11124128154057555,-0.23984922915064633,-0.18638582614253763,-0.42336524559598676,-0.6483878583465662,-0.06600034209043143,-0.11127607897087488,-0.13617773437203345,-0.1979479479479479,54.0,55.0,52.0,56.0,0.11666666666666667,0.1,0.15,0.06779661016949153
SCS,CTCP Dịch vụ Hàng hóa Sài Gòn,23,Vận tải - kho bãi,2026-09-28,44.3,44.6,43.95,43.95,56200,True,84590.0,-0.002270147559591207,-0.042900696864111465,-0.05747372935878192,-0.13874191651969425,-0.1855077835433654,45.588499999999996,48.214749999999995,False,False,-0.21949920085242403,0.046428571428571486,0.04411209173930564,-0.00942224099704092,-0.006482364863164225,-0.1880815996626125,-0.24959521655354178,0.032830034314467293,-0.014689089512856746,-0.013859555501319565,-0.18107822320892863,-0.21928102727531695,0.0008036229322120336,-0.007958933136990032,-0.09568907894630863,-0.1269523838238703,17.0,22.0,29.0,26.0,0.5428571428571428,0.4,0.2,0.2857142857142857
SFC,CTCP Nhiên liệu Sài Gòn,7,Bán lẻ,2026-09-25,16.0,17.1,16.0,17.1,800,False,440.0,0.036363636363636376,-0.04999999999999993,-0.036619718309859106,0.0,-0.06198573779484362,17.3775,17.96575,False,False,-0.2648323301805675,0.07886435331230301,0.08274587566253322,-0.01652154413292939,0.014371646185758591,-0.049339683142918256,-0.12607317080502,0.07146381823769488,-0.021788392648745214,0.006994455547603251,-0.04233630668923438,-0.09575898152679518,0.0756013045250713,0.0004237288135593431,0.05580459132745336,0.0005581908328287088,2.0,6.0,5.0,6.0,0.9230769230769231,0.5833333333333334,0.6666666666666666,0.5833333333333334
SFG,CTCP Phân Bón Miền Nam,18,SX Nhựa - Hóa chất,2026-09-25,10.45,10.45,10.45,10.45,200,False,1435.0,-0.009478672985782088,0.004807692307692291,0.023506366307541438,0.014563106796116276,0.028543307086614123,10.4435,10.26775,True,True,-0.13778877887788776,0.13710554951033727,0.036903566313114755,0.038286148174762835,0.07449773080315913,-0.03477657634680198,-0.035544125923562264,0.025621508888276412,0.03301929965894701,0.0671205401650038,-0.027773199893118106,-0.005229936645337441,-0.0025100318707994562,0.022603722424050954,0.059007551240560674,0.054517333060640105,14.0,11.0,10.0,11.0,0.48,0.6,0.64,0.6
SFI,CTCP Đại lý Vận tải SAFI,23,Vận tải - kho bãi,2026-09-23,25.5,25.5,25.5,25.5,100,False,1735.0,-0.03041825095057038,-0.10839160839160844,-0.12068965517241381,-0.054154302670623156,0.04851973684210531,27.240999999999996,26.683749999999996,False,False,-0.12068965517241381,0.11256544502617793,0.015963988348326463,-0.0749131525245379,-0.06969829067679612,-0.10349398581354141,-0.015567696168071077,0.00468193092348812,-0.08018000104035372,-0.07707548131495146,-0.09649060935985754,0.014746493110153747,-0.02734448045876714,-0.07344984466448701,-0.011101465097237528,0.10707513656160039,27.0,29.0,21.0,8.0,0.2571428571428571,0.2,0.42857142857142855,0.8
SGN,CTCP Phục vụ Mặt đất Sài Gòn,23,Vận tải - kho bãi,2026-09-28,51.8,51.9,51.0,51.0,11600,True,6590.0,-0.04315196998123827,-0.08273381294964033,-0.0941385435168739,-0.02857142857142858,-0.19735599622285172,53.80499999999999,54.775,False,False,-0.2080745341614908,0.015936254980079667,0.003230269317658574,-0.049255357082569784,-0.0431471790212562,-0.07791111171434684,-0.2614434292330281,-0.00805178810717977,-0.05452220559838561,-0.05052436965941154,-0.07090773526066296,-0.23112923995480328,-0.04007819948943503,-0.047792049222518895,0.014481409001957046,-0.13880059650335663,29.0,28.0,16.0,28.0,0.2,0.22857142857142856,0.5714285714285714,0.22857142857142856
SGR,CTCP Tổng CTCP Địa ốc Sài Gòn,3,Bất động sản,2026-09-28,10.45,10.6,10.45,10.6,83000,True,42370.0,0.06000000000000005,-0.038112522686025385,-0.08620689655172409,-0.19391634980988603,-0.5170842824601367,10.6875,12.114,False,False,-0.517962710322874,0.12765957446808507,0.1063822392988969,-0.004634066818954841,-0.03521553205610639,-0.2432560329528043,-0.5811717154703131,0.09510018187405855,-0.009900915334770666,-0.04259272269426173,-0.23625265649912042,-0.5508575261920883,0.14034112132420268,0.11867223484500078,0.05093485472483289,-0.10041761579346997,1.0,12.0,26.0,44.0,1.0,0.8166666666666667,0.5833333333333334,0.2711864406779661
SGT,CTCP Công nghệ Viễn Thông Sài Gòn,6,Công nghệ và thông tin,2026-09-28,8.61,8.89,8.5,8.89,31500,True,20230.0,-0.05425531914893611,-0.3187739463601532,-0.3463235294117647,-0.42645161290322575,-0.492,11.554499999999999,13.58475,False,False,-0.500561797752809,0.11125000000000007,-0.007873079850039266,-0.28529549049308267,-0.295332164916147,-0.475791296046144,-0.5560874330101764,-0.01915513727487761,-0.2905623390088985,-0.30270935555430234,-0.46878791959246013,-0.5257732437319516,0.004102064208447165,-0.19179572845903414,-0.2632804001071727,-0.23011985766836524,3.0,8.0,8.0,8.0,0.75,0.125,0.125,0.125
SHA,CTCP Sơn Hà Sài Gòn,16,SX Hàng gia dụng,2026-09-28,3.71,3.71,3.71,3.71,300,True,3595.0,-0.058375634517766506,-0.031331592689295085,-0.07250000000000001,-0.06783919597989951,-0.10169491525423724,3.9279999999999995,3.94775,False,False,-0.15681818181818186,0.04802259887005644,-0.011993395218869662,0.00214686317777546,-0.021508635504382312,-0.11717887912281777,-0.16578234826441363,-0.023275452643708006,-0.0031199853380403653,-0.02888582614253765,-0.1101755026691339,-0.1354681589861888,-0.02878983570119842,0.03920132267120646,0.06259558662879616,0.035593220338983156,14.0,6.0,7.0,7.0,0.23529411764705882,0.7058823529411765,0.6470588235294118,0.6470588235294118
SHB,Ngân hàng TMCP Sài Gòn - Hà Nội,11,Ngân hàng,2026-09-28,11.6,11.6,11.35,11.35,13955400,True,40637395.0,-0.05809128630705407,-0.1368821292775666,-0.16849816849816857,-0.23825503355704702,-0.3311726576311137,12.56,13.91825,False,False,-0.37637362637362637,0.022522522522522515,-0.011709047008157225,-0.10340367341049606,-0.11750680400255087,-0.2875947166999653,-0.3952600906412901,-0.02299110443299557,-0.10867052192631188,-0.12488399464070621,-0.2805913402462814,-0.36494590136306526,-0.022900670471276863,-0.061694159352754574,-0.27971604046721477,-0.26837532176051426,19.0,18.0,22.0,22.0,0.21739130434782608,0.2608695652173913,0.08695652173913043,0.08695652173913043
SHI,CTCP Quốc tế Sơn Hà,26,SX Phụ trợ,2026-09-28,13.75,14.0,13.6,13.95,15500,True,239955.0,-0.014134275618374659,-0.010638297872340496,-0.010638297872340496,-0.021052631578947434,-0.05423728813559325,14.102500000000001,14.169999999999998,False,False,-0.2734375,0.04494382022471899,0.032247963680522185,0.022840157994730048,0.0403530666232772,-0.07039231472186569,-0.11832472114576964,0.02096590625568384,0.017573309478914223,0.03297587598512186,-0.06338893826818182,-0.08801053186754482,0.0,-0.01496730220134479,0.010424365999745056,-0.035140065913371044,10.0,11.0,9.0,11.0,0.5263157894736842,0.47368421052631576,0.5789473684210527,0.47368421052631576
SHP,CTCP Thủy điện Miền Nam,22,Tiện ích,2026-09-28,31.2,31.5,31.2,31.5,700,True,2240.0,0.012861736334405016,-0.04255319148936165,-0.03669724770642213,-0.0319606637984019,-0.0319606637984019,31.886499999999995,31.98275,False,False,-0.07352941176470584,0.057046979865771785,0.05924397563330186,-0.009074735622291108,0.014294116789195566,-0.08130034694132016,-0.09604809680857829,0.047961918208463516,-0.014341584138106933,0.006916926151040226,-0.07429697048763628,-0.06573390753035346,0.02213471094141828,-0.025115771651054053,-0.0003457518869385834,0.019932744336240482,8.0,19.0,17.0,15.0,0.78125,0.4375,0.5,0.5625
SIP,CTCP Đầu tư Sài Gòn VRG,22,Tiện ích,2026-09-28,49.4,49.9,49.1,49.3,50200,True,72735.0,0.008179959100204526,-0.006048387096774244,-0.013013013013013164,-0.10962615134549392,-0.06451612903225812,49.8675,52.126250000000006,False,False,-0.2106948447006084,0.09191583610188259,0.05456219839910137,0.0274300687702963,0.03797835148260453,-0.15896583448841217,-0.1286035620424345,0.043280140974263026,0.022163220254480476,0.030601160844449193,-0.1519624580347283,-0.09828937276420968,0.017452933707217788,0.011389032741533356,-0.0780112394340306,-0.012622720897615736,11.0,13.0,26.0,17.0,0.6875,0.625,0.21875,0.5
SJD,CTCP Thủy điện Cần Đơn,22,Tiện ích,2026-09-28,13.9,13.9,13.85,13.9,51800,True,45615.0,-0.0035842293906809264,-0.0071428571428571175,-0.017667844522968212,-0.0071428571428571175,-0.024561403508771895,14.002499999999998,14.008749999999997,False,False,-0.03135888501742157,0.014598540145985384,0.04279800990821592,0.026335598724213427,0.033323519972649485,-0.05648254028577537,-0.08864883651894828,0.031515952483377574,0.021068750208397602,0.025946329334494145,-0.0494791638320915,-0.05833464724072346,0.005688745216332336,0.010294562695450482,0.0244720547686062,0.027332004625870487,14.0,14.0,13.0,14.0,0.59375,0.59375,0.625,0.59375
SJS,CTCP SJ Group,3,Bất động sản,2026-09-28,53.1,54.0,53.1,53.4,7800,True,26915.0,-0.08089500860585208,0.11715481171548126,0.11250000000000004,0.10444674250258523,-0.24788732394366197,50.90500000000001,52.402499999999996,True,True,-0.2684931506849315,0.19999999999999996,-0.03451276930695524,0.1506332675825518,0.16349136449561774,0.05510705935966698,-0.31197475695383836,-0.04579482673179358,0.14536641906673597,0.1561141738574624,0.06211043581335085,-0.28166056767561354,-0.0005538872816494567,0.2739395692465074,0.34929794703730416,0.16877934272300477,31.0,1.0,7.0,19.0,0.5,1.0,0.9,0.6949152542372882
SKG,CTCP Tàu cao tốc Superdong - Kiên Giang,23,Vận tải - kho bãi,2026-09-28,7.29,7.3,7.18,7.22,26000,True,35375.0,-0.05620915032679741,-0.1394517282479143,-0.13116726835138393,-0.1653179190751446,-0.30510105871029847,7.958999999999999,8.593,False,False,-0.3207902163687677,0.029957203994293913,-0.009826911027900564,-0.10597327238084375,-0.08017590385576623,-0.21465760221806285,-0.36918849172047485,-0.021108968452738908,-0.11124012089665958,-0.08755309449392157,-0.20765422576437897,-0.33887430244225003,-0.05313537983499417,-0.10450996452079286,-0.12226508150175897,-0.24654565899080338,30.0,30.0,30.0,31.0,0.17142857142857143,0.17142857142857143,0.17142857142857143,0.14285714285714285
SMA,CTCP Thiết bị Phụ tùng Sài Gòn,1,Bán buôn,2026-09-24,6.1,6.1,6.1,6.1,200,False,500.0,-0.12857142857142867,-0.24691358024691357,-0.16780354706684864,-0.23750000000000004,-0.3304061470911087,7.8545,8.230250000000002,False,False,-0.4469628286491387,0.0,-0.08218918927253183,-0.21343512437984302,-0.11681218257123094,-0.2868396831429183,-0.3944935801012851,-0.09347124669737017,-0.21870197289565885,-0.12418937320938628,-0.2798363066892344,-0.3641793908230603,-0.07155388471177959,-0.1572584078331204,-0.06607142857142856,-0.05458360451900568,20.0,21.0,17.0,12.0,0.17391304347826086,0.13043478260869565,0.30434782608695654,0.5
SMB,CTCP Bia Sài Gòn - Miền Trung,19,Thực phẩm - Đồ uống,2026-09-28,40.55,40.6,40.55,40.6,2200,True,6795.0,0.012468827930174564,0.04909560723514206,0.04909560723514206,0.0809371671991479,0.08556149732620333,39.251999999999995,38.87025,True,True,-0.031026252983293534,0.1337615191287349,0.05885106722907141,0.0825740631022126,0.10008697173075976,0.03159748405622964,0.021474064316026942,0.047569009804233064,0.07730721458639678,0.09270978109260442,0.038600860509913515,0.051788253594251765,0.037588020963784996,0.06385756126407655,0.09160928470915497,0.09320234239662584,1.0,4.0,4.0,4.0,1.0,0.8333333333333334,0.8333333333333334,0.8333333333333334
SMC,CTCP Đầu tư Thương mại SMC,1,Bán buôn,2026-09-28,9.8,10.0,9.8,10.0,19200,True,70070.0,-0.004975124378109541,-0.029126213592233108,-0.05660377358490565,-0.20634920634920628,-0.3788819875776398,10.447500000000002,11.53,False,False,-0.3808049535603715,0.0869565217391306,0.0414071149207873,0.004352242274837437,-0.005612409089287951,-0.25568888949212454,-0.4429694205878162,0.03012505749594896,-0.0009146062409783884,-0.01298959972744329,-0.24868551303844066,-0.41265523130959136,0.05204241948153954,0.060528958821560064,-0.0349206349206348,-0.10305944500553677,6.0,9.0,15.0,14.0,0.782608695652174,0.6521739130434783,0.391304347826087,0.4090909090909091
SPM,CTCP SPM,8,Chăm sóc sức khỏe,2026-09-25,8.5,8.5,8.5,8.5,21000,False,3250.0,-0.14914914914914912,0.051980198019802026,-0.019607843137254943,-0.03409090909090917,-0.1771539206195547,9.144,9.305000000000001,False,False,-0.23423423423423417,0.1333333333333333,-0.10276690985025227,0.08545865388687257,0.031383521358362754,-0.08343059223382743,-0.2412413536297311,-0.11404896727509062,0.08019180537105675,0.024006330720207414,-0.07642721578014355,-0.21092716435150627,-0.1136880134262333,0.10919306451271421,0.05350640277282098,-0.09092229724522566,11.0,2.0,4.0,9.0,0.16666666666666666,0.9166666666666666,0.75,0.3333333333333333
SRC,CTCP Cao su Sao Vàng,17,Sản phẩm cao su,2026-09-25,35.5,35.95,35.5,35.95,200,False,1840.0,-0.02837837837837831,-0.10124999999999995,-0.12102689486552554,-0.12466520574628681,0.06047197640118007,39.234,38.966750000000005,False,False,-0.20182060390763756,0.07025900565644538,0.018003860920518533,-0.0677715441329294,-0.07003553036990784,-0.17400488888920507,-0.0036154566089963147,0.00672180349568019,-0.07303839264874523,-0.07741272100806318,-0.1670015124355212,0.02669873266922851,-0.004719492219492194,-0.001844512195121939,-0.06142516185680946,0.15941118662939074,3.0,3.0,3.0,1.0,0.5,0.5,0.5,1.0
SRF,CTCP SEAREFICO,24,Xây dựng,2026-09-28,7.96,7.98,7.96,7.98,400,True,43475.0,0.11764705882352944,0.05138339920948631,0.023076923076923217,0.1700879765395895,-0.02564102564102555,7.650999999999999,7.55625,True,True,-0.10538116591928248,0.28295819935691324,0.16402929812242628,0.08486185507655686,0.07406828757254091,0.12074829339667126,-0.08972845865120194,0.15274724069758794,0.07959500656074103,0.06669109693438557,0.12775166985035513,-0.05941426937297711,0.18607222765853432,0.17046751494046924,0.36883676851211844,0.1959351246735383,2.0,4.0,3.0,6.0,0.9615384615384616,0.8846153846153846,0.9230769230769231,0.8076923076923077
SSB,Ngân hàng TMCP Đông Nam Á,11,Ngân hàng,2026-09-28,19.3,19.45,18.5,18.75,2216300,True,3766535.0,0.07449856733524363,0.15384615384615374,0.13636363636363646,0.3450502152080346,0.15883807169344877,16.3975,15.258499999999998,True,True,-0.24395161290322587,0.4172335600907029,0.12088080663414047,0.1873246097132243,0.18735500085925416,0.2957105320651163,0.09475063868327238,0.10959874920930213,0.18205776119740846,0.17997781022109882,0.3027139085188002,0.1250648279614972,0.10968918317102083,0.22903412377096577,0.30358920829786684,0.2216354075640482,2.0,1.0,2.0,4.0,0.9565217391304348,1.0,0.9565217391304348,0.8695652173913043
SSC,CTCP Giống cây trồng Miền Nam,12,Nông - Lâm - Ngư,2026-09-23,22.6,22.6,22.6,22.6,200,False,355.0,0.027272727272727337,-0.2097902097902098,-0.1899641577060931,-0.2481703260146373,-0.2784163473818646,25.390000000000004,27.4955,False,False,-0.33685446009389663,0.1271820448877805,0.07365496657162418,-0.17631175392313925,-0.1389727932104754,-0.29751000915755554,-0.342503780392041,0.06237290914678584,-0.18157860243895507,-0.14634998384863074,-0.29050663270387167,-0.31218959111381617,0.0686937082874361,-0.09679150682545656,-0.11337408777012326,-0.05698293790135012,1.0,5.0,4.0,4.0,1.0,0.3333333333333333,0.4,0.25
SSI,CTCP Chứng khoán SSI,5,Chứng khoán,2026-09-28,20.7,20.75,20.0,20.15,21208500,True,19688265.0,-0.0427553444180524,-0.05131826741996237,-0.07906764168190128,-0.06712962962962976,-0.272825694695056,20.692999999999998,22.1535,False,False,-0.36193793540215324,0.1607142857142856,0.0036268948808444446,-0.017839811552891827,-0.028076277186283582,-0.11646931277254802,-0.3369131277052324,-0.007655162543993899,-0.023106660068707652,-0.03545346782443892,-0.10946593631886414,-0.3065989384270076,0.062182927186886006,0.12261474545786133,0.0978736756698671,0.07761790479797315,6.0,4.0,7.0,6.0,0.7619047619047619,0.85,0.7,0.7058823529411765
ST8,CTCP Tập đoàn ST8,1,Bán buôn,2026-09-28,2.3,2.3,2.13,2.13,127200,True,85900.0,0.02898550724637694,-0.2804054054054055,-0.2876254180602008,-0.35060975609756095,-0.6792168674698795,2.5935,3.2075000000000005,False,False,-0.6830357142857143,0.11518324607329844,0.07536774654527378,-0.24692694953833494,-0.2366340535645831,-0.3999494392404792,-0.7433043004800559,0.06408568912043544,-0.25219379805415076,-0.24401124420273845,-0.39294606278679534,-0.7129901112018311,0.08600305110602602,-0.1907502329916123,-0.17918118466898947,-0.4033943248977765,3.0,23.0,21.0,20.0,0.9130434782608695,0.043478260869565216,0.13043478260869565,0.13636363636363635
STB,Ngân hàng TMCP Sài Gòn Tài Lộc,11,Ngân hàng,2026-09-28,77.1,77.9,76.6,77.6,1139300,True,3212670.0,0.0038809831824062613,0.10699001426533528,0.07777777777777772,0.27631578947368407,0.3734513274336282,73.51499999999999,68.36500000000001,True,True,-0.017721518987341867,0.6887921653971707,0.050263222481303105,0.14046847013240582,0.12876914227339542,0.22697610633076581,0.3093638944234518,0.03898116505646476,0.13520162161659,0.12139195163524008,0.2339794827844497,0.3396780837016766,0.03907159901818347,0.1821779841901473,0.23485478256351633,0.4362486633042276,5.0,2.0,3.0,1.0,0.8260869565217391,0.9565217391304348,0.9130434782608695,1.0
STG,CTCP Kho vận Miền Nam,23,Vận tải - kho bãi,2026-09-28,32.5,35.7,32.5,35.7,200,True,1000.0,0.2704626334519573,0.20608108108108114,0.37044145873320544,0.02292263610315204,-0.016528925619834545,32.635000000000005,34.677499999999995,True,True,-0.19775280898876402,0.47216494845360835,0.31684487275085416,0.23955953694815169,0.42143282322882314,-0.026417047039766217,-0.08061635863001093,0.3055628153260158,0.23429268843233586,0.4140556325906678,-0.019413670586082343,-0.05030216935178611,0.27353640394376055,0.24102284480820257,0.06597547367653767,0.04202647409966054,1.0,3.0,10.0,12.0,1.0,0.9428571428571428,0.7428571428571429,0.6857142857142857
STK,CTCP Sợi Thế Kỷ,16,SX Hàng gia dụng,2026-09-28,7.7,7.7,7.7,7.7,900,True,15595.0,-0.056372549019607865,-0.1491712707182321,-0.15291529152915284,-0.38596491228070173,-0.5255699322242761,8.9195,11.167750000000002,False,False,-0.531059683313033,0.033557046979865834,-0.009990309720711021,-0.11569281485116156,-0.10192392703353514,-0.43530459542362,-0.5896573652344524,-0.021272367145549365,-0.12095966336697739,-0.10930111767169048,-0.4283012189699361,-0.5593431759562276,-0.026786750203039777,-0.07863835535773056,-0.25553012967200606,-0.38828179663105566,12.0,13.0,16.0,16.0,0.35294117647058826,0.29411764705882354,0.11764705882352941,0.11764705882352941
SVC,CTCP Dịch vụ Tổng hợp Sài Gòn,7,Bán lẻ,2026-09-24,19.45,19.45,19.45,19.45,100,False,2935.0,0.18237082066869292,0.015665796344647598,0.19471744471744468,0.06692265496434446,-0.06310211946050104,17.396499999999996,18.24475,True,True,-0.48707805907172996,0.2712418300653594,0.22875305996758977,0.04914425221171814,0.24570880921306237,0.017582971821426208,-0.12718955247067742,0.21747100254275142,0.04387740369590232,0.23833161857490703,0.02458634827511008,-0.0968753631924526,0.22160848883012785,0.06608952515820687,0.12272724629179782,-0.0005581908328287088,1.0,3.0,2.0,7.0,1.0,0.8333333333333334,0.9166666666666666,0.5
SVD,CTCP Đầu tư & Thương mại Vũ Đăng,16,SX Hàng gia dụng,2026-09-28,5.02,5.23,5.01,5.09,29900,True,18135.0,0.1489841986455982,0.20902612826603328,0.10893246187363825,0.48830409356725135,-0.1372881355932204,4.5215000000000005,4.23425,True,True,-0.31951871657754016,0.6525974025974026,0.19536643794449504,0.24250458413310383,0.15992382636925595,0.4389644104243331,-0.20137556860339678,0.1840843805196567,0.237237735617288,0.1525466357311006,0.44596778687801697,-0.17106137932517196,0.17856999746216629,0.27955904362653483,0.618738876175947,0.0,1.0,1.0,1.0,9.0,1.0,1.0,1.0,0.5294117647058824
SVT,CTCP Công nghệ Sài Gòn Viễn Đông,26,SX Phụ trợ,2026-09-25,9.0,9.4,9.0,9.4,3400,False,9360.0,-0.12149532710280364,-0.10047846889952139,-0.12149532710280364,-0.17543859649122806,-0.16814159292035402,10.294999999999998,10.73,False,False,-0.2033898305084746,0.06818181818181812,-0.0751130878039068,-0.06700001303245084,-0.07050396260718594,-0.22477827963414632,-0.2322290259305304,-0.08639514522874514,-0.07226686154826667,-0.07788115324534128,-0.21777490318046244,-0.20191483665230558,-0.10736105148442898,-0.10480747322852568,-0.14396159891253557,-0.1490443706981318,18.0,15.0,15.0,14.0,0.10526315789473684,0.2631578947368421,0.2631578947368421,0.3157894736842105
SZC,CTCP Sonadezi Châu Đức,3,Bất động sản,2026-09-28,17.9,17.9,17.2,17.35,230000,True,315070.0,-0.07859798194370671,-0.17380952380952375,-0.21846846846846835,-0.383658969804618,-0.5042857142857142,20.339000000000002,25.13075,False,False,-0.5360962566844919,0.02662721893491149,-0.032215742644809864,-0.1403310679424532,-0.16747710397285065,-0.43299865294753626,-0.5683731472958906,-0.04349780006964821,-0.14559791645826903,-0.174854294611006,-0.4259952764938524,-0.5380589580176658,0.0017431393804959172,-0.017024766278497583,-0.13880776526989907,-0.08761904761904749,29.0,33.0,53.0,40.0,0.5333333333333333,0.4666666666666667,0.13333333333333333,0.3389830508474576
SZL,CTCP Sonadezi Long Thành,3,Bất động sản,2026-09-28,27.05,27.1,26.9,26.9,8900,True,37210.0,-0.08337844714206077,0.022797694474852692,0.002554823438371212,-0.03754736949916371,0.09369617102367767,27.607740124045808,27.603201145038167,False,False,-0.12184978968901783,0.12699371253025316,-0.03699620784316393,0.05627615034192324,0.05354618793398891,-0.08688705264208196,0.02960873801350128,-0.048278265268002274,0.05100930182610741,0.04616899729583357,-0.07988367618839809,0.0599229272917261,-0.0030373258178581497,0.17958245200587886,0.20730383503555522,0.5103628376903444,33.0,6.0,10.0,6.0,0.4666666666666667,0.9166666666666666,0.85,0.9152542372881356
TAL,CTCP Đầu tư Bất động sản Taseco,3,Bất động sản,2026-09-28,23.85,23.85,22.6,22.8,472300,True,147755.0,-0.07128309572301428,-0.01724137931034475,-0.13962264150943393,-0.2821158690176323,-0.32484453657092094,25.084500000000002,28.724750000000007,False,False,-0.41896024464831805,0.1692307692307693,-0.024900856424117435,0.016237076556725794,-0.08863127701381623,-0.33145555216055056,-0.3889319695810973,-0.03618291384895578,0.010970228040909968,-0.09600846765197157,-0.3244521757068667,-0.3586177803028725,0.009058025601188346,0.1395433782206814,-0.03726466448291338,0.0918221300957458,26.0,10.0,36.0,22.0,0.5833333333333334,0.85,0.4166666666666667,0.6440677966101694
TBC,CTCP Thủy điện Thác Bà,22,Tiện ích,2026-09-28,31.6,31.6,31.6,31.6,2900,True,1955.0,-0.012499999999999956,-0.018633540372670843,-0.027692307692307683,-0.031269160024524734,-0.09143185738930415,32.1305,32.655499999999996,False,False,-0.1261061946902654,0.04705102717031151,0.03388223929889689,0.014844915494399702,0.023299056803310014,-0.08060884316744299,-0.15551929039948054,0.022600181874058545,0.009578066978583877,0.015921866165154674,-0.07360546671375912,-0.1252051011212557,-0.0032270253929866932,-0.001196120534363243,0.0003457518869385834,-0.03953844925466177,17.0,17.0,16.0,19.0,0.5,0.5,0.53125,0.4375
TCB,Ngân hàng TMCP Kỹ thương Việt Nam,11,Ngân hàng,2026-09-28,33.2,33.25,32.45,32.5,11442500,True,16375235.0,-0.0030674846625767804,0.0030864197530864335,-0.03273809523809523,0.11530542210020589,-0.11971830985915499,31.777500000000003,32.346500000000006,True,True,-0.21001458434613518,0.1703276917536911,0.04331475463632006,0.03656487562015698,0.018253269257522464,0.06596573895728763,-0.18380574286933138,0.03203269721148172,0.03129802710434115,0.010876078619367124,0.07296911541097151,-0.15349155359110656,0.032123131173200425,0.07827438967789846,0.07384441519003815,-0.05692097398855556,7.0,6.0,8.0,15.0,0.7391304347826086,0.782608695652174,0.6956521739130435,0.391304347826087
TCH,CTCP Đầu tư Dịch vụ Tài chính Hoàng Huy,3,Bất động sản,2026-09-28,11.3,11.3,10.75,10.8,3753700,True,4606430.0,-0.11475409836065564,-0.20879120879120872,-0.2447552447552448,-0.34545454545454546,-0.4849785407725321,13.075,14.711250000000001,False,False,-0.5685177786656013,0.023696682464454888,-0.0683718590617588,-0.17531275292413817,-0.1937638802596271,-0.3947942285974637,-0.5490659737827085,-0.07965391648659714,-0.180579601439954,-0.20114107089778244,-0.38779085214377984,-0.5187517845044837,-0.03441297703645302,-0.05200645126018255,-0.10060334091982653,-0.06831187410586537,44.0,40.0,45.0,38.0,0.2833333333333333,0.35,0.26666666666666666,0.3728813559322034
TCI,CTCP Chứng khoán Thành Công,5,Chứng khoán,2026-09-28,9.8,9.91,9.75,9.85,22500,True,61890.0,0.02072538860103612,-0.05288461538461542,-0.0574162679425837,0.06832971800433829,-0.09216589861751157,10.3715,9.97475,False,False,-0.2304687500000001,0.2660668380462725,0.06710762789993296,-0.019406159517544874,-0.006424903446966002,0.018990034861420035,-0.15625333162768795,0.05582557047509462,-0.0246730080333607,-0.013802094085121341,0.02599341131510391,-0.12593914234946313,0.12566366020597453,0.12104839749320828,0.23333302330383515,0.2582777008755176,2.0,5.0,3.0,4.0,0.9523809523809523,0.8,0.9,0.8235294117647058
TCL,CTCP Đại lý Giao nhận Vận tải Xếp dỡ Tân Cảng,23,Vận tải - kho bãi,2026-09-28,29.15,29.15,29.0,29.0,2200,True,11385.0,-0.011925042589437829,-0.03494176372712143,-0.04132231404958675,-0.07584448693435308,-0.10105393676379415,29.8125,30.81725,False,False,-0.13946587537091992,0.010452961672473782,0.034457196709459015,-0.0014633078600508886,0.009669050446030947,-0.12518417007727134,-0.16514136977397054,0.02317513928462067,-0.006730156375866714,0.002291859807875607,-0.11818079362358747,-0.1348271804957457,-0.008851272097634588,0.0,-0.032791649360967456,-0.04249853704429907,22.0,18.0,25.0,22.0,0.4,0.5142857142857142,0.3142857142857143,0.4
TCM,CTCP Dệt may - Đầu tư - Thương mại Thành Công,16,SX Hàng gia dụng,2026-09-28,15.8,15.8,15.3,15.4,654300,True,802300.0,-0.09411764705882353,-0.23192019950124687,-0.23383084577114432,-0.26736441484300666,-0.44344054933140586,18.2075,20.68325,False,False,-0.44344054933140586,0.013157894736842257,-0.047735407759926685,-0.19844174363417633,-0.18283948127552663,-0.3167040979859249,-0.5075279823415823,-0.05901746518476503,-0.20370859214999215,-0.19021667191368197,-0.30970072153224104,-0.4772137930633574,-0.06453184824225544,-0.16138728414074532,-0.13692963223431098,-0.30615241373818547,16.0,15.0,13.0,13.0,0.11764705882352941,0.17647058823529413,0.29411764705882354,0.29411764705882354
TCO,CTCP Janus Group,23,Vận tải - kho bãi,2026-09-28,10.7,10.7,10.65,10.7,55500,True,428195.0,-0.009259259259259411,-0.01834862385321112,-0.009259259259259411,-0.20446096654275092,-0.03167420814479649,11.419999999999998,11.48675,False,False,-0.35542168674698804,0.33583021223470655,0.03712298003963743,0.015129832013859423,0.041732105236358286,-0.2538006496856692,-0.09576164115497288,0.02584092261479909,0.009862983498043598,0.034354914598202946,-0.2467972732319853,-0.06544745187674805,-0.006185488767456171,0.016593139873910312,-0.1614081289693653,0.026881191574698593,21.0,14.0,31.0,14.0,0.42857142857142855,0.6285714285714286,0.14285714285714285,0.6285714285714286
TCR,CTCP Công nghiệp Gốm sứ Taicera,21,Vật liệu xây dựng,2026-09-23,2.18,2.18,2.18,2.18,200,False,1220.0,0.028301886792452935,-0.00909090909090915,-0.05217391304347807,-0.21863799283154117,-0.24305555555555547,2.27,2.53625,False,False,-0.3876404494382022,0.09547738693467345,0.07468412609134978,0.024387546776161395,-0.0011825485478603737,-0.26797767597445943,-0.30714298856573186,0.06340206866651144,0.01912069826034557,-0.008559739186015713,-0.26097429952077555,-0.27682879928750703,0.07266696965980834,0.07745952677459522,-0.08362527712761914,-0.011077796372050697,2.0,5.0,14.0,10.0,0.9444444444444444,0.7777777777777778,0.2777777777777778,0.5
TCT,CTCP Cáp treo Núi Bà Tây Ninh,23,Vận tải - kho bãi,2026-09-28,17.8,17.8,17.8,17.8,300,True,655.0,0.005649717514124353,-0.02997275204359673,-0.02732240437158473,-0.09414758269720092,-0.130859375,18.145,19.01875,False,False,-0.2017937219730942,0.03790087463556868,0.052031956813021196,0.003505703823473816,0.023668960124032967,-0.14348726584011917,-0.1949468080101764,0.04074989938818285,-0.0017611446923420093,0.016291769485877627,-0.1364838893864353,-0.16463261873195156,0.008723488005927593,0.0049690116835247045,-0.05109474512381529,-0.07230397528050492,12.0,17.0,27.0,24.0,0.6857142857142857,0.5428571428571428,0.2571428571428571,0.34285714285714286
TCX,CTCP Chứng khoán Kỹ Thương,5,Chứng khoán,2026-09-28,29.95,29.95,29.0,29.05,1694700,True,2233115.0,-0.28094059405940586,-0.311611374407583,-0.35444444444444445,-0.2984786283506399,,39.188,41.27525,False,False,-0.45650140318054255,0.0017241379310344307,-0.234558354760509,-0.2781329185405125,-0.30345307994882675,-0.34781831149355813,,-0.24584041218534736,-0.2833997670563283,-0.3108302705869821,-0.34081493503987426,,-0.17600232245446745,-0.13767836152975932,-0.133475323051143,,21.0,19.0,19.0,,0.047619047619047616,0.1,0.1,
TDC,CTCP Kinh doanh và Phát triển Bình Dương,3,Bất động sản,2026-09-28,6.44,6.45,6.2,6.38,45400,True,49785.0,-0.11018131101813111,-0.2911111111111111,-0.3065217391304348,-0.3683168316831683,-0.4783319705641864,8.047,9.22425,False,False,-0.4838187702265372,0.029032258064516148,-0.06379907171923427,-0.25763265524404055,-0.2555303746348171,-0.41765651482608657,-0.5424194035743628,-0.07508112914407261,-0.2628995037598564,-0.26290756527297243,-0.4106531383724027,-0.512105214296138,-0.029840189693928487,-0.13432635358008493,-0.12346562714844939,-0.061665303897519674,43.0,57.0,51.0,37.0,0.3,0.06666666666666667,0.16666666666666666,0.3898305084745763
TDG,CTCP Đầu tư TDG Global,1,Bán buôn,2026-09-28,2.08,2.21,2.03,2.15,3000,True,27130.0,-0.05701754385964908,-0.09663865546218486,-0.09663865546218486,-0.1568627450980392,-0.3404907975460123,2.3749999999999996,2.5705,False,False,-0.3484848484848485,0.05911330049261099,-0.010635304560752235,-0.06316019959511432,-0.04564729096656717,-0.20620242824095747,-0.4045782305561887,-0.021917361985590578,-0.06842704811093014,-0.053024481604722506,-0.1991990517872736,-0.37426404127796387,0.0,-0.006983483048391692,0.014565826330532272,-0.06466825497390927,12.0,13.0,10.0,13.0,0.5217391304347826,0.4782608695652174,0.6086956521739131,0.45454545454545453
TDH,CTCP Phát triển Nhà Thủ Đức,3,Bất động sản,2026-09-28,3.13,3.13,3.0,3.06,70800,True,35905.0,-0.07272727272727264,-0.15934065934065933,-0.16164383561643836,-0.15934065934065933,-0.4631578947368421,3.437,3.7257499999999992,False,False,-0.4631578947368421,0.020000000000000018,-0.026345033428375797,-0.12586220347358879,-0.11065247112082066,-0.20868034248357759,-0.5272453277470185,-0.03762709085321414,-0.1311290519894046,-0.118029661758976,-0.2016769660298937,-0.49693113846879367,0.007613848596929984,-0.0025559018096331654,0.0855105451940596,-0.04649122807017536,27.0,31.0,20.0,35.0,0.5666666666666667,0.5,0.6833333333333333,0.423728813559322
TDM,CTCP Nước Thủ Dầu Một,22,Tiện ích,2026-09-23,58.7,59.0,58.7,59.0,1000,False,7080.0,-0.005059021922428242,0.029488745419647522,0.047213347532836236,0.16785431512272364,0.053007317508477536,58.1245,56.282999999999994,True,True,-0.05600000000000005,0.1722630637790583,0.0413232173764686,0.06296720128671807,0.09820471202845393,0.11851463197980538,-0.01108011550169885,0.03004115995163026,0.05770035277090224,0.0908275213902986,0.12551800843348926,0.019234073776525973,0.004213952684585021,0.04692616525795512,0.19946922703418696,0.10490072564311992,15.0,8.0,2.0,9.0,0.5625,0.78125,0.96875,0.75
TDP,CTCP Thuận Đức,18,SX Nhựa - Hóa chất,2026-09-28,27.3,27.5,27.15,27.5,238900,True,273200.0,-0.1679273827534039,-0.03508771929824561,-0.03846153846153855,-0.06779661016949157,-0.09806493932436855,29.204999999999995,29.536250000000003,False,False,-0.23291492329149233,0.16723259762308995,-0.12154514345450707,-0.0016092634311750675,0.01252982603407915,-0.11713629331240982,-0.16215237233454494,-0.1328272008793454,-0.006876111946990893,0.00515263539592381,-0.11013291685872595,-0.1318381830563201,-0.16095874163842128,-0.01729168918188695,-0.02335216572504717,-0.07209091335034257,24.0,15.0,15.0,17.0,0.08,0.44,0.44,0.36
TDW,CTCP Cấp nước Thủ Đức,22,Tiện ích,2026-09-23,48.0,48.0,48.0,48.0,600,False,845.0,0.010526315789473717,0.022799914766673757,0.013299556681444002,0.14558472553699287,0.04325146707237559,46.4765,45.549,True,True,-0.04248952722920407,0.25786163522012595,0.05690855508837056,0.0562783706337443,0.0642909211770617,0.09624504239407461,-0.020835965937800793,0.04562649766353222,0.051011522117928476,0.05691373053890636,0.10324841884775848,0.00947822334042403,0.01979929039648698,0.040237334604981356,0.17719963744845618,0.09514487520701798,9.0,9.0,3.0,10.0,0.75,0.75,0.9375,0.71875
TEG,CTCP Trường Thành Energy Group,21,Vật liệu xây dựng,2026-09-28,5.76,5.76,5.7,5.76,9300,True,149075.0,-0.04318936877076407,-0.023728813559322104,-0.038397328881469184,-0.033557046979865834,-0.14029850746268657,5.9855,6.08175,False,False,-0.23199999999999998,0.04537205081669682,0.003192870528132774,0.00974964230774844,0.012594035614148513,-0.08289673012278409,-0.20438594047286296,-0.008089186896705569,0.0044827937919326155,0.005216844975993173,-0.07589335366910022,-0.17407175119463814,0.0011757140965913404,0.06282162230618227,0.1014556687240562,0.0916792517208182,9.0,7.0,3.0,4.0,0.5555555555555556,0.6666666666666666,0.8888888888888888,0.8333333333333334
THG,CTCP Đầu tư và Xây dựng Tiền Giang,21,Vật liệu xây dựng,2026-09-28,28.1,28.4,27.5,27.7,12600,True,12885.0,-0.04974271012006859,-0.16187594553706497,-0.17559523809523814,-0.2716276623718118,-0.33937514905795374,31.628499999999995,34.96975,False,False,-0.3900022021581149,0.0072727272727273196,-0.003360470821171746,-0.12839748966999442,-0.12460387359962044,-0.32096734551473005,-0.4034625820681301,-0.01464252824601009,-0.13366433818581025,-0.13198106423777578,-0.3139639690610462,-0.3731483927899053,-0.00537762725271318,-0.0753255096715606,-0.13661494666788976,-0.10739738987444897,13.0,16.0,16.0,14.0,0.3333333333333333,0.16666666666666666,0.16666666666666666,0.2777777777777778
TIP,CTCP Phát triển Khu Công nghiệp Tín Nghĩa,3,Bất động sản,2026-09-28,16.15,16.2,15.9,15.95,50900,True,24045.0,-0.009931719428926122,-0.10393258426966301,-0.12121212121212122,-0.12841530054644812,-0.1718587746625131,17.2405,17.8735,False,False,-0.2339097022094141,0.0031446540880502027,0.03645051986997072,-0.07045412840259246,-0.07022075671650352,-0.17775498368936637,-0.23594620767268948,0.025168462445132378,-0.07572097691840829,-0.07759794735465886,-0.1707516072356825,-0.20563201839446466,0.0704094018952765,0.052852173261363156,0.1164359039882708,0.24480789200415365,9.0,21.0,17.0,12.0,0.8666666666666667,0.6666666666666666,0.7333333333333333,0.8135593220338984
TIX,CTCP Sản xuất Kinh doanh Xuất nhập khẩu Dịch vụ và Đầu tư Tân Bình,3,Bất động sản,2026-09-23,35.45,40.65,35.45,40.65,400,False,2000.0,0.04230769230769238,0.03356216628527853,0.03356216628527853,-0.010948905109489093,0.22329220583809817,40.274,40.435500000000005,True,True,-0.14672544080604533,0.2655666251556663,0.08868993160658922,0.06704062215234907,0.08455353078089622,-0.06028858825240735,0.15920477282792178,0.07740787418175088,0.06177377363653325,0.07717634014274088,-0.053285211798723475,0.1895189621061466,0.122648813631895,0.1903469238163047,0.23390229942522983,0.6399588725047649,2.0,5.0,9.0,4.0,0.9833333333333333,0.9333333333333333,0.8666666666666667,0.9491525423728814
TLD,CTCP Đầu tư Xây dựng và Phát triển Đô thị Thăng Long,26,SX Phụ trợ,2026-09-28,8.1,8.1,8.0,8.0,263900,True,214975.0,-0.033816425120772875,-0.05660377358490576,-0.05882352941176472,-0.03147699757869249,-0.012345679012345623,8.367499999999998,8.341249999999999,False,False,-0.08045977011494243,0.044386422976501194,0.012565814178123969,-0.023125317717835214,-0.007832164916147022,-0.08081668072161075,-0.07643311202252201,0.0012837567532856253,-0.02839216623365104,-0.015209355554302362,-0.07381330426792687,-0.046118922744297186,-0.019682149502398216,-0.06093277791391005,0.0,0.006751543209876587,12.0,13.0,10.0,9.0,0.42105263157894735,0.3684210526315789,0.5263157894736842,0.5789473684210527
TLG,CTCP Tập đoàn Thiên Long,26,SX Phụ trợ,2026-09-28,53.0,53.0,52.1,52.9,87100,True,203170.0,0.027184466019417375,0.10878222594843834,0.0887013788845441,0.114622840286557,0.19548022598870052,49.5895,49.089999999999996,True,True,-0.09215719924489452,0.2523674242424241,0.07356670531831422,0.14226068181550888,0.1396927433801618,0.06528315714363875,0.13139279297852413,0.062284647893475875,0.13699383329969306,0.13231555274200646,0.07228653359732262,0.16170698225674895,0.041318741637792034,0.10445322161943404,0.1460998378652495,0.21457744821092273,5.0,4.0,5.0,5.0,0.7894736842105263,0.8421052631578947,0.7894736842105263,0.7894736842105263
TLH,CTCP Tập đoàn Thép Tiến Lên,1,Bán buôn,2026-09-28,3.35,3.43,3.35,3.37,59400,True,106520.0,-0.13589743589743586,-0.22706422018348627,-0.23234624145785865,-0.2527716186252771,-0.4307432432432432,4.067,4.4215,False,False,-0.4336134453781513,0.012012012012011963,-0.08951519659853902,-0.19358576431641572,-0.18135487696224095,-0.30211130176819534,-0.4948306762534196,-0.10079725402337736,-0.19885261283223155,-0.1887320676003963,-0.29510792531451147,-0.46451648697519476,-0.07887989203778678,-0.1374090477696931,-0.0813430471967056,-0.15492070067114017,21.0,20.0,18.0,16.0,0.13043478260869565,0.17391304347826086,0.2608695652173913,0.3181818181818182
TMP,CTCP Thủy điện Thác Mơ,22,Tiện ích,2026-09-28,50.0,50.1,50.0,50.1,1100,True,1200.0,-0.05649717514124297,0.07741935483870965,0.08913043478260874,-0.05809362662154538,-0.1427104722792607,48.061,50.76275,True,False,-0.1695673794132272,0.16430397397164764,-0.010114935842346129,0.1108978107057802,0.14012179927822643,-0.10743330976446364,-0.2067979052894371,-0.021396993267184472,0.10563096218996437,0.1327446086400711,-0.10042993331077976,-0.17648371601121227,-0.04722420053422971,0.09485677467701725,-0.026478714710082063,-0.09081706414461832,28.0,6.0,22.0,26.0,0.15625,0.84375,0.34375,0.21875
TMS,CTCP Transimex,23,Vận tải - kho bãi,2026-09-25,34.9,34.9,34.9,34.9,200,False,835.0,0.052790346907994,0.0037388553350587994,-0.02459474566797104,-0.0321686078757627,-0.0570116184814915,34.655,36.002250000000004,True,False,-0.12024199647088485,0.11966634584536395,0.09917258620689084,0.037217311202129344,0.026396618827646656,-0.08150829101868096,-0.12109905149166789,0.0878905287820525,0.03195046268631352,0.019019428189491316,-0.07450491456499708,-0.09078486221344306,0.05586411739979724,0.03868061906218023,0.010884229697622927,0.0015437812380035831,7.0,11.0,17.0,17.0,0.8285714285714286,0.7142857142857143,0.5428571428571428,0.5428571428571428
TMT,CTCP Ô tô TMT,26,SX Phụ trợ,2026-09-28,10.75,11.35,10.75,11.35,14400,True,7880.0,-0.004385964912280715,0.022522522522522515,-0.013043478260869601,-0.008733624454148492,0.013392857142857206,11.434999999999999,12.02125,False,False,-0.27243589743589747,0.2767154105736782,0.04199627438661613,0.05600097838959306,0.037947886234748096,-0.05807330759706675,-0.05069457586731918,0.030714216961777785,0.050734129873777234,0.030570695596592756,-0.051069931143382874,-0.020380386589094357,0.009748310706093943,0.01819351819351822,0.022743373124543997,0.032490079365079416,8.0,9.0,8.0,8.0,0.631578947368421,0.5789473684210527,0.631578947368421,0.631578947368421
TN1,CTCP Rox Key Holdings,3,Bất động sản,2026-09-28,11.7,12.1,11.7,11.95,600,True,1885.0,-0.07364341085271331,-0.05458860759493678,-0.061272584446190215,-0.13280116110304796,-0.08639143730886856,12.527,13.01825,False,False,-0.31242807825086305,0.0473269062226116,-0.027261171553816466,-0.021110151727866233,-0.010281219950572518,-0.18214084424596622,-0.15047887031904494,-0.03854322897865481,-0.02637700024368206,-0.017658410588727858,-0.17513746779228234,-0.12016468104082012,0.006697710471489315,0.10219614993608939,0.11205004343167096,0.3302752293577982,28.0,14.0,18.0,8.0,0.55,0.7833333333333333,0.7166666666666667,0.8813559322033898
TNC,CTCP Cao su Thống Nhất,18,SX Nhựa - Hóa chất,2026-09-25,25.1,28.65,25.1,28.65,200,False,635.0,0.1459999999999999,0.026146131805157458,0.02102637205987179,0.10874613003095979,0.050605060506050625,27.6735,27.919,True,True,-0.09018736106700542,0.25989445910290243,0.19238223929889675,0.059624587672228,0.07201773655548949,0.05940644688804153,-0.013482372504125761,0.1811001818740584,0.05435773915641218,0.06464054591733415,0.0664098233417254,0.016831816774099062,0.15296864111498254,0.04394216192151612,0.15319057447540418,0.07657908648007661,1.0,9.0,6.0,9.0,1.0,0.68,0.8,0.68
TNH,CTCP Tập đoàn Bệnh viện TNH,8,Chăm sóc sức khỏe,2026-09-28,6.4,6.48,6.36,6.39,34500,True,135700.0,-0.21498771498771507,-0.23197115384615397,-0.2052238805970149,-0.36417910447761204,-0.5386281588447653,8.242,9.623,False,False,-0.5419354838709678,0.004716981132075304,-0.16860547568881823,-0.19849269797908342,-0.1542325161013972,-0.4135187876205303,-0.6027155918549417,-0.17988753311365657,-0.20375954649489925,-0.16160970673955255,-0.4065154111668464,-0.5724014025767169,-0.17952657926479926,-0.17475828735324178,-0.2765817926138819,-0.4523965354704363,12.0,12.0,12.0,12.0,0.08333333333333333,0.08333333333333333,0.08333333333333333,0.08333333333333333
TNI,CTCP Tập đoàn Thành Nam,1,Bán buôn,2026-09-28,5.1,5.12,5.01,5.1,20100,True,448815.0,-0.102112676056338,-0.08108108108108114,0.0019646365422396617,0.0323886639676112,-0.06250000000000011,5.451499999999999,5.1835,False,False,-0.3359375,0.3043478260869563,-0.05573043675744116,-0.0476026252140106,0.05295600103785736,-0.016951019175307058,-0.1265874330101765,-0.0670124941822795,-0.05286947372982642,0.04557881039970202,-0.009947642721623184,-0.09627324373195167,-0.045095132196688925,0.00857409133271203,0.20381723539618268,0.21332254257210292,17.0,10.0,4.0,7.0,0.30434782608695654,0.6086956521739131,0.8695652173913043,0.7272727272727273
TNT,CTCP Tập đoàn TNT,10,Khai khoáng,2026-09-28,10.0,10.0,10.0,10.0,100,True,24980.0,-0.00990099009900991,-0.09502262443438925,-0.13043478260869568,0.2987012987012987,0.22399020807833536,10.351500000000001,9.76925,False,True,-0.19678714859437751,0.47492625368731556,0.036481249199886934,-0.0615441685673187,-0.07944341811307798,0.24936161555838043,0.15990277506815898,0.02519919177504859,-0.06681101708313453,-0.08682060875123332,0.2563649920120643,0.1902169643463838,0.03376098173197595,-0.016953800602853564,0.3772657991862648,0.09232354141166876,3.0,6.0,2.0,4.0,0.7777777777777778,0.4444444444444444,0.8888888888888888,0.6666666666666666
TPB,Ngân hàng TMCP Tiên Phong,11,Ngân hàng,2026-09-28,14.6,14.65,14.4,14.45,6197400,True,8145490.0,-0.017006802721088454,-0.09404388714733547,-0.12688821752265866,-0.09687500000000004,-0.19363839285714302,15.1375,15.916250000000002,False,False,-0.24778761061946908,0.05090909090909079,0.02937543657780839,-0.060565431280264925,-0.07589685302704097,-0.1462146831429183,-0.2577258258673194,0.018093379152970046,-0.06583227979608075,-0.0832740436651963,-0.13921130668923443,-0.22741163658909458,0.01818381311468875,-0.018855917222523444,-0.13833600691016779,-0.13084105698654358,9.0,15.0,18.0,19.0,0.6521739130434783,0.391304347826087,0.2608695652173913,0.21739130434782608
TPC,CTCP Nhựa Tân Đại Hưng,18,SX Nhựa - Hóa chất,2026-09-28,11.9,11.9,11.9,11.9,1000,True,126470.0,-0.04417670682730912,0.08181818181818179,0.43028846153846145,-0.11524163568773227,0.4691358024691359,9.9445,11.18975,True,True,-0.1376811594202899,0.9966442953020136,0.0022055324715877234,0.11529663768525233,0.48127982603407915,-0.16458131883065052,0.4050483694589595,-0.00907652495325062,0.11002978916943651,0.4739026353959238,-0.15757794237696665,0.4353625587371843,-0.03720806571232649,0.09961421193454045,-0.07079719124328787,0.49510982844316187,18.0,4.0,18.0,2.0,0.32,0.88,0.32,0.96
TRA,CTCP Traphaco,8,Chăm sóc sức khỏe,2026-09-28,37.1,37.1,36.95,37.0,5800,True,4380.0,0.0,-0.052496798975672165,-0.05128205128205132,0.07777454121759408,0.16829807388695928,37.89,36.65075,False,True,-0.0821136194492682,0.23870103783059915,0.046382239298896843,-0.01901834310860162,-0.0002906867864336249,0.02843485807467583,0.10421064087678289,0.0351001818740585,-0.024285191624417446,-0.007667877424588965,0.0354382345283597,0.1345248301550077,0.035461135722915815,0.004716067517240019,0.16537185308132424,0.2545296972612883,3.0,6.0,2.0,2.0,0.8333333333333334,0.5833333333333334,0.9166666666666666,0.9166666666666666
TRC,CTCP Cao su Tây Ninh,18,SX Nhựa - Hóa chất,2026-09-28,22.45,23.55,22.2,22.95,134100,True,170325.0,0.055172413793103336,0.17196476445806197,0.15066432689897202,0.33955931708740694,0.3721973094170401,19.7155,18.9350625,True,True,-0.025477707006369532,0.47612156295224306,0.10155465309200018,0.20544322032513251,0.20165569139458972,0.2902196339444887,0.3081098764068637,0.09027259566716184,0.2001763718093167,0.19427850075643438,0.29722301039817256,0.33842406568508854,0.06214105490808597,0.18976079457442063,0.38400376153185134,0.3981713353910661,4.0,3.0,2.0,3.0,0.88,0.92,0.96,0.92
TSA,CTCP Đầu tư và Xây lắp Trường Sơn,24,Xây dựng,2026-09-28,13.5,13.5,13.5,13.5,3100,True,34410.0,-0.12621359223300965,-0.12052117263843642,-0.12052117263843642,-0.08906882591093124,0.14213197969543145,15.237499999999997,14.9875,False,False,-0.20353982300884954,0.17085862966175203,-0.07983135293411281,-0.08704271677136588,-0.06952980814281873,-0.1384085090538495,0.07804454668525507,-0.09111341035895115,-0.0923095652871817,-0.07690699878097407,-0.13140513260016562,0.10835873596347989,-0.05778842339800477,-0.0014370569074534933,0.10967996606159769,0.3637081300099953,22.0,14.0,9.0,4.0,0.19230769230769232,0.5,0.6923076923076923,0.8846153846153846
TSC,CTCP Vật tư Kỹ thuật nông nghiệp Cần Thơ,1,Bán buôn,2026-09-28,1.92,1.92,1.86,1.89,137700,True,99635.0,-0.05970149253731338,-0.1209302325581395,-0.1674008810572688,-0.21900826446280997,-0.4037854889589906,2.0949999999999998,2.37675,False,False,-0.4691011235955056,0.016129032258064502,-0.01331925323841654,-0.08745177669106896,-0.1164095165616511,-0.2683479476057282,-0.46787292196916697,-0.024601310663254883,-0.09271862520688479,-0.12378670719980644,-0.26134457115204435,-0.43755873269094214,-0.002683948677664305,-0.031275060144346334,-0.04757969303423848,-0.12796294638688754,13.0,15.0,16.0,15.0,0.4782608695652174,0.391304347826087,0.34782608695652173,0.36363636363636365
TTA,CTCP Đầu tư Xây dựng và Phát triển Trường Thành,22,Tiện ích,2026-09-28,10.95,10.95,10.8,10.8,7300,True,122285.0,-0.039999999999999925,-0.060869565217391286,-0.056768558951964976,-0.08860759493670878,-0.10891089108910879,11.047500000000001,11.080000000000002,False,False,-0.15953307392996097,0.06930693069306937,0.006382239298896919,-0.02739110935032074,-0.005777194456347279,-0.13794727807962703,-0.17299832409928517,-0.004899818125941424,-0.03265795786613657,-0.013154385094502619,-0.13094390162594316,-0.14268413482106035,-0.030727025392986662,-0.043432145379083686,-0.05699268302524546,-0.0570174829544664,25.0,23.0,24.0,21.0,0.25,0.3125,0.28125,0.375
TTE,CTCP Đầu tư Năng lượng Trường Thịnh,22,Tiện ích,2026-07-01,33.95,33.95,33.95,33.95,100,False,285.0,-0.13171355498721227,-0.20117647058823518,-0.20305164319248825,0.0969305331179322,2.3950000000000005,38.147499999999994,31.8,False,True,-0.21412037037037035,3.155446756425949,-0.08533131568831542,-0.16769801472116463,-0.15206027869687055,0.04759084997501395,2.330912566989824,-0.09661337311315377,-0.17296486323698046,-0.1594374693350259,0.05459422642869782,2.361226756268049,-0.122440580380199,-0.18373905074992758,0.12854544502939552,2.4468934081346427,31.0,31.0,5.0,1.0,0.0625,0.0625,0.875,1.0
TTF,CTCP Tập đoàn Kỹ nghệ gỗ Trường Thành,16,SX Hàng gia dụng,2026-09-28,1.7,1.73,1.62,1.64,1171600,True,966330.0,-0.029585798816568087,-0.1921182266009852,-0.215311004784689,-0.3740458015267176,-0.4692556634304207,1.911,2.3587499999999997,False,False,-0.6122931442080379,0.18840579710144922,0.016796440482328756,-0.15863977073391466,-0.1643196402890713,-0.4233854846696359,-0.5333430964405971,0.005514383057490413,-0.1639066192497305,-0.17169683092722665,-0.416382108215952,-0.5030289071623723,0.0,-0.12158531124048366,-0.24361101891802195,-0.3319675278372003,9.0,14.0,15.0,14.0,0.5294117647058824,0.23529411764705882,0.17647058823529413,0.23529411764705882
TV2,CTCP Tư vấn Xây dựng Điện 2,28,"Dịch vụ tư vấn, hỗ trợ",2026-09-28,25.65,25.65,25.0,25.45,98500,True,93080.0,-0.03598484848484851,-0.06261510128913439,-0.1116928446771378,-0.31493943472409147,-0.26274623406720754,27.055,31.478749999999998,False,False,-0.42420814479638014,0.10652173913043472,0.010397390814048335,-0.029136645422063845,-0.06070148018152011,-0.3642791178670097,-0.3268336670773839,-0.0008846666107900081,-0.03440349393787967,-0.06807867081967545,-0.35727574141332585,-0.2965194777991591,-0.02985259902394727,-0.004748659189601767,-0.10360682291155604,-0.08093452054237571,2.0,2.0,2.0,2.0,0.5,0.5,0.5,0.5
TVB,CTCP Chứng khoán T-Cap,5,Chứng khoán,2026-09-28,6.0,6.3,6.0,6.25,400,True,7935.0,-0.03400309119010814,-0.19250645994832039,-0.17763157894736836,-0.16219839142091153,-0.34486373165618445,7.056,7.40025,False,False,-0.37810945273631846,0.08695652173913038,0.012379148108788707,-0.15902800408124984,-0.12664021445175067,-0.21153807456382978,-0.40895116466636083,0.0010970906839503636,-0.16429485259706567,-0.134017405089906,-0.2045346981101459,-0.378636975388136,0.07093518041483027,-0.018573447070496685,0.0028049138785853356,0.005579867836844721,5.0,11.0,10.0,8.0,0.8095238095238095,0.5,0.55,0.5882352941176471
TVS,CTCP Chứng khoán Thiên Việt,5,Chứng khoán,2026-09-28,15.0,15.0,14.6,14.6,58800,True,207485.0,0.054151624548736566,0.008287292817679592,0.05950653120464433,0.16613418530351431,-0.03183023872679047,13.452000000000002,13.345499999999998,True,True,-0.08521303258145374,0.24573378839590432,0.10053386384763341,0.04176574868475014,0.11049789570026203,0.11679450216059606,-0.09591767173696686,0.08925180642279507,0.03649890016893431,0.10312070506210669,0.12379787861427993,-0.06560348245874204,0.15908989615367497,0.1822203056955033,0.3311374906030112,0.3186133607662387,1.0,1.0,1.0,2.0,1.0,1.0,1.0,0.9411764705882353
TVT,Tổng Công ty Việt Thắng - CTCP,16,SX Hàng gia dụng,2026-09-24,16.55,16.55,14.8,15.45,1000,False,2040.0,0.0032467532467532756,0.01980198019801982,0.007170795306388422,0.058944482522275576,0.0736622654621264,15.326999999999998,15.170499999999999,True,True,-0.06702898550724634,0.1051502145922747,0.04962899254565012,0.053280436065090364,0.05816215980200612,0.00960479937935732,0.00957483245195001,0.038346935120811776,0.04801358754927454,0.05078496916385078,0.016608175833041194,0.039889021730174834,0.03283255206332136,0.09033489555852137,0.18937926513097125,0.2109504010553468,5.0,3.0,3.0,1.0,0.7647058823529411,0.8823529411764706,0.8823529411764706,1.0
TYA,CTCP Dây và Cáp Điện Taya Việt Nam,27,Thiết bị điện,2026-09-28,16.95,16.95,16.95,16.95,100,True,5225.0,-0.002941176470588225,0.011940298507462588,0.005934718100890191,0.05805243445692887,-0.004697592483852153,16.8775,16.76725,True,True,-0.10269984118581266,0.13834788448623225,0.04344106282830862,0.04541875437453313,0.05692608259650789,0.008712751314010614,-0.06878502549402854,0.032159005403470275,0.04015190585871731,0.04954889195835255,0.015716127767694488,-0.038470836215803716,0.016153432652434296,0.0622813998821084,0.12841266426582693,0.15539105480410503,4.0,3.0,2.0,3.0,0.625,0.75,0.875,0.75
UIC,CTCP Đầu tư Phát triển Nhà và Đô thị IDICO,22,Tiện ích,2026-09-28,54.2,54.2,54.1,54.1,400,True,1830.0,-0.06401384083044981,-0.0672413793103448,-0.0672413793103448,-0.12175324675324672,0.10747185261003067,58.624999999999986,59.74749999999999,False,False,-0.21594202898550718,0.1559829059829061,-0.017631601531552965,-0.03376292344327425,-0.0162500148147271,-0.17109292989616498,0.043384419599854285,-0.028913658956391308,-0.039029771959090076,-0.023627205452882438,-0.1640895534424811,0.07369860887807911,-0.054740866223436546,-0.049803959472037196,-0.09013833484178341,0.15936526074467305,29.0,25.0,27.0,7.0,0.125,0.25,0.1875,0.8125
VAB,Ngân hàng TMCP Việt Á,11,Ngân hàng,2026-09-28,9.01,9.05,8.94,8.95,237500,True,434510.0,-0.020787746170678467,-0.08859470468431785,-0.1435406698564593,-0.005555555555555647,-0.16198501872659177,9.4045,9.418,False,False,-0.19946332737030414,0.04190919674039573,0.025594493128218376,-0.055116248817247304,-0.0925493053608416,-0.0548952386984739,-0.22607245173676815,0.014312435703380033,-0.06038309733306313,-0.09992649599899694,-0.04789186224479003,-0.19575826245854333,0.014402869665098739,-0.013406734759505823,-0.04701656246572339,-0.09918768285599233,11.0,13.0,14.0,18.0,0.5652173913043478,0.4782608695652174,0.43478260869565216,0.2608695652173913
VBB,Ngân hàng TMCP Việt Nam Thương Tín,11,Ngân hàng,2026-09-28,11.0,11.0,10.6,10.7,14900,True,23850.0,-0.061403508771929904,-0.2189781021897811,-0.21323529411764708,0.13588110403397025,0.055226824457593526,12.328,11.218250000000001,False,False,-0.29139072847682124,0.29854368932038833,-0.015021269473033061,-0.18549964632271054,-0.16224392962202938,0.08654142089105199,-0.00886060855258286,-0.026303326897871404,-0.19076649483852637,-0.16962112026018472,0.09354479734473586,0.021453580725641963,-0.0262128929361527,-0.14379013226496906,0.0944200971238025,0.11802416032819296,20.0,23.0,5.0,5.0,0.17391304347826086,0.043478260869565216,0.8260869565217391,0.8260869565217391
VCA,CTCP Thép VICASA,21,Vật liệu xây dựng,2026-09-25,6.3,6.3,6.3,6.3,300,False,600.0,0.0,0.032786885245901676,-0.01562500000000011,-0.14864864864864868,-0.34100418410041844,6.3665,7.028499999999999,False,False,-0.4084507042253521,0.057046979865771785,0.046382239298896843,0.06626534111297222,0.035366364495617586,-0.19798833179156694,-0.4050916171105948,0.0351001818740585,0.060998492597156395,0.027989173857462246,-0.19098495533788307,-0.37477742783237,0.04436508286735541,0.11933732111140605,-0.013635932944726648,-0.10902642491691367,5.0,3.0,12.0,15.0,0.7777777777777778,0.8888888888888888,0.3888888888888889,0.2222222222222222
VCB,Ngân hàng TMCP Ngoại thương Việt Nam,11,Ngân hàng,2026-09-28,58.0,58.2,57.6,57.7,2083600,True,4862405.0,-0.02037351443123936,-0.039294039294039296,-0.06239844003899897,0.007332402234636826,-0.07145156099130989,59.617000000000004,60.71274999999999,False,False,-0.2623369982101764,0.09695817490494307,0.026008724867657484,-0.005815583426968751,-0.011407075543381273,-0.04200728090828143,-0.13553899400148628,0.014726667442819141,-0.011082431942784576,-0.018784266181536613,-0.035003904454597556,-0.10522480472326146,0.014817101404537847,0.03589393063077273,-0.034128604675530916,-0.008654225120710457,10.0,7.0,13.0,13.0,0.6086956521739131,0.7391304347826086,0.4782608695652174,0.4782608695652174
VCF,CTCP Vinacafé Biên Hòa,19,Thực phẩm - Đồ uống,2026-09-28,293.5,293.5,293.5,293.5,100,True,235.0,0.0,-0.013113651647612579,-0.008780817291455634,-0.03738930796982609,-0.11012067188163244,294.515,298.9525,False,False,-0.11827440141797096,0.09719626168224305,0.046382239298896843,0.020364804219457966,0.04221054720416206,-0.08672899111274435,-0.17420810489180882,0.0351001818740585,0.01509795570364214,0.034833356566006723,-0.07972561465906047,-0.143893915613584,0.025119193033610432,0.0016483023813219089,-0.026717190459819018,-0.10247982681120993,2.0,9.0,11.0,12.0,0.9444444444444444,0.5555555555555556,0.4444444444444444,0.3888888888888889
VCG,Tổng Công ty cổ phần Xuất nhập khẩu và Xây dựng Việt Nam,24,Xây dựng,2026-09-28,14.05,14.15,13.75,13.8,1433500,True,1881870.0,-0.12380952380952381,-0.23503325942350328,-0.2499999999999999,-0.27444794952681384,-0.4394800974817221,16.3475,17.76075,False,False,-0.4665635871666023,0.0036363636363636598,-0.07742728451062697,-0.20155480355643274,-0.1990086355043822,-0.3237876326697321,-0.5035675304918985,-0.08870934193546531,-0.20682165207224856,-0.20638582614253753,-0.3167842562160482,-0.4732533412136737,-0.055384354974518935,-0.11594914369252035,-0.07569915755428491,-0.21790394716715827,21.0,24.0,23.0,23.0,0.23076923076923078,0.11538461538461539,0.15384615384615385,0.15384615384615385
VCI,CTCP Chứng khoán Vietcap,5,Chứng khoán,2026-09-28,19.75,19.8,19.15,19.35,6205200,True,9369145.0,-0.132286995515695,-0.20858895705521463,-0.22908366533864544,-0.2698113207547169,-0.37940987812700444,22.43,24.46275,False,False,-0.4089798411728772,0.06611570247933907,-0.08590475621679816,-0.17511050118814409,-0.17809230084302774,-0.3191510038976352,-0.4434973111371808,-0.0971868136416365,-0.1803773497039599,-0.18546949148118308,-0.3121476274439513,-0.413183121858956,-0.0273487239107566,-0.03465594417739093,-0.10480801545522006,-0.028966278633975273,16.0,13.0,18.0,11.0,0.2857142857142857,0.4,0.15,0.4117647058823529
VCK,CTCP Chứng khoán VPS,5,Chứng khoán,2026-09-28,28.6,28.6,28.1,28.25,601500,True,2068555.0,-0.06301824212271967,-0.13740458015267176,-0.17397660818713456,-0.2364864864864865,,31.240000000000002,31.689500000000002,False,False,-0.2585301837270342,0.07332826747720356,-0.016636002823822826,-0.10392612428560122,-0.12298524369151687,-0.28582616962940477,,-0.02791806024866117,-0.10919297280141704,-0.1303624343296722,-0.2788227931757209,,0.041920029482218735,0.03652843272515194,-0.07148318118698965,,8.0,9.0,16.0,,0.6666666666666666,0.6,0.25,
VDP,CTCP Dược phẩm Trung ương VIDIPHA,8,Chăm sóc sức khỏe,2026-09-28,33.0,33.0,33.0,33.0,500,True,5105.0,0.2476370510396977,-0.17085427135678388,-0.17251755265797397,-0.27248677248677244,-0.06515580736543902,35.9955,37.7095,False,False,-0.27360774818401934,0.375,0.29401929033859453,-0.13737581548971334,-0.12152618816235627,-0.3218264556296907,-0.1292432403756154,0.2827372329137562,-0.14264266400552916,-0.12890337880051161,-0.3148230791760068,-0.09892905109739059,0.2830981867626135,-0.1136414048638717,-0.1848894606230423,0.021075816008890025,1.0,10.0,9.0,5.0,1.0,0.25,0.3333333333333333,0.6666666666666666
VDS,CTCP Chứng khoán Rồng Việt,5,Chứng khoán,2026-09-28,10.3,10.3,9.76,9.79,852300,True,583230.0,-0.17383966244725746,-0.3601307189542484,-0.38427672955974845,-0.3224913494809689,-0.555,12.657,14.30975,False,False,-0.5734204793028322,0.0030737704918031294,-0.12745742314836062,-0.3266522630871779,-0.33328536506413076,-0.37183103262388717,-0.6190874330101764,-0.13873948057319896,-0.3319191116029937,-0.3406625557022861,-0.3648276561702033,-0.5887732437319516,-0.06890139084231905,-0.18619770607642472,-0.15748804418147205,-0.20455640050697088,20.0,20.0,20.0,15.0,0.09523809523809523,0.05,0.05,0.17647058823529413
VFG,CTCP Khử trùng Việt Nam,1,Bán buôn,2026-09-28,42.95,42.95,42.6,42.6,1000,True,2045.0,-0.031818181818181746,-0.0858369098712446,-0.09168443496801704,-0.11231506563867477,-0.2177745134043334,45.5675,47.24875,False,False,-0.2258767944757405,0.0,0.014564057480715098,-0.05235845400417405,-0.04069307047239934,-0.16165474878159303,-0.2818619464145098,0.003282000055876755,-0.057625302519989874,-0.04807026111055468,-0.15465137232790915,-0.25154775713628497,0.025199362041467332,0.0038182625425485783,0.059113505789896714,0.05804802916776963,8.0,11.0,9.0,10.0,0.6956521739130435,0.5652173913043478,0.6521739130434783,0.5909090909090909
VGC,Tổng Công ty Viglacera - CTCP,21,Vật liệu xây dựng,2026-09-28,43.0,43.25,41.7,41.9,250600,True,350405.0,0.05012531328320802,0.0604910149329283,0.02520185955468568,-0.006873666745674356,-0.22089996281145408,39.9065,41.62925,True,True,-0.2398403483309144,0.23235294117647065,0.09650755258210486,0.09396947079999884,0.07619322405030338,-0.05621334988859261,-0.28498739582163046,0.08522549515726652,0.08870262228418302,0.06881603341214804,-0.04920997343490874,-0.25467320654340564,0.09449039615056343,0.14704145079843267,0.12813904895824768,0.011077796372050697,1.0,2.0,1.0,9.0,1.0,0.9444444444444444,1.0,0.5555555555555556
VHC,CTCP Vĩnh Hoàn,20,Chế biến Thủy sản,2026-09-28,49.55,49.55,48.75,48.95,115000,True,290730.0,-0.06761904761904758,-0.148695652173913,-0.17453625632377734,-0.14721254355400692,-0.148695652173913,54.63000000000001,57.125,False,False,-0.29971387696709584,0.004102564102564266,-0.021236808320150735,-0.11521719630684246,-0.12354489182815964,-0.19655222669692518,-0.2127830851840894,-0.03251886574498908,-0.12048404482265829,-0.13092208246631498,-0.1895488502432413,-0.18246889590586457,0.0059863945578231825,-0.00938719616569672,-0.0052468967770034625,0.1616138672410316,5.0,6.0,6.0,4.0,0.6,0.5,0.5,0.7
VHM,CTCP Vinhomes,3,Bất động sản,2026-09-28,69.1,70.1,68.3,69.2,5052900,True,10094690.0,-0.07978723404255317,-0.058503401360544216,-0.08707124010554079,0.20578497996166578,0.4516467379903504,71.90400000000001,65.10875000000001,False,True,-0.1706615532118887,0.6539196940726577,-0.033404994743656324,-0.02502494549347367,-0.036079875609923096,0.15644529681874753,0.387559304980174,-0.04468705216849467,-0.030291794009289497,-0.043457066248078435,0.1634486732724314,0.4178734942583988,0.0005538872816494567,0.09828135617048195,0.4506361844963847,0.8683134046570171,30.0,15.0,4.0,2.0,0.5166666666666667,0.7666666666666667,0.95,0.9830508474576272
VIB,Ngân hàng TMCP Quốc tế Việt Nam,11,Ngân hàng,2026-09-28,13.35,13.4,13.2,13.2,2076300,True,4574135.0,-0.040000000000000036,-0.1724137931034483,-0.19756838905775076,-0.1640278657378087,-0.29675013319126264,14.9475,15.665000000000001,False,False,-0.32755985736118187,0.0038022813688212143,0.006382239298896808,-0.13893533723637774,-0.14657702456213306,-0.21336754888072695,-0.36083756620143903,-0.004899818125941535,-0.14420218575219357,-0.1539542152002884,-0.20636417242704308,-0.3305233769232142,-0.00480938416422283,-0.09722582317863626,-0.20548887264797644,-0.2339527973206632,14.0,21.0,21.0,21.0,0.43478260869565216,0.13043478260869565,0.13043478260869565,0.13043478260869565
VIC,Tập đoàn VINGROUP - CTCP,3,Bất động sản,2026-09-28,232.0,233.1,229.0,230.5,450500,True,5042485.0,-0.09996095275283101,0.03363228699551568,0.04630049931911029,0.6347517730496455,1.8109756097560976,220.69,194.315,True,True,-0.130188679245283,1.8633540372670807,-0.05357871345393417,0.06711074286258623,0.09729186381472799,0.5854120899067272,1.7468881767459212,-0.06486077087877251,0.0618438943467704,0.08991467317657265,0.5924154663604111,1.777202366024146,-0.019619831428628387,0.19041704452654185,0.8796029775843643,2.227642276422764,40.0,4.0,1.0,1.0,0.35,0.95,1.0,1.0
VID,CTCP Đầu tư Phát triển Thương mại Viễn Đông,1,Bán buôn,2026-09-28,4.2,4.2,4.0,4.0,4000,True,1590.0,-0.0846681922196797,-0.14893617021276595,-0.16666666666666663,-0.19191919191919193,-0.21722113502935425,4.6,4.763250000000001,False,False,-0.23076923076923084,0.0,-0.03828595292078285,-0.1154577143456954,-0.11567530217104893,-0.2412588750621102,-0.28130856803953064,-0.049568010345621194,-0.12072456286151123,-0.12305249280920427,-0.23425549860842632,-0.2509943787613058,-0.027650648360030616,-0.05928099779897278,-0.020490620490620448,0.058601407542748785,15.0,17.0,14.0,9.0,0.391304347826087,0.30434782608695654,0.43478260869565216,0.6363636363636364
VIP,CTCP Vận tải Xăng dầu VIPCO,23,Vận tải - kho bãi,2026-09-28,9.79,9.8,9.71,9.73,38100,True,29665.0,-0.0030737704918032405,-0.050731707317073105,-0.059903381642511966,-0.08895131086142316,-0.2102272727272727,10.045999999999998,10.52225,False,False,-0.24922839506172845,0.01884816753926688,0.0433084688070936,-0.01725325145000256,-0.008912017146894269,-0.13829099400434142,-0.2743147057374491,0.03202641138225526,-0.022520099965818385,-0.01628920778504961,-0.13128761755065754,-0.24400051645922427,0.0,-0.01578994358995167,-0.04589847328803753,-0.15167187300777762,18.0,25.0,26.0,29.0,0.5142857142857142,0.3142857142857143,0.2857142857142857,0.2
VIX,CTCP Chứng khoán VIX,5,Chứng khoán,2026-09-28,12.65,12.75,12.35,12.45,17437400,True,34220930.0,-0.11071428571428577,-0.15535956580732702,-0.23478795328826063,-0.19469598965071155,-0.5705415660572611,14.392499999999998,15.834999999999997,False,False,-0.617746392385631,0.12976406533575324,-0.06433204641538892,-0.12188110994025647,-0.18379658879264293,-0.2440356727936298,-0.6346289990674375,-0.07561410384022726,-0.1271479584560723,-0.19117377943079827,-0.23703229633994594,-0.6043148097892127,-0.0057760141093473605,0.018573447070496685,-0.029692684351214693,-0.22009796656423197,12.0,10.0,12.0,16.0,0.47619047619047616,0.55,0.45,0.11764705882352941
VJC,CTCP Hàng không Vietjet,23,Vận tải - kho bãi,2026-09-28,133.0,133.0,130.8,132.0,568800,True,1125455.0,0.06024096385542177,-0.04347826086956519,-0.06911142454160801,0.06520335700451896,0.2951334379905808,131.44099999999997,133.334,True,False,-0.21995036047748495,0.346938775510204,0.10662320315431861,-0.009999805002494644,-0.018120060045990316,0.015863673861600702,0.2310460049804044,0.09534114572948027,-0.015266653518310469,-0.025497250684145656,0.022867050315284576,0.2613601942586292,0.06331473434722501,-0.008536497142443755,0.10825619457790459,0.35368883771007587,6.0,23.0,8.0,3.0,0.8571428571428571,0.37142857142857144,0.8,0.9428571428571428
VMD,CTCP Y Dược phẩm Vimedimex,1,Bán buôn,2026-09-25,13.3,13.3,13.2,13.2,300,False,770.0,-0.03649635036496346,-0.08965517241379317,-0.117056856187291,-0.15923566878980888,-0.22123893805309736,14.0475,14.88,False,False,-0.40271493212669696,0.04347826086956519,0.009885888933933384,-0.05617671654672263,-0.0660654916916733,-0.20857535193272714,-0.28532637106327374,-0.0013961684909049588,-0.06144356506253845,-0.07344268232982865,-0.20157197547904326,-0.2550121817850489,0.02052119349468562,0.0,0.012192902638762604,0.05458360451900568,9.0,12.0,11.0,11.0,0.6521739130434783,0.5217391304347826,0.5652173913043478,0.5454545454545454
VND,CTCP Chứng khoán VNDIRECT,5,Chứng khoán,2026-09-28,14.35,14.4,13.8,13.85,9160500,True,9692500.0,-0.15290519877675846,-0.23055555555555562,-0.2472826086956521,-0.08941485864562793,-0.3608675588371021,16.625500000000002,16.861749999999997,False,False,-0.4219532554257096,0.0036231884057971175,-0.10652295947786161,-0.19707709968848508,-0.1962912442000344,-0.13875454178854618,-0.4249549918472785,-0.11780501690269995,-0.2023439482043009,-0.20366843483818975,-0.1317511653348623,-0.39464080256905365,-0.04796692717182005,-0.056622542677731924,0.07558844665386893,-0.01042395934407292,19.0,14.0,8.0,10.0,0.14285714285714285,0.35,0.65,0.47058823529411764
VNG,CTCP Du lịch Thành Thành Công,25,"Dịch vụ lưu trú, ăn uống, giải trí",2026-09-25,5.59,5.59,5.4,5.4,1100,False,1710.0,-0.1536050156739811,-0.16795069337442214,-0.16923076923076918,-0.2082111436950146,-0.3023255813953488,6.413500000000001,6.7265,False,False,-0.3224592220828105,0.0,-0.10722277637508426,-0.1344722375073516,-0.11823940473515149,-0.25755082683793284,-0.3664130144055252,-0.1185048337999226,-0.13973908602316742,-0.12561659537330683,-0.25054745038424897,-0.3360988251273004,-0.13371475504297975,-0.07254222400962446,-0.06783332371180911,-0.06536397412962713,6.0,5.0,5.0,4.0,0.16666666666666666,0.3333333333333333,0.3333333333333333,0.5
VNL,CTCP Logistics Vinalink,23,Vận tải - kho bãi,2026-09-25,18.8,18.85,18.8,18.85,2500,False,22340.0,0.0026595744680850686,-0.020779220779220675,0.0026595744680850686,-0.05276381909547723,-0.12284783620288497,18.87,19.40275,False,False,-0.18327556325823213,0.047222222222222276,0.04904181376698191,0.01269923508784987,0.053650938963702766,-0.10210350223839548,-0.18693526921306136,0.03775975634214357,0.007432386572034044,0.046273748325547426,-0.09510012578471161,-0.15662107993483654,0.005733344959888309,0.014162542947900758,-0.0097109815220916,-0.06429243648338989,13.0,15.0,19.0,23.0,0.6571428571428571,0.6,0.4857142857142857,0.37142857142857144
VNM,CTCP Sữa Việt Nam,19,Thực phẩm - Đồ uống,2026-09-28,59.7,60.4,59.1,60.3,1082800,True,2384850.0,-0.02584814216478193,0.06537102473498235,0.0983606557377048,0.03697334479793635,0.06518282988871227,59.269499999999994,60.45250000000001,True,False,-0.17589175891758924,0.13133208255159468,0.020534097134114915,0.0988494806020529,0.1493520202333225,-0.012366338344981909,0.0010953968785358814,0.009252039709276572,0.09358263208623707,0.14197482959516716,-0.005362961891298035,0.031409586156760705,-0.0007289491311714968,0.08013297876391684,0.04764546230794342,0.07282367495913478,10.0,1.0,7.0,5.0,0.5,1.0,0.6666666666666666,0.7777777777777778
VNS,CTCP Ánh Dương Việt Nam,23,Vận tải - kho bãi,2026-09-25,6.6,6.6,6.6,6.6,100,False,11360.0,-0.05714285714285716,-0.1483870967741936,-0.16981132075471705,-0.2198581560283689,-0.32098765432098775,7.4215,8.0995,False,False,-0.3265306122448981,0.08731466227347595,-0.010760617843960318,-0.11490864090712305,-0.11881995625909936,-0.26919783917128715,-0.38507508733116413,-0.02204267526879866,-0.12017548942293887,-0.1261971468972547,-0.26219446271760327,-0.3547608980529393,-0.05406908665105392,-0.11344533304707216,-0.17680531845498326,-0.26243225460149266,31.0,31.0,33.0,32.0,0.14285714285714285,0.14285714285714285,0.08571428571428572,0.11428571428571428
VOS,CTCP Vận tải Biển Việt Nam,23,Vận tải - kho bãi,2026-09-28,12.7,13.2,12.6,12.65,1748600,True,808385.0,0.12444444444444458,0.06302521008403361,0.03265306122448974,0.01200000000000001,-0.08333333333333337,11.7275,12.5425,True,True,-0.32533333333333336,0.2650000000000001,0.17082668374334142,0.09650366595110416,0.08364442572010744,-0.037339683142918245,-0.14742076634350976,0.15954462631850308,0.09123681743528833,0.0762672350819521,-0.03033630668923437,-0.11710657706528493,0.12751821493624782,0.09796697381115504,0.05505283757338564,-0.024777933613838288,4.0,4.0,11.0,20.0,0.9142857142857143,0.9142857142857143,0.7142857142857143,0.45714285714285713
VPB,Ngân hàng TMCP Việt Nam Thịnh Vượng,11,Ngân hàng,2026-09-28,23.15,23.2,22.45,22.5,11362600,True,23921850.0,0.020408163265306145,0.062322946175637384,0.020408163265306145,0.11884634510193925,-0.05023216547066278,21.109,21.25875,True,True,-0.16666666666666663,0.20772946859903385,0.06679040256420299,0.09580140204270793,0.07139952776092384,0.069506661959021,-0.11431959848083917,0.055508345139364645,0.0905345535268921,0.0640223371227685,0.07651003841270487,-0.08400540920261435,0.05559877910108335,0.1375109161004494,0.07738533819177151,0.012565170399936654,4.0,4.0,7.0,9.0,0.8695652173913043,0.8695652173913043,0.7391304347826086,0.6521739130434783
VPD,CTCP Phát triển Điện lực Việt Nam,22,Tiện ích,2026-09-28,20.5,20.5,20.45,20.5,1100,True,7620.0,-0.023809523809523836,-0.030732860520094496,-0.055299539170506895,-0.053991693585602296,-0.12579957356076754,21.362,22.0355,False,False,-0.1601802539942646,0.04591836734693877,0.022572715489373008,0.0027455953469760486,-0.004308174674889198,-0.10333137672852055,-0.18988700657094393,0.011290658064534664,-0.0025212531688397766,-0.011685365313044538,-0.09632800027483668,-0.1595728172927191,-0.014536549202510574,-0.013295440681786896,-0.02237678167413898,-0.07390616542612516,21.0,18.0,21.0,23.0,0.375,0.46875,0.375,0.3125
VPG,CTCP Đầu tư Thương mại Xuất nhập khẩu Việt Phát,1,Bán buôn,2026-09-28,1.63,1.63,1.53,1.57,585400,True,261685.0,-0.10795454545454541,-0.21499999999999997,-0.3891050583657587,-0.6094527363184079,-0.8195402298850575,2.1759999999999997,3.3622500000000004,False,False,-0.8209806157354618,0.20769230769230762,-0.06157230615564857,-0.18152154413292942,-0.338113693870141,-0.6587924194613262,-0.8836276628952339,-0.07285436358048691,-0.18678839264874525,-0.34549088450829635,-0.6517890430076423,-0.853313473617009,-0.050937001594896336,-0.1253448275862068,-0.4380241648898364,-0.5437176873129544,19.0,19.0,23.0,22.0,0.21739130434782608,0.21739130434782608,0.043478260869565216,0.045454545454545456
VPH,CTCP Vạn Phát Hưng,3,Bất động sản,2026-09-28,2.73,2.73,2.69,2.69,37200,True,25100.0,-0.11803278688524588,-0.23796033994334276,-0.23361823361823364,-0.18731117824773413,-0.44421487603305787,3.2904999999999993,3.4457499999999994,False,False,-0.44763860369609854,0.01893939393939381,-0.07165054758634903,-0.2044818840762722,-0.18262686912261594,-0.2366508613906524,-0.5083023090432343,-0.08293260501118738,-0.20974873259208804,-0.19000405976077128,-0.22964748493696852,-0.47798811976500943,-0.03769166556104325,-0.0811755824123166,0.05754002628698479,-0.02754820936639113,46.0,45.0,24.0,33.0,0.25,0.26666666666666666,0.6166666666666667,0.4576271186440678
VPI,CTCP Phát triển Bất động sản Văn Phú,3,Bất động sản,2026-09-28,61.8,61.8,60.7,61.0,676300,True,2011585.0,-0.025559105431309903,0.07532051282051277,0.0910569105691057,0.15689655172413786,0.2155797101449275,57.765,55.287045454545456,True,True,-0.03785488958990535,0.31827111984282896,0.02082313386758694,0.10879896868758332,0.1420482750647234,0.1075568685812196,0.1514922771347511,0.009541076442748597,0.1035321201717675,0.13467108442656806,0.11456024503490347,0.18180646641297593,0.05478201589289272,0.23210527035153894,0.4017477562588568,0.6322463768115942,12.0,2.0,5.0,5.0,0.8166666666666667,0.9833333333333333,0.9333333333333333,0.9322033898305084
VPL,CTCP Vinpearl,25,"Dịch vụ lưu trú, ăn uống, giải trí",2026-09-28,79.6,79.7,78.2,79.2,139600,True,1083700.0,0.021935483870967776,-0.03766707168894279,-0.07692307692307687,-0.04807692307692313,-0.012468827930174564,82.765,84.45500000000001,False,False,-0.28648648648648645,0.18208955223880596,0.06831772316986462,-0.004188615821872244,-0.025931712427459175,-0.09741660621984138,-0.07655626094035095,0.057035665745026276,-0.009455464337688069,-0.033308903065614515,-0.09041322976615751,-0.04624207166212613,0.04182574450196913,0.0577413976758549,0.09230089690628235,0.22449277933554712,1.0,2.0,2.0,1.0,1.0,0.8333333333333334,0.8333333333333334,1.0
VPS,CTCP Thuốc sát trùng Việt Nam ,18,SX Nhựa - Hóa chất,2026-09-28,8.5,8.5,8.49,8.49,700,True,4945.0,-0.03082191780821908,-0.054565701559020074,-0.08512931034482751,0.07061790668348045,-0.2466725820763087,8.648000000000001,8.517000000000001,False,False,-0.314769975786925,0.11710526315789482,0.015560321490677764,-0.02108724569194953,-0.034137945849209816,0.02127822354056219,-0.3107600150864851,0.004278264065839421,-0.026354094207765355,-0.041515136487365156,0.028281599994246065,-0.2804458258082603,-0.023853276693236447,-0.03676967144266141,0.11506235112792484,-0.22069855610228273,16.0,16.0,8.0,21.0,0.4,0.4,0.72,0.2
VPX,CTCP Chứng khoán VPBank,5,Chứng khoán,2026-09-28,25.25,25.25,24.5,24.65,328500,True,881040.0,-0.025691699604743157,-0.09706959706959717,-0.1350877192982457,-0.12277580071174388,,26.109999999999996,27.53875,False,False,-0.2855072463768117,0.06709956709956688,0.020690539694153687,-0.06359114120252662,-0.084096354802628,-0.17211548385466213,,0.009408482269315344,-0.06885798971834245,-0.09147354544078334,-0.16511210740097826,,0.07924657200019525,0.07686341580822653,0.042227504587752984,,3.0,7.0,9.0,,0.9047619047619048,0.7,0.6,
VRC,CTCP Bất động sản và Đầu tư VRC,3,Bất động sản,2026-09-28,11.4,11.8,11.4,11.8,200,True,27335.0,0.012875536480686733,-0.07086614173228334,-0.024793388429751984,-0.0923076923076922,-0.16901408450704214,12.16,12.775,False,False,-0.25786163522012573,0.13461538461538458,0.05925777577958358,-0.037387685865212794,0.026197976065865713,-0.14164737545061046,-0.23310151751721853,0.047975718354745234,-0.04265453438102862,0.018820785427710374,-0.13464399899692658,-0.2027873282389937,0.09321665780488936,0.08591861579874283,0.15254351222702672,0.2476525821596246,6.0,16.0,14.0,11.0,0.9166666666666666,0.75,0.7833333333333333,0.8305084745762712
VRE,CTCP Vincom Retail,3,Bất động sản,2026-09-28,24.5,24.8,24.35,24.35,1432100,True,5314720.0,-0.0811320754716981,-0.0759013282732448,-0.13499111900532845,-0.04845642829230157,-0.14230362803804153,26.466,27.698500000000003,False,False,-0.44215349369988544,0.16507177033492848,-0.03474983617280125,-0.04242287240617426,-0.08399975450971076,-0.09779611143521982,-0.20639106104821792,-0.046031893597639595,-0.047689720921990086,-0.0913769451478661,-0.09079273498153595,-0.1760768717699931,-0.0007909541474954707,0.08088342925778136,0.19639477624241736,0.2743630386286252,32.0,17.0,11.0,10.0,0.48333333333333334,0.7333333333333333,0.8333333333333334,0.847457627118644
VSC,CTCP Container Việt Nam,23,Vận tải - kho bãi,2026-09-28,13.4,13.9,13.4,13.6,11330900,True,7942125.0,-0.021582733812949728,-0.16564417177914115,-0.27077747989276135,-0.4285714285714286,-0.5598705501618123,15.972500000000002,19.35125,False,False,-0.580893682588598,0.11020408163265305,0.024799505485947115,-0.1321657159120706,-0.21978611539714366,-0.47791111171434686,-0.6239579831719887,0.013517448061108772,-0.13743256442788643,-0.227163306035299,-0.470907735260663,-0.5936437938937639,-0.018508963321146488,-0.13070240805201971,-0.385518590998043,-0.5013151504423172,26.0,32.0,35.0,35.0,0.2857142857142857,0.11428571428571428,0.02857142857142857,0.02857142857142857
VSH,CTCP Thủy điện Vĩnh Sơn - Sông Hinh,22,Tiện ích,2026-09-28,41.45,41.45,40.9,41.1,8900,True,5295.0,-0.006045949214026569,0.0019502681618721596,0.005381604696673259,-0.005083514887436524,-0.03927068723702665,41.191,41.2825,False,False,-0.043073341094295725,0.05791505791505802,0.040336290084870274,0.035428724028942704,0.056372969192290956,-0.05442319803035478,-0.10335812024720303,0.02905423266003193,0.03016187551312688,0.048995778554135616,-0.047419821576670906,-0.07304393096897821,0.0032270253929866932,0.01938768800017976,0.026531397024026793,0.012622720897615736,16.0,12.0,12.0,16.0,0.53125,0.65625,0.65625,0.53125
VSI,CTCP Đầu tư và Xây dựng Cấp thoát nước,24,Xây dựng,2026-09-24,17.8,17.8,17.8,17.8,100,False,1920.0,-0.09873417721518984,-0.15439429928741089,-0.19090909090909092,-0.375438596491228,-0.11706349206349198,19.9775,23.0375,False,False,-0.44375,0.12302839116719255,-0.052351937916293,-0.12091584342034034,-0.13991772641347322,-0.42477827963414627,-0.18115092507366837,-0.06363399534113134,-0.12618269193615617,-0.14729491705162856,-0.4177749031804624,-0.15083673579544354,-0.030309008380184965,-0.035310183556427954,-0.1766898045186991,0.10451265825107187,19.0,19.0,26.0,8.0,0.3076923076923077,0.3076923076923077,0.038461538461538464,0.7307692307692307
VTB,CTCP Viettronics Tân Bình,27,Thiết bị điện,2026-09-28,12.1,12.1,11.75,11.75,600,True,2185.0,-0.04159869494290369,0.0199652777777779,-0.03052805280528048,-0.10849772382397571,0.38235294117647056,12.057,13.214500000000001,False,False,-0.5269726247987118,0.49111675126903553,0.004783544355993152,0.053443733644848446,0.020463311690337216,-0.15783740696689397,0.3182655081662942,-0.006498513068845191,0.04817688512903262,0.013086121052181876,-0.1508340305132101,0.348579697444519,-0.02250408581988117,0.07030637915242371,-0.038137494015077655,0.5424415884644278,6.0,2.0,6.0,1.0,0.375,0.875,0.375,1.0
VTO,CTCP Vận tải Xăng dầu Vitaco,23,Vận tải - kho bãi,2026-09-28,10.9,11.15,10.9,10.95,391100,True,177885.0,0.03301886792452824,0.03791469194312791,0.03301886792452824,0.03791469194312791,0.011080332409972193,10.6045,10.70175,True,True,-0.14050235478806916,0.09719438877755504,0.07940110722342508,0.07139314781019845,0.08401023242014594,-0.011424991199790346,-0.05300710060020419,0.06811904979858674,0.06612629929438263,0.0766330417819906,-0.0044216147461064725,-0.02269291132197937,0.03609263841633148,0.07285645567024934,0.08096752951651354,0.06963573212946728,9.0,6.0,9.0,10.0,0.7714285714285715,0.8571428571428571,0.7714285714285715,0.7428571428571429
VTP,Tổng Công ty cổ phần Bưu chính Viettel,23,Vận tải - kho bãi,2026-09-28,52.8,53.0,50.6,51.2,456400,True,556910.0,-0.0019493177387913674,-0.04885751439717623,-0.059342274480984725,-0.1270247229326512,-0.1719230147177745,52.6105,57.63075,False,False,-0.3786407766990292,0.17972350230414746,0.044432921560105476,-0.015379058530105683,-0.008350909985367028,-0.17636440607556947,-0.23601044772795088,0.03315086413526713,-0.020645907045921508,-0.015728100623522367,-0.1693610296218856,-0.20569625844972605,0.001124452753011873,-0.013915750670054794,-0.08397188535926559,-0.11336761499827941,16.0,24.0,28.0,25.0,0.5714285714285714,0.34285714285714286,0.22857142857142856,0.3142857142857143
VVS,CTCP Đầu tư phát triển máy Việt Nam,1,Bán buôn,2026-09-28,83.8,83.9,81.5,81.8,62600,True,88770.0,-0.10698689956331875,-0.00728155339805836,-0.03080568720379162,0.17663981588032218,2.7800369685767095,85.5155,74.07300000000001,False,True,-0.2550091074681239,2.7905468025949953,-0.060604660264421906,0.026196902469012184,0.020185677291826076,0.12730013273740393,2.715949535566533,-0.07188671768926025,0.02093005395319636,0.012808486653670736,0.1343035091910878,2.746263724844758,-0.04996935570366967,0.08237361901573481,0.34806838730889367,3.0558595111488125,18.0,7.0,2.0,1.0,0.2608695652173913,0.7391304347826086,0.9565217391304348,1.0
YBM,CTCP YBM,21,Vật liệu xây dựng,2026-09-28,10.05,10.05,10.05,10.05,200,True,1385.0,-0.02898550724637672,0.015151515151515138,0.006006006006006093,-0.02898550724637672,-0.12073490813648291,9.973,10.20025,True,False,-0.20238095238095233,0.08180839612486568,0.017396732052520125,0.04862997101858568,0.05699737050162379,-0.07832519038929497,-0.1848223411466593,0.006114674627681782,0.04336312250276986,0.04962017986346845,-0.0713218139356111,-0.15450815186843447,0.015379575620978692,0.10170195101701951,0.10602720845754532,0.11124285104702186,6.0,4.0,2.0,3.0,0.7222222222222222,0.8333333333333334,0.9444444444444444,0.8888888888888888
YEG,CTCP Tập đoàn Yeah1,25,"Dịch vụ lưu trú, ăn uống, giải trí",2026-09-28,7.72,7.72,7.46,7.46,583200,True,621150.0,0.0,-0.14449541284403677,-0.19088937093275493,-0.19698600645855757,-0.4679029957203994,8.106000000000002,9.2975,False,False,-0.47685834502103785,0.10192023633677993,0.046382239298896843,-0.11101695697696623,-0.13989800643713723,-0.24632568960147583,-0.5319904287305758,0.0351001818740585,-0.11628380549278206,-0.14727519707529257,-0.23932231314779195,-0.501676239452351,0.019890260631001355,-0.04908694347923909,-0.056608186475352096,-0.2309413884546777,3.0,4.0,4.0,5.0,0.6666666666666666,0.5,0.5,0.3333333333333333
