symbol,week_start,week_end,open,high,low,close,volume,is_provisional,week
AAA,2026-03-30,2026-04-03,6707.0,6851.0,6630.0,6650.0,3708300,False,2026-03-28/2026-04-03
AAA,2026-04-06,2026-04-10,6650.0,6870.0,6554.0,6793.0,5096500,False,2026-04-04/2026-04-10
AAA,2026-04-13,2026-04-17,6765.0,6937.0,6707.0,6736.0,4617200,False,2026-04-11/2026-04-17
AAA,2026-04-20,2026-04-24,6793.0,6813.0,6669.0,6707.0,3448600,False,2026-04-18/2026-04-24
AAA,2026-04-27,2026-05-01,6707.0,7100.0,6630.0,7004.0,3168500,False,2026-04-25/2026-05-01
AAA,2026-05-04,2026-05-08,7062.0,7282.0,6860.0,6889.0,7462600,False,2026-05-02/2026-05-08
AAA,2026-05-11,2026-05-15,6995.0,6995.0,6813.0,6822.0,4237700,False,2026-05-09/2026-05-15
AAA,2026-05-18,2026-05-22,6841.0,6918.0,6630.0,6745.0,3731500,False,2026-05-16/2026-05-22
AAA,2026-05-25,2026-05-29,6774.0,6832.0,6707.0,6726.0,2527100,False,2026-05-23/2026-05-29
AAA,2026-06-01,2026-06-05,6803.0,6803.0,6621.0,6640.0,2369100,False,2026-05-30/2026-06-05
AAA,2026-06-08,2026-06-12,6640.0,7129.0,6535.0,6956.0,5543800,False,2026-06-06/2026-06-12
AAA,2026-06-15,2026-06-19,6975.0,7186.0,6851.0,7119.0,6971600,False,2026-06-13/2026-06-19
AAA,2026-06-22,2026-06-26,7138.0,7186.0,6995.0,7062.0,4961800,False,2026-06-20/2026-06-26
AAA,2026-06-29,2026-07-03,7023.0,7138.0,6985.0,7090.0,2751700,False,2026-06-27/2026-07-03
AAA,2026-07-06,2026-07-10,7090.0,7378.0,6947.0,6947.0,5605600,False,2026-07-04/2026-07-10
AAA,2026-07-13,2026-07-17,6947.0,6985.0,6755.0,6918.0,3426100,False,2026-07-11/2026-07-17
AAA,2026-07-20,2026-07-24,6899.0,6918.0,6600.0,6780.0,4112200,False,2026-07-18/2026-07-24
AAA,2026-07-27,2026-07-31,6780.0,7260.0,6650.0,7110.0,4143500,False,2026-07-25/2026-07-31
AAA,2026-08-03,2026-08-07,7130.0,7340.0,7070.0,7150.0,6279200,False,2026-08-01/2026-08-07
AAA,2026-08-10,2026-08-14,7170.0,7530.0,7070.0,7100.0,9080000,False,2026-08-08/2026-08-14
AAA,2026-08-17,2026-08-21,7100.0,7160.0,6880.0,7120.0,4271900,False,2026-08-15/2026-08-21
AAA,2026-08-24,2026-08-28,7200.0,7200.0,7000.0,7030.0,4815500,False,2026-08-22/2026-08-28
AAA,2026-08-31,2026-09-04,7080.0,7190.0,7030.0,7130.0,1732100,False,2026-08-29/2026-09-04
AAA,2026-09-07,2026-09-11,7150.0,7450.0,7040.0,7170.0,9665300,False,2026-09-05/2026-09-11
AAA,2026-09-14,2026-09-18,7150.0,7600.0,7150.0,7260.0,11453200,False,2026-09-12/2026-09-18
AAA,2026-09-21,2026-09-25,7320.0,7900.0,7300.0,7470.0,16446700,False,2026-09-19/2026-09-25
AAA,2026-09-28,2026-10-02,7470.0,7470.0,7.16,7.16,5884300,False,2026-09-26/2026-10-02
ABS,2026-03-30,2026-04-03,2920.0,3380.0,2920.0,3110.0,1342600,False,2026-03-28/2026-04-03
ABS,2026-04-06,2026-04-10,3080.0,3080.0,2850.0,2970.0,2048300,False,2026-04-04/2026-04-10
ABS,2026-04-13,2026-04-17,2970.0,3010.0,2890.0,2910.0,952300,False,2026-04-11/2026-04-17
ABS,2026-04-20,2026-04-24,2920.0,2990.0,2870.0,2930.0,1139300,False,2026-04-18/2026-04-24
ABS,2026-04-27,2026-05-01,2930.0,2970.0,2840.0,2900.0,386600,False,2026-04-25/2026-05-01
ABS,2026-05-04,2026-05-08,2920.0,2920.0,2710.0,2830.0,563300,False,2026-05-02/2026-05-08
ABS,2026-05-11,2026-05-15,2800.0,2870.0,2790.0,2800.0,577600,False,2026-05-09/2026-05-15
ABS,2026-05-18,2026-05-22,2800.0,3070.0,2790.0,3000.0,1507100,False,2026-05-16/2026-05-22
ABS,2026-05-25,2026-05-29,3000.0,3150.0,2920.0,2970.0,1283400,False,2026-05-23/2026-05-29
ABS,2026-06-01,2026-06-05,2980.0,3170.0,2900.0,2940.0,656500,False,2026-05-30/2026-06-05
ABS,2026-06-08,2026-06-12,2880.0,2990.0,2800.0,2930.0,387000,False,2026-06-06/2026-06-12
ABS,2026-06-15,2026-06-19,2930.0,3070.0,2930.0,3010.0,832000,False,2026-06-13/2026-06-19
ABS,2026-06-22,2026-06-26,3000.0,3090.0,2930.0,2960.0,674500,False,2026-06-20/2026-06-26
ABS,2026-06-29,2026-07-03,3000.0,3070.0,2860.0,3050.0,729500,False,2026-06-27/2026-07-03
ABS,2026-07-06,2026-07-10,3030.0,3100.0,2960.0,3020.0,1073100,False,2026-07-04/2026-07-10
ABS,2026-07-13,2026-07-17,3230.0,3480.0,2960.0,3210.0,5626400,False,2026-07-11/2026-07-17
ABS,2026-07-20,2026-07-24,3300.0,3650.0,2950.0,3100.0,3811900,False,2026-07-18/2026-07-24
ABS,2026-07-27,2026-07-31,3100.0,3200.0,2990.0,3010.0,1754000,False,2026-07-25/2026-07-31
ABS,2026-08-03,2026-08-07,3040.0,3170.0,3020.0,3040.0,721900,False,2026-08-01/2026-08-07
ABS,2026-08-10,2026-08-14,3040.0,3120.0,3020.0,3100.0,690700,False,2026-08-08/2026-08-14
ABS,2026-08-17,2026-08-21,3100.0,3280.0,3030.0,3060.0,1572200,False,2026-08-15/2026-08-21
ABS,2026-08-24,2026-08-28,3050.0,3070.0,2850.0,2900.0,1493200,False,2026-08-22/2026-08-28
ABS,2026-08-31,2026-09-04,2950.0,2950.0,2810.0,2870.0,559300,False,2026-08-29/2026-09-04
ABS,2026-09-07,2026-09-11,2870.0,2940.0,2810.0,2830.0,1012700,False,2026-09-05/2026-09-11
ABS,2026-09-14,2026-09-18,2860.0,2920.0,2850.0,2900.0,400800,False,2026-09-12/2026-09-18
ABS,2026-09-21,2026-09-25,2900.0,2940.0,2840.0,2890.0,471200,False,2026-09-19/2026-09-25
ABS,2026-09-28,2026-10-02,2890.0,2890.0,2.85,2.89,273100,False,2026-09-26/2026-10-02
ACB,2026-03-30,2026-04-03,20091.0,20608.0,20048.0,20263.0,51548400,False,2026-03-28/2026-04-03
ACB,2026-04-06,2026-04-10,20263.0,20867.0,19961.0,20565.0,49031800,False,2026-04-04/2026-04-10
ACB,2026-04-13,2026-04-17,20522.0,20867.0,20306.0,20479.0,45484700,False,2026-04-11/2026-04-17
ACB,2026-04-20,2026-04-24,20565.0,20737.0,20091.0,20177.0,55814200,False,2026-04-18/2026-04-24
ACB,2026-04-27,2026-05-01,20177.0,20306.0,20091.0,20263.0,16177200,False,2026-04-25/2026-05-01
ACB,2026-05-04,2026-05-08,20306.0,20306.0,19401.0,19703.0,96196200,False,2026-05-02/2026-05-08
ACB,2026-05-11,2026-05-15,19832.0,20134.0,19315.0,20091.0,82784200,False,2026-05-09/2026-05-15
ACB,2026-05-18,2026-05-22,19918.0,20048.0,19358.0,19703.0,73102800,False,2026-05-16/2026-05-22
ACB,2026-05-25,2026-05-29,19789.0,21945.0,19789.0,21470.0,168463000,False,2026-05-23/2026-05-29
ACB,2026-06-01,2026-06-05,21470.0,22850.0,21169.0,22548.0,184306300,False,2026-05-30/2026-06-05
ACB,2026-06-08,2026-06-12,22160.0,23367.0,21686.0,22850.0,199258900,False,2026-06-06/2026-06-12
ACB,2026-06-15,2026-06-19,23100.0,23100.0,21900.0,22200.0,70117100,False,2026-06-13/2026-06-19
ACB,2026-06-22,2026-06-26,22200.0,22850.0,21900.0,22600.0,64445100,False,2026-06-20/2026-06-26
ACB,2026-06-29,2026-07-03,22600.0,23000.0,22450.0,22650.0,51444200,False,2026-06-27/2026-07-03
ACB,2026-07-06,2026-07-10,22650.0,23200.0,22050.0,22550.0,59482600,False,2026-07-04/2026-07-10
ACB,2026-07-13,2026-07-17,22500.0,23850.0,22300.0,23550.0,112804100,False,2026-07-11/2026-07-17
ACB,2026-07-20,2026-07-24,23500.0,23500.0,21650.0,22500.0,110147700,False,2026-07-18/2026-07-24
ACB,2026-07-27,2026-07-31,22500.0,22650.0,21800.0,21900.0,73506100,False,2026-07-25/2026-07-31
ACB,2026-08-03,2026-08-07,22000.0,22650.0,21950.0,22400.0,48930400,False,2026-08-01/2026-08-07
ACB,2026-08-10,2026-08-14,22400.0,22800.0,22100.0,22150.0,51922900,False,2026-08-08/2026-08-14
ACB,2026-08-17,2026-08-21,22150.0,22750.0,21550.0,22750.0,41756900,False,2026-08-15/2026-08-21
ACB,2026-08-24,2026-08-28,22750.0,22750.0,22150.0,22650.0,34592500,False,2026-08-22/2026-08-28
ACB,2026-08-31,2026-09-04,22550.0,22550.0,22150.0,22200.0,18234500,False,2026-08-29/2026-09-04
ACB,2026-09-07,2026-09-11,22200.0,22600.0,22000.0,22050.0,26736400,False,2026-09-05/2026-09-11
ACB,2026-09-14,2026-09-18,22050.0,22850.0,21900.0,21900.0,40517700,False,2026-09-12/2026-09-18
ACB,2026-09-21,2026-09-25,22300.0,22500.0,21250.0,21400.0,42387200,False,2026-09-19/2026-09-25
ACB,2026-09-28,2026-10-02,21300.0,21400.0,21.1,21.1,21039800,False,2026-09-26/2026-10-02
ACC,2026-03-30,2026-04-03,12100.0,13400.0,12000.0,13100.0,45600,False,2026-03-28/2026-04-03
ACC,2026-04-06,2026-04-10,12250.0,12850.0,11750.0,12400.0,142600,False,2026-04-04/2026-04-10
ACC,2026-04-13,2026-04-17,12400.0,12750.0,12100.0,12500.0,942500,False,2026-04-11/2026-04-17
ACC,2026-04-20,2026-04-24,12100.0,13300.0,11950.0,12900.0,46500,False,2026-04-18/2026-04-24
ACC,2026-04-27,2026-05-01,12200.0,12750.0,12200.0,12700.0,18700,False,2026-04-25/2026-05-01
ACC,2026-05-04,2026-05-08,12200.0,13200.0,12200.0,12700.0,58400,False,2026-05-02/2026-05-08
ACC,2026-05-11,2026-05-15,12900.0,13550.0,12250.0,12850.0,12600,False,2026-05-09/2026-05-15
ACC,2026-05-18,2026-05-22,12850.0,13000.0,12000.0,12600.0,59800,False,2026-05-16/2026-05-22
ACC,2026-05-25,2026-05-29,12150.0,12650.0,11850.0,12450.0,96100,False,2026-05-23/2026-05-29
ACC,2026-06-01,2026-06-05,12400.0,12650.0,11650.0,12650.0,42600,False,2026-05-30/2026-06-05
ACC,2026-06-08,2026-06-12,12550.0,13050.0,12050.0,12600.0,46200,False,2026-06-06/2026-06-12
ACC,2026-06-15,2026-06-19,12500.0,12500.0,12000.0,12450.0,58900,False,2026-06-13/2026-06-19
ACC,2026-06-22,2026-06-26,12100.0,12500.0,11900.0,12300.0,31600,False,2026-06-20/2026-06-26
ACC,2026-06-29,2026-07-03,12100.0,12450.0,10650.0,11000.0,202600,False,2026-06-27/2026-07-03
ACC,2026-07-06,2026-07-10,10950.0,11100.0,10250.0,10700.0,266100,False,2026-07-04/2026-07-10
ACC,2026-07-13,2026-07-17,10250.0,10500.0,7470.0,7470.0,195800,False,2026-07-11/2026-07-17
ACC,2026-07-20,2026-07-24,6950.0,6950.0,5210.0,5210.0,104400,False,2026-07-18/2026-07-24
ACC,2026-07-27,2026-07-31,4850.0,4990.0,4210.0,4500.0,7925000,False,2026-07-25/2026-07-31
ACC,2026-08-03,2026-08-07,4190.0,4850.0,4190.0,4850.0,7999100,False,2026-08-01/2026-08-07
ACC,2026-08-10,2026-08-14,5150.0,5150.0,4630.0,4650.0,4746700,False,2026-08-08/2026-08-14
ACC,2026-08-17,2026-08-21,4660.0,4890.0,4300.0,4720.0,2130600,False,2026-08-15/2026-08-21
ACC,2026-08-24,2026-08-28,4730.0,4900.0,4650.0,4750.0,2246100,False,2026-08-22/2026-08-28
ACC,2026-08-31,2026-09-04,4750.0,4770.0,4630.0,4650.0,493600,False,2026-08-29/2026-09-04
ACC,2026-09-07,2026-09-11,4650.0,4650.0,4290.0,4320.0,1747400,False,2026-09-05/2026-09-11
ACC,2026-09-14,2026-09-18,4370.0,4580.0,4270.0,4420.0,946500,False,2026-09-12/2026-09-18
ACC,2026-09-21,2026-09-25,4410.0,4410.0,4260.0,4280.0,834400,False,2026-09-19/2026-09-25
ACC,2026-09-28,2026-10-02,4320.0,4320.0,4.23,4.23,401500,False,2026-09-26/2026-10-02
ADS,2026-03-30,2026-04-03,7342.0,7799.0,7342.0,7647.0,552600,False,2026-03-28/2026-04-03
ADS,2026-04-06,2026-04-10,7656.0,7817.0,7575.0,7727.0,452900,False,2026-04-04/2026-04-10
ADS,2026-04-13,2026-04-17,7745.0,8282.0,7700.0,8139.0,655900,False,2026-04-11/2026-04-17
ADS,2026-04-20,2026-04-24,8148.0,8417.0,7879.0,8220.0,689900,False,2026-04-18/2026-04-24
ADS,2026-04-27,2026-05-01,8202.0,8202.0,8059.0,8139.0,93200,False,2026-04-25/2026-05-01
ADS,2026-05-04,2026-05-08,8059.0,8139.0,7879.0,7951.0,443700,False,2026-05-02/2026-05-08
ADS,2026-05-11,2026-05-15,7969.0,8372.0,7906.0,8157.0,672300,False,2026-05-09/2026-05-15
ADS,2026-05-18,2026-05-22,8148.0,8220.0,7933.0,8005.0,369500,False,2026-05-16/2026-05-22
ADS,2026-05-25,2026-05-29,8050.0,8372.0,7933.0,8076.0,390500,False,2026-05-23/2026-05-29
ADS,2026-06-01,2026-06-05,7987.0,8166.0,7978.0,7996.0,183500,False,2026-05-30/2026-06-05
ADS,2026-06-08,2026-06-12,7987.0,8300.0,7978.0,8202.0,491000,False,2026-06-06/2026-06-12
ADS,2026-06-15,2026-06-19,8202.0,8623.0,8148.0,8399.0,990600,False,2026-06-13/2026-06-19
ADS,2026-06-22,2026-06-26,8435.0,8506.0,8094.0,8256.0,550000,False,2026-06-20/2026-06-26
ADS,2026-06-29,2026-07-03,8354.0,8680.0,8265.0,8390.0,1303100,False,2026-06-27/2026-07-03
ADS,2026-07-06,2026-07-10,8390.0,8390.0,7890.0,7890.0,564400,False,2026-07-04/2026-07-10
ADS,2026-07-13,2026-07-17,7810.0,7990.0,7410.0,7840.0,625200,False,2026-07-11/2026-07-17
ADS,2026-07-20,2026-07-24,7650.0,8000.0,7500.0,7510.0,267600,False,2026-07-18/2026-07-24
ADS,2026-07-27,2026-07-31,7510.0,8060.0,7480.0,7960.0,307000,False,2026-07-25/2026-07-31
ADS,2026-08-03,2026-08-07,7970.0,8300.0,7910.0,8110.0,491100,False,2026-08-01/2026-08-07
ADS,2026-08-10,2026-08-14,8120.0,8250.0,7980.0,8060.0,435300,False,2026-08-08/2026-08-14
ADS,2026-08-17,2026-08-21,8120.0,8250.0,8000.0,8230.0,834700,False,2026-08-15/2026-08-21
ADS,2026-08-24,2026-08-28,8230.0,8460.0,8060.0,8180.0,432300,False,2026-08-22/2026-08-28
ADS,2026-08-31,2026-09-04,8220.0,8220.0,8140.0,8140.0,245000,False,2026-08-29/2026-09-04
ADS,2026-09-07,2026-09-11,8140.0,8200.0,7980.0,8040.0,249200,False,2026-09-05/2026-09-11
ADS,2026-09-14,2026-09-18,8040.0,8240.0,7800.0,7950.0,150100,False,2026-09-12/2026-09-18
ADS,2026-09-21,2026-09-25,7910.0,8030.0,7800.0,7890.0,122700,False,2026-09-19/2026-09-25
ADS,2026-09-28,2026-10-02,7890.0,7890.0,7.6,7.79,83000,False,2026-09-26/2026-10-02
AFX,2026-03-30,2026-04-03,10200.0,10800.0,10200.0,10650.0,320300,False,2026-03-28/2026-04-03
AFX,2026-04-06,2026-04-10,10600.0,11000.0,10550.0,10850.0,439200,False,2026-04-04/2026-04-10
AFX,2026-04-13,2026-04-17,10850.0,10850.0,10500.0,10700.0,402100,False,2026-04-11/2026-04-17
AFX,2026-04-20,2026-04-24,11000.0,11100.0,10350.0,10650.0,465900,False,2026-04-18/2026-04-24
AFX,2026-04-27,2026-05-01,10650.0,10900.0,10650.0,10700.0,86300,False,2026-04-25/2026-05-01
AFX,2026-05-04,2026-05-08,10700.0,11000.0,10450.0,10600.0,222800,False,2026-05-02/2026-05-08
AFX,2026-05-11,2026-05-15,10500.0,10550.0,9540.0,10350.0,324700,False,2026-05-09/2026-05-15
AFX,2026-05-18,2026-05-22,10400.0,10450.0,9700.0,10150.0,249100,False,2026-05-16/2026-05-22
AFX,2026-05-25,2026-05-29,10300.0,10750.0,10150.0,10600.0,361700,False,2026-05-23/2026-05-29
AFX,2026-06-01,2026-06-05,10600.0,10600.0,10000.0,10400.0,276300,False,2026-05-30/2026-06-05
AFX,2026-06-08,2026-06-12,10300.0,10450.0,10000.0,10350.0,284700,False,2026-06-06/2026-06-12
AFX,2026-06-15,2026-06-19,10400.0,10500.0,10000.0,10200.0,490500,False,2026-06-13/2026-06-19
AFX,2026-06-22,2026-06-26,10250.0,10250.0,9950.0,10150.0,378700,False,2026-06-20/2026-06-26
AFX,2026-06-29,2026-07-03,10000.0,10150.0,9950.0,10150.0,313100,False,2026-06-27/2026-07-03
AFX,2026-07-06,2026-07-10,10150.0,10150.0,9990.0,10150.0,586100,False,2026-07-04/2026-07-10
AFX,2026-07-13,2026-07-17,10100.0,10150.0,9900.0,9900.0,422600,False,2026-07-11/2026-07-17
AFX,2026-07-20,2026-07-24,9950.0,10100.0,9500.0,10000.0,513300,False,2026-07-18/2026-07-24
AFX,2026-07-27,2026-07-31,10000.0,10500.0,9950.0,10300.0,1088800,False,2026-07-25/2026-07-31
AFX,2026-08-03,2026-08-07,10350.0,11000.0,10300.0,10500.0,1289000,False,2026-08-01/2026-08-07
AFX,2026-08-10,2026-08-14,10500.0,10600.0,9950.0,10100.0,1001100,False,2026-08-08/2026-08-14
AFX,2026-08-17,2026-08-21,10000.0,10400.0,9900.0,10050.0,590600,False,2026-08-15/2026-08-21
AFX,2026-08-24,2026-08-28,10100.0,10200.0,9990.0,10200.0,628000,False,2026-08-22/2026-08-28
AFX,2026-08-31,2026-09-04,10200.0,10200.0,10000.0,10100.0,343600,False,2026-08-29/2026-09-04
AFX,2026-09-07,2026-09-11,10000.0,10200.0,9500.0,9900.0,670700,False,2026-09-05/2026-09-11
AFX,2026-09-14,2026-09-18,9900.0,10000.0,9550.0,9860.0,669700,False,2026-09-12/2026-09-18
AFX,2026-09-21,2026-09-25,9860.0,10050.0,9840.0,9950.0,694600,False,2026-09-19/2026-09-25
AFX,2026-09-28,2026-10-02,9950.0,9990.0,9.62,9.8,458100,False,2026-09-26/2026-10-02
AGG,2026-03-30,2026-04-03,11753.0,11889.0,11390.0,11390.0,2472200,False,2026-03-28/2026-04-03
AGG,2026-04-06,2026-04-10,11390.0,12025.0,11072.0,11798.0,2820000,False,2026-04-04/2026-04-10
AGG,2026-04-13,2026-04-17,11617.0,11934.0,11526.0,11708.0,1196300,False,2026-04-11/2026-04-17
AGG,2026-04-20,2026-04-24,11662.0,11662.0,11254.0,11435.0,1097800,False,2026-04-18/2026-04-24
AGG,2026-04-27,2026-05-01,11435.0,11435.0,11208.0,11435.0,307100,False,2026-04-25/2026-05-01
AGG,2026-05-04,2026-05-08,11435.0,11526.0,11072.0,11118.0,852500,False,2026-05-02/2026-05-08
AGG,2026-05-11,2026-05-15,11118.0,11163.0,10845.0,10982.0,996300,False,2026-05-09/2026-05-15
AGG,2026-05-18,2026-05-22,10936.0,10936.0,10255.0,10845.0,1108000,False,2026-05-16/2026-05-22
AGG,2026-05-25,2026-05-29,10709.0,10982.0,10618.0,10891.0,695000,False,2026-05-23/2026-05-29
AGG,2026-06-01,2026-06-05,10891.0,10982.0,10573.0,10755.0,892900,False,2026-05-30/2026-06-05
AGG,2026-06-08,2026-06-12,10709.0,11435.0,10437.0,11435.0,2173300,False,2026-06-06/2026-06-12
AGG,2026-06-15,2026-06-19,11617.0,11662.0,10664.0,10800.0,1966800,False,2026-06-13/2026-06-19
AGG,2026-06-22,2026-06-26,10755.0,10755.0,10482.0,10664.0,1219500,False,2026-06-20/2026-06-26
AGG,2026-06-29,2026-07-03,10618.0,10755.0,10437.0,10618.0,1015500,False,2026-06-27/2026-07-03
AGG,2026-07-06,2026-07-10,10573.0,10664.0,10346.0,10437.0,1052500,False,2026-07-04/2026-07-10
AGG,2026-07-13,2026-07-17,10392.0,10437.0,10165.0,10392.0,701700,False,2026-07-11/2026-07-17
AGG,2026-07-20,2026-07-24,10210.0,10346.0,9666.0,9983.0,1817600,False,2026-07-18/2026-07-24
AGG,2026-07-27,2026-07-31,9620.0,10800.0,9439.0,10392.0,2468100,False,2026-07-25/2026-07-31
AGG,2026-08-03,2026-08-07,10392.0,10664.0,10165.0,10210.0,1619500,False,2026-08-01/2026-08-07
AGG,2026-08-10,2026-08-14,10210.0,10392.0,9892.0,10119.0,939500,False,2026-08-08/2026-08-14
AGG,2026-08-17,2026-08-21,10119.0,10165.0,9802.0,10029.0,521700,False,2026-08-15/2026-08-21
AGG,2026-08-24,2026-08-28,10165.0,10845.0,10029.0,10845.0,1861600,False,2026-08-22/2026-08-28
AGG,2026-08-31,2026-09-04,10800.0,10900.0,10437.0,10900.0,844200,False,2026-08-29/2026-09-04
AGG,2026-09-07,2026-09-11,10750.0,10800.0,10100.0,10300.0,1213000,False,2026-09-05/2026-09-11
AGG,2026-09-14,2026-09-18,10100.0,10250.0,9820.0,10000.0,1310200,False,2026-09-12/2026-09-18
AGG,2026-09-21,2026-09-25,10000.0,10000.0,9170.0,9170.0,1397000,False,2026-09-19/2026-09-25
AGG,2026-09-28,2026-10-02,9100.0,9180.0,8.8,9.0,1953700,False,2026-09-26/2026-10-02
AGR,2026-03-30,2026-04-03,14300.0,15200.0,14150.0,14600.0,2437500,False,2026-03-28/2026-04-03
AGR,2026-04-06,2026-04-10,14600.0,15300.0,14300.0,14950.0,2221600,False,2026-04-04/2026-04-10
AGR,2026-04-13,2026-04-17,14950.0,15150.0,14700.0,14850.0,1654300,False,2026-04-11/2026-04-17
AGR,2026-04-20,2026-04-24,14800.0,15000.0,14450.0,14550.0,1141900,False,2026-04-18/2026-04-24
AGR,2026-04-27,2026-05-01,14550.0,14800.0,14400.0,14500.0,259400,False,2026-04-25/2026-05-01
AGR,2026-05-04,2026-05-08,14550.0,14900.0,14350.0,14650.0,1323100,False,2026-05-02/2026-05-08
AGR,2026-05-11,2026-05-15,14550.0,14850.0,14500.0,14600.0,1230800,False,2026-05-09/2026-05-15
AGR,2026-05-18,2026-05-22,14600.0,14950.0,14100.0,14600.0,1564100,False,2026-05-16/2026-05-22
AGR,2026-05-25,2026-05-29,14650.0,14800.0,14400.0,14450.0,1107500,False,2026-05-23/2026-05-29
AGR,2026-06-01,2026-06-05,14450.0,14650.0,14100.0,14200.0,893800,False,2026-05-30/2026-06-05
AGR,2026-06-08,2026-06-12,14200.0,14200.0,13900.0,13950.0,882300,False,2026-06-06/2026-06-12
AGR,2026-06-15,2026-06-19,14200.0,15500.0,14100.0,15050.0,3298800,False,2026-06-13/2026-06-19
AGR,2026-06-22,2026-06-26,15050.0,15200.0,14300.0,14350.0,1973500,False,2026-06-20/2026-06-26
AGR,2026-06-29,2026-07-03,14350.0,16300.0,14200.0,16000.0,5833000,False,2026-06-27/2026-07-03
AGR,2026-07-06,2026-07-10,16000.0,16300.0,15000.0,15350.0,5825900,False,2026-07-04/2026-07-10
AGR,2026-07-13,2026-07-17,15100.0,15350.0,13500.0,14100.0,3629500,False,2026-07-11/2026-07-17
AGR,2026-07-20,2026-07-24,13900.0,14300.0,13150.0,13150.0,2281200,False,2026-07-18/2026-07-24
AGR,2026-07-27,2026-07-31,13250.0,13400.0,12100.0,12900.0,2344400,False,2026-07-25/2026-07-31
AGR,2026-08-03,2026-08-07,12950.0,13550.0,12900.0,13050.0,1147400,False,2026-08-01/2026-08-07
AGR,2026-08-10,2026-08-14,13050.0,13650.0,12800.0,12850.0,1609600,False,2026-08-08/2026-08-14
AGR,2026-08-17,2026-08-21,12900.0,13350.0,12650.0,13300.0,1286700,False,2026-08-15/2026-08-21
AGR,2026-08-24,2026-08-28,13500.0,13500.0,13100.0,13450.0,1459300,False,2026-08-22/2026-08-28
AGR,2026-08-31,2026-09-04,13300.0,13400.0,13100.0,13150.0,485900,False,2026-08-29/2026-09-04
AGR,2026-09-07,2026-09-11,13150.0,13250.0,12650.0,12650.0,745000,False,2026-09-05/2026-09-11
AGR,2026-09-14,2026-09-18,12650.0,13150.0,12350.0,12900.0,1136400,False,2026-09-12/2026-09-18
AGR,2026-09-21,2026-09-25,13050.0,13050.0,12450.0,12450.0,974100,False,2026-09-19/2026-09-25
AGR,2026-09-28,2026-10-02,12450.0,12500.0,11.95,11.95,645100,False,2026-09-26/2026-10-02
ANV,2026-03-30,2026-04-03,22950.0,24200.0,22600.0,23600.0,3865500,False,2026-03-28/2026-04-03
ANV,2026-04-06,2026-04-10,23500.0,25400.0,22750.0,24900.0,5266000,False,2026-04-04/2026-04-10
ANV,2026-04-13,2026-04-17,24800.0,25300.0,24150.0,25000.0,4020200,False,2026-04-11/2026-04-17
ANV,2026-04-20,2026-04-24,24950.0,25600.0,24000.0,24300.0,4549700,False,2026-04-18/2026-04-24
ANV,2026-04-27,2026-05-01,24600.0,24600.0,23500.0,23900.0,1133100,False,2026-04-25/2026-05-01
ANV,2026-05-04,2026-05-08,23950.0,24250.0,23000.0,23300.0,1886700,False,2026-05-02/2026-05-08
ANV,2026-05-11,2026-05-15,23300.0,23500.0,22700.0,22800.0,2144600,False,2026-05-09/2026-05-15
ANV,2026-05-18,2026-05-22,22800.0,22900.0,21650.0,22350.0,2218100,False,2026-05-16/2026-05-22
ANV,2026-05-25,2026-05-29,22450.0,22450.0,21700.0,21700.0,1607700,False,2026-05-23/2026-05-29
ANV,2026-06-01,2026-06-05,21500.0,22000.0,20800.0,21000.0,1757100,False,2026-05-30/2026-06-05
ANV,2026-06-08,2026-06-12,20900.0,20900.0,20150.0,20400.0,2111400,False,2026-06-06/2026-06-12
ANV,2026-06-15,2026-06-19,20800.0,22100.0,20550.0,21450.0,2861200,False,2026-06-13/2026-06-19
ANV,2026-06-22,2026-06-26,21450.0,23200.0,20850.0,21950.0,2933900,False,2026-06-20/2026-06-26
ANV,2026-06-29,2026-07-03,21900.0,22350.0,20950.0,20950.0,3435300,False,2026-06-27/2026-07-03
ANV,2026-07-06,2026-07-10,21050.0,21100.0,19400.0,19600.0,3876700,False,2026-07-04/2026-07-10
ANV,2026-07-13,2026-07-17,19600.0,19600.0,17800.0,18100.0,2760600,False,2026-07-11/2026-07-17
ANV,2026-07-20,2026-07-24,18350.0,18400.0,16450.0,16900.0,3495800,False,2026-07-18/2026-07-24
ANV,2026-07-27,2026-07-31,17000.0,17800.0,15700.0,17050.0,2622100,False,2026-07-25/2026-07-31
ANV,2026-08-03,2026-08-07,17200.0,17800.0,17000.0,17350.0,2580100,False,2026-08-01/2026-08-07
ANV,2026-08-10,2026-08-14,17200.0,18300.0,17000.0,17150.0,3593300,False,2026-08-08/2026-08-14
ANV,2026-08-17,2026-08-21,17050.0,17150.0,16450.0,17150.0,1927500,False,2026-08-15/2026-08-21
ANV,2026-08-24,2026-08-28,17350.0,17800.0,17050.0,17200.0,2549300,False,2026-08-22/2026-08-28
ANV,2026-08-31,2026-09-04,17200.0,17200.0,16850.0,16950.0,807000,False,2026-08-29/2026-09-04
ANV,2026-09-07,2026-09-11,16900.0,17050.0,15650.0,15650.0,1932400,False,2026-09-05/2026-09-11
ANV,2026-09-14,2026-09-18,15500.0,16250.0,15250.0,16000.0,1947200,False,2026-09-12/2026-09-18
ANV,2026-09-21,2026-09-25,16100.0,16700.0,15900.0,15950.0,1675300,False,2026-09-19/2026-09-25
ANV,2026-09-28,2026-10-02,16100.0,16100.0,15.5,15.55,1323800,False,2026-09-26/2026-10-02
APG,2026-03-30,2026-04-03,5550.0,5880.0,5540.0,5640.0,4548300,False,2026-03-28/2026-04-03
APG,2026-04-06,2026-04-10,5600.0,5630.0,4890.0,5110.0,6411700,False,2026-04-04/2026-04-10
APG,2026-04-13,2026-04-17,5110.0,5370.0,5000.0,5160.0,2543200,False,2026-04-11/2026-04-17
APG,2026-04-20,2026-04-24,5160.0,5200.0,4960.0,4980.0,1657900,False,2026-04-18/2026-04-24
APG,2026-04-27,2026-05-01,5000.0,5000.0,4780.0,4890.0,946000,False,2026-04-25/2026-05-01
APG,2026-05-04,2026-05-08,4880.0,5040.0,4810.0,4870.0,1521700,False,2026-05-02/2026-05-08
APG,2026-05-11,2026-05-15,4880.0,4920.0,4790.0,4810.0,1155700,False,2026-05-09/2026-05-15
APG,2026-05-18,2026-05-22,4810.0,4920.0,4630.0,4710.0,1389200,False,2026-05-16/2026-05-22
APG,2026-05-25,2026-05-29,4750.0,4750.0,4470.0,4480.0,987300,False,2026-05-23/2026-05-29
APG,2026-06-01,2026-06-05,4400.0,4610.0,4380.0,4390.0,909600,False,2026-05-30/2026-06-05
APG,2026-06-08,2026-06-12,4390.0,5170.0,4110.0,5170.0,1253200,False,2026-06-06/2026-06-12
APG,2026-06-15,2026-06-19,5490.0,5950.0,5030.0,5290.0,7387300,False,2026-06-13/2026-06-19
APG,2026-06-22,2026-06-26,5340.0,5340.0,4920.0,5030.0,3121300,False,2026-06-20/2026-06-26
APG,2026-06-29,2026-07-03,5050.0,5350.0,4680.0,5140.0,2821600,False,2026-06-27/2026-07-03
APG,2026-07-06,2026-07-10,5260.0,5400.0,4950.0,4960.0,2693200,False,2026-07-04/2026-07-10
APG,2026-07-13,2026-07-17,4940.0,5080.0,4700.0,4910.0,1321900,False,2026-07-11/2026-07-17
APG,2026-07-20,2026-07-24,4890.0,4980.0,4420.0,4630.0,1276800,False,2026-07-18/2026-07-24
APG,2026-07-27,2026-07-31,4770.0,4850.0,4510.0,4570.0,1089500,False,2026-07-25/2026-07-31
APG,2026-08-03,2026-08-07,4580.0,4950.0,4580.0,4950.0,1476900,False,2026-08-01/2026-08-07
APG,2026-08-10,2026-08-14,5000.0,5100.0,4730.0,4810.0,1410800,False,2026-08-08/2026-08-14
APG,2026-08-17,2026-08-21,4810.0,4940.0,4600.0,4890.0,1132200,False,2026-08-15/2026-08-21
APG,2026-08-24,2026-08-28,4950.0,5150.0,4810.0,4940.0,1340100,False,2026-08-22/2026-08-28
APG,2026-08-31,2026-09-04,4960.0,4980.0,4840.0,4860.0,243500,False,2026-08-29/2026-09-04
APG,2026-09-07,2026-09-11,4860.0,4920.0,4600.0,4650.0,844300,False,2026-09-05/2026-09-11
APG,2026-09-14,2026-09-18,4650.0,4680.0,4440.0,4600.0,668900,False,2026-09-12/2026-09-18
APG,2026-09-21,2026-09-25,4500.0,4610.0,4390.0,4430.0,630300,False,2026-09-19/2026-09-25
APG,2026-09-28,2026-10-02,4430.0,4490.0,4.3,4.35,269400,False,2026-09-26/2026-10-02
APH,2026-03-30,2026-04-03,5640.0,5640.0,5510.0,5530.0,559900,False,2026-03-28/2026-04-03
APH,2026-04-06,2026-04-10,5550.0,5690.0,5460.0,5590.0,554000,False,2026-04-04/2026-04-10
APH,2026-04-13,2026-04-17,5560.0,5630.0,5530.0,5580.0,589900,False,2026-04-11/2026-04-17
APH,2026-04-20,2026-04-24,5580.0,5650.0,5470.0,5480.0,547800,False,2026-04-18/2026-04-24
APH,2026-04-27,2026-05-01,5490.0,5850.0,5460.0,5830.0,766800,False,2026-04-25/2026-05-01
APH,2026-05-04,2026-05-08,6080.0,6080.0,5740.0,5780.0,1127600,False,2026-05-02/2026-05-08
APH,2026-05-11,2026-05-15,5780.0,5790.0,5660.0,5710.0,406400,False,2026-05-09/2026-05-15
APH,2026-05-18,2026-05-22,5690.0,5800.0,5480.0,5540.0,822900,False,2026-05-16/2026-05-22
APH,2026-05-25,2026-05-29,5540.0,5610.0,5490.0,5550.0,635400,False,2026-05-23/2026-05-29
APH,2026-06-01,2026-06-05,5540.0,5560.0,5420.0,5450.0,798600,False,2026-05-30/2026-06-05
APH,2026-06-08,2026-06-12,5450.0,5760.0,5350.0,5560.0,669500,False,2026-06-06/2026-06-12
APH,2026-06-15,2026-06-19,5700.0,5800.0,5500.0,5540.0,653000,False,2026-06-13/2026-06-19
APH,2026-06-22,2026-06-26,5530.0,5670.0,5480.0,5500.0,269400,False,2026-06-20/2026-06-26
APH,2026-06-29,2026-07-03,5500.0,5540.0,5440.0,5460.0,534300,False,2026-06-27/2026-07-03
APH,2026-07-06,2026-07-10,5460.0,5620.0,5380.0,5490.0,521200,False,2026-07-04/2026-07-10
APH,2026-07-13,2026-07-17,5490.0,5580.0,5400.0,5480.0,750500,False,2026-07-11/2026-07-17
APH,2026-07-20,2026-07-24,5450.0,5490.0,5250.0,5350.0,780900,False,2026-07-18/2026-07-24
APH,2026-07-27,2026-07-31,5350.0,5700.0,5300.0,5550.0,904900,False,2026-07-25/2026-07-31
APH,2026-08-03,2026-08-07,5550.0,5840.0,5450.0,5760.0,1458900,False,2026-08-01/2026-08-07
APH,2026-08-10,2026-08-14,5820.0,6200.0,5760.0,6090.0,2190600,False,2026-08-08/2026-08-14
APH,2026-08-17,2026-08-21,6100.0,6160.0,5900.0,5960.0,1397200,False,2026-08-15/2026-08-21
APH,2026-08-24,2026-08-28,5930.0,6070.0,5880.0,5900.0,1157200,False,2026-08-22/2026-08-28
APH,2026-08-31,2026-09-04,5910.0,6120.0,5910.0,6040.0,689900,False,2026-08-29/2026-09-04
APH,2026-09-07,2026-09-11,6100.0,6550.0,5910.0,6430.0,1885700,False,2026-09-05/2026-09-11
APH,2026-09-14,2026-09-18,6500.0,7130.0,6400.0,6910.0,3262200,False,2026-09-12/2026-09-18
APH,2026-09-21,2026-09-25,6950.0,7580.0,6900.0,7000.0,3875900,False,2026-09-19/2026-09-25
APH,2026-09-28,2026-10-02,7050.0,7050.0,6.75,6.76,1489400,False,2026-09-26/2026-10-02
ASM,2026-03-30,2026-04-03,5630.0,5810.0,5550.0,5590.0,1687400,False,2026-03-28/2026-04-03
ASM,2026-04-06,2026-04-10,5600.0,5970.0,5600.0,5900.0,2074200,False,2026-04-04/2026-04-10
ASM,2026-04-13,2026-04-17,5850.0,5980.0,5700.0,5770.0,1559400,False,2026-04-11/2026-04-17
ASM,2026-04-20,2026-04-24,5750.0,5900.0,5550.0,5600.0,1009800,False,2026-04-18/2026-04-24
ASM,2026-04-27,2026-05-01,5610.0,5670.0,5590.0,5630.0,370700,False,2026-04-25/2026-05-01
ASM,2026-05-04,2026-05-08,5750.0,6370.0,5750.0,6060.0,5425900,False,2026-05-02/2026-05-08
ASM,2026-05-11,2026-05-15,6060.0,6280.0,6010.0,6010.0,2081700,False,2026-05-09/2026-05-15
ASM,2026-05-18,2026-05-22,6050.0,6090.0,5660.0,5850.0,1775400,False,2026-05-16/2026-05-22
ASM,2026-05-25,2026-05-29,5860.0,5950.0,5720.0,5850.0,1547000,False,2026-05-23/2026-05-29
ASM,2026-06-01,2026-06-05,5820.0,6060.0,5820.0,5870.0,2228900,False,2026-05-30/2026-06-05
ASM,2026-06-08,2026-06-12,5820.0,5880.0,5730.0,5810.0,1290200,False,2026-06-06/2026-06-12
ASM,2026-06-15,2026-06-19,5900.0,5950.0,5840.0,5870.0,1024400,False,2026-06-13/2026-06-19
ASM,2026-06-22,2026-06-26,5830.0,5950.0,5790.0,5880.0,1386800,False,2026-06-20/2026-06-26
ASM,2026-06-29,2026-07-03,5900.0,6080.0,5880.0,6010.0,1847900,False,2026-06-27/2026-07-03
ASM,2026-07-06,2026-07-10,6010.0,6190.0,5850.0,6170.0,2521900,False,2026-07-04/2026-07-10
ASM,2026-07-13,2026-07-17,6100.0,6240.0,5900.0,6160.0,2907300,False,2026-07-11/2026-07-17
ASM,2026-07-20,2026-07-24,6130.0,6150.0,5530.0,5670.0,3907500,False,2026-07-18/2026-07-24
ASM,2026-07-27,2026-07-31,5620.0,6000.0,5580.0,5920.0,1904100,False,2026-07-25/2026-07-31
ASM,2026-08-03,2026-08-07,5880.0,6050.0,5880.0,6040.0,1501800,False,2026-08-01/2026-08-07
ASM,2026-08-10,2026-08-14,6030.0,6050.0,5860.0,5860.0,942500,False,2026-08-08/2026-08-14
ASM,2026-08-17,2026-08-21,5840.0,5930.0,5820.0,5900.0,819600,False,2026-08-15/2026-08-21
ASM,2026-08-24,2026-08-28,5950.0,6000.0,5800.0,5820.0,929400,False,2026-08-22/2026-08-28
ASM,2026-08-31,2026-09-04,5820.0,5820.0,5590.0,5610.0,594800,False,2026-08-29/2026-09-04
ASM,2026-09-07,2026-09-11,5610.0,5610.0,5200.0,5200.0,1418600,False,2026-09-05/2026-09-11
ASM,2026-09-14,2026-09-18,5160.0,5260.0,5030.0,5220.0,551600,False,2026-09-12/2026-09-18
ASM,2026-09-21,2026-09-25,5240.0,5270.0,5040.0,5110.0,669700,False,2026-09-19/2026-09-25
ASM,2026-09-28,2026-10-02,5110.0,5110.0,4.92,4.97,361700,False,2026-09-26/2026-10-02
ASP,2026-03-30,2026-04-03,4760.0,5240.0,4760.0,5150.0,565900,False,2026-03-28/2026-04-03
ASP,2026-04-06,2026-04-10,5150.0,6200.0,5140.0,6140.0,1960500,False,2026-04-04/2026-04-10
ASP,2026-04-13,2026-04-17,6100.0,6100.0,5510.0,5770.0,672100,False,2026-04-11/2026-04-17
ASP,2026-04-20,2026-04-24,5750.0,5870.0,5500.0,5600.0,400100,False,2026-04-18/2026-04-24
ASP,2026-04-27,2026-05-01,5600.0,5840.0,5600.0,5700.0,312400,False,2026-04-25/2026-05-01
ASP,2026-05-04,2026-05-08,6090.0,7960.0,6090.0,7960.0,2715200,False,2026-05-02/2026-05-08
ASP,2026-05-11,2026-05-15,8500.0,8510.0,7170.0,7430.0,1290400,False,2026-05-09/2026-05-15
ASP,2026-05-18,2026-05-22,7400.0,7980.0,7210.0,7460.0,1095600,False,2026-05-16/2026-05-22
ASP,2026-05-25,2026-05-29,7380.0,7790.0,7100.0,7380.0,865700,False,2026-05-23/2026-05-29
ASP,2026-06-01,2026-06-05,7380.0,8000.0,7210.0,7710.0,716900,False,2026-05-30/2026-06-05
ASP,2026-06-08,2026-06-12,7710.0,7720.0,7180.0,7380.0,470700,False,2026-06-06/2026-06-12
ASP,2026-06-15,2026-06-19,7370.0,7490.0,7110.0,7300.0,644800,False,2026-06-13/2026-06-19
ASP,2026-06-22,2026-06-26,7300.0,8340.0,7300.0,8330.0,1692400,False,2026-06-20/2026-06-26
ASP,2026-06-29,2026-07-03,8910.0,9670.0,8800.0,9060.0,2007600,False,2026-06-27/2026-07-03
ASP,2026-07-06,2026-07-10,9080.0,9970.0,8600.0,9160.0,776700,False,2026-07-04/2026-07-10
ASP,2026-07-13,2026-07-17,9200.0,9790.0,8910.0,9330.0,657400,False,2026-07-11/2026-07-17
ASP,2026-07-20,2026-07-24,9400.0,10150.0,9220.0,10150.0,1645400,False,2026-07-18/2026-07-24
ASP,2026-07-27,2026-07-31,10500.0,12200.0,10300.0,11900.0,2802000,False,2026-07-25/2026-07-31
ASP,2026-08-03,2026-08-07,12550.0,12700.0,11250.0,11950.0,1581800,False,2026-08-01/2026-08-07
ASP,2026-08-10,2026-08-14,12050.0,12200.0,11250.0,11400.0,856500,False,2026-08-08/2026-08-14
ASP,2026-08-17,2026-08-21,11350.0,13000.0,10700.0,12150.0,806200,False,2026-08-15/2026-08-21
ASP,2026-08-24,2026-08-28,12150.0,14200.0,12050.0,13800.0,919900,False,2026-08-22/2026-08-28
ASP,2026-08-31,2026-09-04,14000.0,14400.0,13500.0,14000.0,330800,False,2026-08-29/2026-09-04
ASP,2026-09-07,2026-09-11,13950.0,14700.0,13200.0,14300.0,775700,False,2026-09-05/2026-09-11
ASP,2026-09-14,2026-09-18,14300.0,15950.0,14300.0,15150.0,1175800,False,2026-09-12/2026-09-18
ASP,2026-09-21,2026-09-25,15450.0,17000.0,15200.0,16200.0,1460900,False,2026-09-19/2026-09-25
ASP,2026-09-28,2026-10-02,16200.0,16400.0,15.8,16.1,369300,False,2026-09-26/2026-10-02
BAF,2026-03-30,2026-04-03,28774.0,29317.0,28483.0,29150.0,8458900,False,2026-03-28/2026-04-03
BAF,2026-04-06,2026-04-10,28941.0,29567.0,28774.0,29108.0,9336800,False,2026-04-04/2026-04-10
BAF,2026-04-13,2026-04-17,28816.0,30609.0,28816.0,30192.0,14734600,False,2026-04-11/2026-04-17
BAF,2026-04-20,2026-04-24,30026.0,31026.0,29984.0,30609.0,13057600,False,2026-04-18/2026-04-24
BAF,2026-04-27,2026-05-01,30693.0,30693.0,29942.0,30067.0,2216300,False,2026-04-25/2026-05-01
BAF,2026-05-04,2026-05-08,30151.0,30192.0,29442.0,29692.0,6749300,False,2026-05-02/2026-05-08
BAF,2026-05-11,2026-05-15,29483.0,29942.0,29150.0,29442.0,7864200,False,2026-05-09/2026-05-15
BAF,2026-05-18,2026-05-22,29358.0,29358.0,26940.0,28858.0,8180400,False,2026-05-16/2026-05-22
BAF,2026-05-25,2026-05-29,28691.0,28983.0,28608.0,28941.0,5164500,False,2026-05-23/2026-05-29
BAF,2026-06-01,2026-06-05,28900.0,28983.0,28566.0,28816.0,6279400,False,2026-05-30/2026-06-05
BAF,2026-06-08,2026-06-12,28608.0,29275.0,28483.0,29233.0,9887300,False,2026-06-06/2026-06-12
BAF,2026-06-15,2026-06-19,29108.0,29800.0,29025.0,29800.0,13454700,False,2026-06-13/2026-06-19
BAF,2026-06-22,2026-06-26,29800.0,30450.0,29450.0,29550.0,8360500,False,2026-06-20/2026-06-26
BAF,2026-06-29,2026-07-03,29450.0,30000.0,29300.0,30000.0,3448700,False,2026-06-27/2026-07-03
BAF,2026-07-06,2026-07-10,30000.0,30100.0,29500.0,30050.0,4337100,False,2026-07-04/2026-07-10
BAF,2026-07-13,2026-07-17,29850.0,29850.0,29400.0,29750.0,4028400,False,2026-07-11/2026-07-17
BAF,2026-07-20,2026-07-24,29450.0,29650.0,28700.0,28900.0,7361200,False,2026-07-18/2026-07-24
BAF,2026-07-27,2026-07-31,28900.0,30000.0,28450.0,29700.0,8227000,False,2026-07-25/2026-07-31
BAF,2026-08-03,2026-08-07,29650.0,32000.0,29650.0,31100.0,12681300,False,2026-08-01/2026-08-07
BAF,2026-08-10,2026-08-14,31000.0,31700.0,30400.0,31500.0,9829000,False,2026-08-08/2026-08-14
BAF,2026-08-17,2026-08-21,31550.0,32500.0,31450.0,32500.0,12203300,False,2026-08-15/2026-08-21
BAF,2026-08-24,2026-08-28,32550.0,33000.0,31950.0,32600.0,13508900,False,2026-08-22/2026-08-28
BAF,2026-08-31,2026-09-04,32850.0,33000.0,32350.0,32550.0,4567600,False,2026-08-29/2026-09-04
BAF,2026-09-07,2026-09-11,32650.0,32700.0,31850.0,32050.0,6860000,False,2026-09-05/2026-09-11
BAF,2026-09-14,2026-09-18,31950.0,32250.0,31650.0,32050.0,6859900,False,2026-09-12/2026-09-18
BAF,2026-09-21,2026-09-25,32100.0,32150.0,31300.0,31850.0,7696900,False,2026-09-19/2026-09-25
BAF,2026-09-28,2026-10-02,31950.0,32000.0,30.85,31.5,4974300,False,2026-09-26/2026-10-02
BCE,2026-03-30,2026-04-03,9288.0,9413.0,9247.0,9330.0,114900,False,2026-03-28/2026-04-03
BCE,2026-04-06,2026-04-10,8913.0,9497.0,8705.0,9163.0,178700,False,2026-04-04/2026-04-10
BCE,2026-04-13,2026-04-17,9122.0,9247.0,8997.0,9122.0,184900,False,2026-04-11/2026-04-17
BCE,2026-04-20,2026-04-24,9122.0,9163.0,8747.0,9080.0,312400,False,2026-04-18/2026-04-24
BCE,2026-04-27,2026-05-01,9038.0,9080.0,8788.0,9038.0,43500,False,2026-04-25/2026-05-01
BCE,2026-05-04,2026-05-08,8997.0,9122.0,8872.0,9038.0,544900,False,2026-05-02/2026-05-08
BCE,2026-05-11,2026-05-15,8913.0,9163.0,8830.0,8997.0,97700,False,2026-05-09/2026-05-15
BCE,2026-05-18,2026-05-22,9038.0,9621.0,8747.0,9150.0,242300,False,2026-05-16/2026-05-22
BCE,2026-05-25,2026-05-29,9150.0,9200.0,8600.0,8950.0,128000,False,2026-05-23/2026-05-29
BCE,2026-06-01,2026-06-05,8950.0,9050.0,8500.0,8680.0,92700,False,2026-05-30/2026-06-05
BCE,2026-06-08,2026-06-12,8640.0,8640.0,8460.0,8590.0,42800,False,2026-06-06/2026-06-12
BCE,2026-06-15,2026-06-19,9180.0,9180.0,8350.0,8940.0,23100,False,2026-06-13/2026-06-19
BCE,2026-06-22,2026-06-26,8990.0,8990.0,8390.0,8510.0,20000,False,2026-06-20/2026-06-26
BCE,2026-06-29,2026-07-03,8500.0,8500.0,7700.0,8200.0,135400,False,2026-06-27/2026-07-03
BCE,2026-07-06,2026-07-10,8170.0,8170.0,7580.0,7930.0,72600,False,2026-07-04/2026-07-10
BCE,2026-07-13,2026-07-17,7950.0,7950.0,5540.0,5690.0,4957500,False,2026-07-11/2026-07-17
BCE,2026-07-20,2026-07-24,5790.0,5950.0,5300.0,5700.0,2237800,False,2026-07-18/2026-07-24
BCE,2026-07-27,2026-07-31,5700.0,5700.0,5400.0,5470.0,809100,False,2026-07-25/2026-07-31
BCE,2026-08-03,2026-08-07,5470.0,5640.0,5400.0,5620.0,1071000,False,2026-08-01/2026-08-07
BCE,2026-08-10,2026-08-14,5700.0,6000.0,5700.0,5710.0,553500,False,2026-08-08/2026-08-14
BCE,2026-08-17,2026-08-21,5710.0,5840.0,5310.0,5600.0,222100,False,2026-08-15/2026-08-21
BCE,2026-08-24,2026-08-28,5790.0,5800.0,5210.0,5500.0,301100,False,2026-08-22/2026-08-28
BCE,2026-08-31,2026-09-04,5500.0,5500.0,5310.0,5500.0,19700,False,2026-08-29/2026-09-04
BCE,2026-09-07,2026-09-11,5500.0,5700.0,5400.0,5620.0,132300,False,2026-09-05/2026-09-11
BCE,2026-09-14,2026-09-18,5520.0,5620.0,5440.0,5610.0,206900,False,2026-09-12/2026-09-18
BCE,2026-09-21,2026-09-25,5610.0,5610.0,5400.0,5560.0,71700,False,2026-09-19/2026-09-25
BCE,2026-09-28,2026-10-02,5450.0,5480.0,5.24,5.4,171000,False,2026-09-26/2026-10-02
BCM,2026-03-30,2026-04-03,53500.0,55000.0,53100.0,53200.0,2652600,False,2026-03-28/2026-04-03
BCM,2026-04-06,2026-04-10,53300.0,56500.0,52000.0,55500.0,2392300,False,2026-04-04/2026-04-10
BCM,2026-04-13,2026-04-17,55000.0,56500.0,54400.0,55700.0,2824900,False,2026-04-11/2026-04-17
BCM,2026-04-20,2026-04-24,55800.0,57600.0,53600.0,54200.0,2761700,False,2026-04-18/2026-04-24
BCM,2026-04-27,2026-05-01,54200.0,54700.0,52800.0,53200.0,695900,False,2026-04-25/2026-05-01
BCM,2026-05-04,2026-05-08,53800.0,54300.0,52700.0,53000.0,1216800,False,2026-05-02/2026-05-08
BCM,2026-05-11,2026-05-15,53000.0,54700.0,51800.0,54000.0,1616400,False,2026-05-09/2026-05-15
BCM,2026-05-18,2026-05-22,53800.0,57200.0,52700.0,54100.0,4593100,False,2026-05-16/2026-05-22
BCM,2026-05-25,2026-05-29,54500.0,55700.0,53000.0,55100.0,2359400,False,2026-05-23/2026-05-29
BCM,2026-06-01,2026-06-05,56000.0,56400.0,53000.0,54100.0,2207400,False,2026-05-30/2026-06-05
BCM,2026-06-08,2026-06-12,53300.0,54200.0,52500.0,52600.0,1518600,False,2026-06-06/2026-06-12
BCM,2026-06-15,2026-06-19,53000.0,54700.0,52900.0,53300.0,1385100,False,2026-06-13/2026-06-19
BCM,2026-06-22,2026-06-26,53300.0,53700.0,52300.0,52300.0,1120400,False,2026-06-20/2026-06-26
BCM,2026-06-29,2026-07-03,52400.0,53200.0,51000.0,51100.0,1825300,False,2026-06-27/2026-07-03
BCM,2026-07-06,2026-07-10,51200.0,51500.0,48700.0,48700.0,1281600,False,2026-07-04/2026-07-10
BCM,2026-07-13,2026-07-17,48400.0,48700.0,41800.0,44000.0,2089200,False,2026-07-11/2026-07-17
BCM,2026-07-20,2026-07-24,43000.0,43500.0,36700.0,37700.0,2565600,False,2026-07-18/2026-07-24
BCM,2026-07-27,2026-07-31,37700.0,38000.0,33900.0,35700.0,3821800,False,2026-07-25/2026-07-31
BCM,2026-08-03,2026-08-07,35600.0,38600.0,35600.0,38600.0,4253200,False,2026-08-01/2026-08-07
BCM,2026-08-10,2026-08-14,41300.0,47000.0,40250.0,43050.0,7880400,False,2026-08-08/2026-08-14
BCM,2026-08-17,2026-08-21,43000.0,44100.0,39950.0,42650.0,5908200,False,2026-08-15/2026-08-21
BCM,2026-08-24,2026-08-28,43100.0,45500.0,41250.0,43350.0,4593200,False,2026-08-22/2026-08-28
BCM,2026-08-31,2026-09-04,43000.0,43500.0,42200.0,42300.0,927700,False,2026-08-29/2026-09-04
BCM,2026-09-07,2026-09-11,42700.0,44200.0,38800.0,38850.0,3528200,False,2026-09-05/2026-09-11
BCM,2026-09-14,2026-09-18,39000.0,41400.0,38600.0,40250.0,2150800,False,2026-09-12/2026-09-18
BCM,2026-09-21,2026-09-25,40500.0,41950.0,39600.0,40200.0,2703400,False,2026-09-19/2026-09-25
BCM,2026-09-28,2026-10-02,40500.0,40500.0,39.4,39.7,1732700,False,2026-09-26/2026-10-02
BFC,2026-03-30,2026-04-03,52776.0,54551.0,50534.0,51748.0,645000,False,2026-03-28/2026-04-03
BFC,2026-04-06,2026-04-10,51842.0,55298.0,48573.0,54084.0,638900,False,2026-04-04/2026-04-10
BFC,2026-04-13,2026-04-17,53990.0,62210.0,53150.0,62210.0,1363600,False,2026-04-11/2026-04-17
BFC,2026-04-20,2026-04-24,62210.0,64826.0,57260.0,58007.0,1192700,False,2026-04-18/2026-04-24
BFC,2026-04-27,2026-05-01,57540.0,63144.0,56325.0,63144.0,918200,False,2026-04-25/2026-05-01
BFC,2026-05-04,2026-05-08,60062.0,66881.0,59315.0,60902.0,2333100,False,2026-05-02/2026-05-08
BFC,2026-05-11,2026-05-15,60716.0,61837.0,57166.0,58567.0,1242800,False,2026-05-09/2026-05-15
BFC,2026-05-18,2026-05-22,58567.0,59782.0,53243.0,55018.0,1202700,False,2026-05-16/2026-05-22
BFC,2026-05-25,2026-05-29,56792.0,56792.0,51748.0,51748.0,425000,False,2026-05-23/2026-05-29
BFC,2026-06-01,2026-06-05,51748.0,55485.0,51748.0,53243.0,1593300,False,2026-05-30/2026-06-05
BFC,2026-06-08,2026-06-12,52589.0,53523.0,51935.0,52776.0,494300,False,2026-06-06/2026-06-12
BFC,2026-06-15,2026-06-19,53710.0,54831.0,50721.0,53056.0,1079300,False,2026-06-13/2026-06-19
BFC,2026-06-22,2026-06-26,53056.0,53430.0,51468.0,52683.0,478500,False,2026-06-20/2026-06-26
BFC,2026-06-29,2026-07-03,52683.0,53710.0,51748.0,51748.0,479100,False,2026-06-27/2026-07-03
BFC,2026-07-06,2026-07-10,51748.0,56045.0,49507.0,52309.0,1663700,False,2026-07-04/2026-07-10
BFC,2026-07-13,2026-07-17,52215.0,53710.0,50067.0,51468.0,971200,False,2026-07-11/2026-07-17
BFC,2026-07-20,2026-07-24,52309.0,52309.0,46331.0,46331.0,693400,False,2026-07-18/2026-07-24
BFC,2026-07-27,2026-07-31,46424.0,48105.0,44649.0,47732.0,1383400,False,2026-07-25/2026-07-31
BFC,2026-08-03,2026-08-07,47638.0,49600.0,47078.0,49413.0,736700,False,2026-08-01/2026-08-07
BFC,2026-08-10,2026-08-14,49787.0,50000.0,46250.0,48200.0,655000,False,2026-08-08/2026-08-14
BFC,2026-08-17,2026-08-21,48200.0,48600.0,47300.0,48250.0,1063800,False,2026-08-15/2026-08-21
BFC,2026-08-24,2026-08-28,48750.0,48750.0,46250.0,47100.0,572500,False,2026-08-22/2026-08-28
BFC,2026-08-31,2026-09-04,47100.0,48850.0,46000.0,47600.0,479600,False,2026-08-29/2026-09-04
BFC,2026-09-07,2026-09-11,47550.0,47550.0,46000.0,46750.0,262900,False,2026-09-05/2026-09-11
BFC,2026-09-14,2026-09-18,46700.0,50100.0,45450.0,47600.0,849600,False,2026-09-12/2026-09-18
BFC,2026-09-21,2026-09-25,47600.0,48900.0,46500.0,48350.0,957900,False,2026-09-19/2026-09-25
BFC,2026-09-28,2026-10-02,48350.0,51400.0,50.2,50.4,637700,False,2026-09-26/2026-10-02
BID,2026-03-30,2026-04-03,36177.0,37564.0,36038.0,36130.0,37807500,False,2026-03-28/2026-04-03
BID,2026-04-06,2026-04-10,36130.0,38813.0,35760.0,37749.0,42638400,False,2026-04-04/2026-04-10
BID,2026-04-13,2026-04-17,37472.0,37934.0,37102.0,37287.0,27718200,False,2026-04-11/2026-04-17
BID,2026-04-20,2026-04-24,37426.0,39831.0,37194.0,37703.0,46224300,False,2026-04-18/2026-04-24
BID,2026-04-27,2026-05-01,37842.0,38027.0,36732.0,37102.0,13293700,False,2026-04-25/2026-05-01
BID,2026-05-04,2026-05-08,37379.0,39600.0,37102.0,39230.0,45311500,False,2026-05-02/2026-05-08
BID,2026-05-11,2026-05-15,39507.0,40941.0,37981.0,39739.0,49581400,False,2026-05-09/2026-05-15
BID,2026-05-18,2026-05-22,39600.0,42931.0,38767.0,39785.0,60953500,False,2026-05-16/2026-05-22
BID,2026-05-25,2026-05-29,39831.0,40571.0,38675.0,38860.0,23258100,False,2026-05-23/2026-05-29
BID,2026-06-01,2026-06-05,38906.0,39600.0,38027.0,38860.0,17904900,False,2026-05-30/2026-06-05
BID,2026-06-08,2026-06-12,38490.0,39137.0,37749.0,37981.0,15810900,False,2026-06-06/2026-06-12
BID,2026-06-15,2026-06-19,38536.0,39970.0,38305.0,38675.0,23020700,False,2026-06-13/2026-06-19
BID,2026-06-22,2026-06-26,38675.0,40248.0,38582.0,38582.0,22176400,False,2026-06-20/2026-06-26
BID,2026-06-29,2026-07-03,38906.0,40016.0,38860.0,39091.0,18348700,False,2026-06-27/2026-07-03
BID,2026-07-06,2026-07-10,39137.0,39461.0,37934.0,37934.0,15701200,False,2026-07-04/2026-07-10
BID,2026-07-13,2026-07-17,37934.0,37934.0,35668.0,36315.0,17868800,False,2026-07-11/2026-07-17
BID,2026-07-20,2026-07-24,36315.0,36408.0,32477.0,33694.0,23662500,False,2026-07-18/2026-07-24
BID,2026-07-27,2026-07-31,33975.0,36876.0,32150.0,35566.0,24734600,False,2026-07-25/2026-07-31
BID,2026-08-03,2026-08-07,35847.0,36876.0,35426.0,36549.0,23227400,False,2026-08-01/2026-08-07
BID,2026-08-10,2026-08-14,37017.0,37344.0,35519.0,35800.0,20947300,False,2026-08-08/2026-08-14
BID,2026-08-17,2026-08-21,36000.0,36950.0,35500.0,36900.0,13940400,False,2026-08-15/2026-08-21
BID,2026-08-24,2026-08-28,37600.0,37750.0,36500.0,36850.0,17940200,False,2026-08-22/2026-08-28
BID,2026-08-31,2026-09-04,36750.0,36750.0,36350.0,36500.0,5621500,False,2026-08-29/2026-09-04
BID,2026-09-07,2026-09-11,36600.0,36800.0,35600.0,35600.0,14180200,False,2026-09-05/2026-09-11
BID,2026-09-14,2026-09-18,35250.0,37850.0,35200.0,35750.0,27593200,False,2026-09-12/2026-09-18
BID,2026-09-21,2026-09-25,36500.0,36850.0,35600.0,35750.0,16020900,False,2026-09-19/2026-09-25
BID,2026-09-28,2026-10-02,35750.0,36100.0,35.85,35.95,9618300,False,2026-09-26/2026-10-02
BKG,2026-03-30,2026-04-03,2620.0,2640.0,2550.0,2610.0,242000,False,2026-03-28/2026-04-03
BKG,2026-04-06,2026-04-10,2550.0,2660.0,2510.0,2590.0,568300,False,2026-04-04/2026-04-10
BKG,2026-04-13,2026-04-17,2600.0,2650.0,2500.0,2570.0,359700,False,2026-04-11/2026-04-17
BKG,2026-04-20,2026-04-24,2510.0,2640.0,2500.0,2510.0,422300,False,2026-04-18/2026-04-24
BKG,2026-04-27,2026-05-01,2520.0,2550.0,2500.0,2520.0,181400,False,2026-04-25/2026-05-01
BKG,2026-05-04,2026-05-08,2520.0,2590.0,2500.0,2510.0,204000,False,2026-05-02/2026-05-08
BKG,2026-05-11,2026-05-15,2530.0,2560.0,2450.0,2490.0,180200,False,2026-05-09/2026-05-15
BKG,2026-05-18,2026-05-22,2480.0,2490.0,2350.0,2370.0,357000,False,2026-05-16/2026-05-22
BKG,2026-05-25,2026-05-29,2400.0,2460.0,2300.0,2460.0,409400,False,2026-05-23/2026-05-29
BKG,2026-06-01,2026-06-05,2630.0,2810.0,2300.0,2350.0,1418500,False,2026-05-30/2026-06-05
BKG,2026-06-08,2026-06-12,2350.0,2760.0,2290.0,2600.0,1541300,False,2026-06-06/2026-06-12
BKG,2026-06-15,2026-06-19,2600.0,2700.0,2460.0,2600.0,565800,False,2026-06-13/2026-06-19
BKG,2026-06-22,2026-06-26,2520.0,2650.0,2420.0,2420.0,1128600,False,2026-06-20/2026-06-26
BKG,2026-06-29,2026-07-03,2450.0,2580.0,2290.0,2390.0,940000,False,2026-06-27/2026-07-03
BKG,2026-07-06,2026-07-10,2360.0,2380.0,2280.0,2310.0,2467800,False,2026-07-04/2026-07-10
BKG,2026-07-13,2026-07-17,2310.0,2330.0,2190.0,2190.0,1186100,False,2026-07-11/2026-07-17
BKG,2026-07-20,2026-07-24,2190.0,2310.0,2070.0,2210.0,1827800,False,2026-07-18/2026-07-24
BKG,2026-07-27,2026-07-31,2150.0,2260.0,2040.0,2090.0,1701800,False,2026-07-25/2026-07-31
BKG,2026-08-03,2026-08-07,2080.0,2180.0,1960.0,2060.0,1038500,False,2026-08-01/2026-08-07
BKG,2026-08-10,2026-08-14,2070.0,2090.0,2000.0,2000.0,344200,False,2026-08-08/2026-08-14
BKG,2026-08-17,2026-08-21,2000.0,2090.0,1930.0,2090.0,1078900,False,2026-08-15/2026-08-21
BKG,2026-08-24,2026-08-28,2090.0,2090.0,1880.0,1880.0,2092600,False,2026-08-22/2026-08-28
BKG,2026-08-31,2026-09-04,1900.0,1980.0,1880.0,1970.0,413300,False,2026-08-29/2026-09-04
BKG,2026-09-07,2026-09-11,1970.0,1970.0,1820.0,1860.0,353000,False,2026-09-05/2026-09-11
BKG,2026-09-14,2026-09-18,1860.0,1880.0,1730.0,1780.0,1056900,False,2026-09-12/2026-09-18
BKG,2026-09-21,2026-09-25,1780.0,1800.0,1680.0,1720.0,608600,False,2026-09-19/2026-09-25
BKG,2026-09-28,2026-10-02,1750.0,1750.0,1.67,1.68,273100,False,2026-09-26/2026-10-02
BMI,2026-03-30,2026-04-03,15875.0,17178.0,15875.0,16647.0,1555500,False,2026-03-28/2026-04-03
BMI,2026-04-06,2026-04-10,15827.0,15923.0,14910.0,15151.0,4688200,False,2026-04-04/2026-04-10
BMI,2026-04-13,2026-04-17,15151.0,15537.0,15006.0,15103.0,1145600,False,2026-04-11/2026-04-17
BMI,2026-04-20,2026-04-24,15055.0,15199.0,14524.0,14524.0,1383300,False,2026-04-18/2026-04-24
BMI,2026-04-27,2026-05-01,14813.0,14813.0,14524.0,14572.0,302300,False,2026-04-25/2026-05-01
BMI,2026-05-04,2026-05-08,14620.0,14813.0,13945.0,13945.0,1473500,False,2026-05-02/2026-05-08
BMI,2026-05-11,2026-05-15,13993.0,14186.0,13752.0,13993.0,553400,False,2026-05-09/2026-05-15
BMI,2026-05-18,2026-05-22,13993.0,14138.0,13752.0,14090.0,1067500,False,2026-05-16/2026-05-22
BMI,2026-05-25,2026-05-29,14283.0,14379.0,13993.0,14138.0,718600,False,2026-05-23/2026-05-29
BMI,2026-06-01,2026-06-05,14138.0,14283.0,13848.0,13848.0,734800,False,2026-05-30/2026-06-05
BMI,2026-06-08,2026-06-12,13848.0,13993.0,13752.0,13897.0,335800,False,2026-06-06/2026-06-12
BMI,2026-06-15,2026-06-19,13897.0,14283.0,13848.0,13897.0,438800,False,2026-06-13/2026-06-19
BMI,2026-06-22,2026-06-26,13897.0,13993.0,13655.0,13800.0,519500,False,2026-06-20/2026-06-26
BMI,2026-06-29,2026-07-03,13703.0,13945.0,13607.0,13752.0,583300,False,2026-06-27/2026-07-03
BMI,2026-07-06,2026-07-10,13752.0,13800.0,13269.0,13414.0,583000,False,2026-07-04/2026-07-10
BMI,2026-07-13,2026-07-17,13414.0,13414.0,12931.0,13221.0,447800,False,2026-07-11/2026-07-17
BMI,2026-07-20,2026-07-24,13124.0,13173.0,12256.0,12497.0,610100,False,2026-07-18/2026-07-24
BMI,2026-07-27,2026-07-31,12497.0,13076.0,11870.0,12980.0,496200,False,2026-07-25/2026-07-31
BMI,2026-08-03,2026-08-07,13076.0,13414.0,12738.0,13124.0,222000,False,2026-08-01/2026-08-07
BMI,2026-08-10,2026-08-14,13124.0,13366.0,12883.0,12883.0,287900,False,2026-08-08/2026-08-14
BMI,2026-08-17,2026-08-21,12883.0,13173.0,12738.0,13124.0,162600,False,2026-08-15/2026-08-21
BMI,2026-08-24,2026-08-28,13076.0,13897.0,13028.0,13510.0,571000,False,2026-08-22/2026-08-28
BMI,2026-08-31,2026-09-04,13510.0,13897.0,13510.0,13559.0,198900,False,2026-08-29/2026-09-04
BMI,2026-09-07,2026-09-11,13559.0,14200.0,13500.0,13500.0,359300,False,2026-09-05/2026-09-11
BMI,2026-09-14,2026-09-18,13550.0,14200.0,13200.0,13950.0,305700,False,2026-09-12/2026-09-18
BMI,2026-09-21,2026-09-25,14100.0,14150.0,13650.0,13950.0,255800,False,2026-09-19/2026-09-25
BMI,2026-09-28,2026-10-02,13950.0,14500.0,13.95,14.05,345100,False,2026-09-26/2026-10-02
BMP,2026-03-30,2026-04-03,118204.0,125296.0,117920.0,119244.0,821300,False,2026-03-28/2026-04-03
BMP,2026-04-06,2026-04-10,119433.0,126431.0,116880.0,125769.0,1147700,False,2026-04-04/2026-04-10
BMP,2026-04-13,2026-04-17,124350.0,143736.0,123405.0,140048.0,1809800,False,2026-04-11/2026-04-17
BMP,2026-04-20,2026-04-24,140048.0,146005.0,136171.0,139008.0,909800,False,2026-04-18/2026-04-24
BMP,2026-04-27,2026-05-01,137211.0,141183.0,136927.0,137684.0,220800,False,2026-04-25/2026-05-01
BMP,2026-05-04,2026-05-08,140426.0,144114.0,139008.0,141845.0,635700,False,2026-05-02/2026-05-08
BMP,2026-05-11,2026-05-15,144682.0,155083.0,142317.0,148653.0,1503500,False,2026-05-09/2026-05-15
BMP,2026-05-18,2026-05-22,150450.0,150828.0,136300.0,138000.0,852600,False,2026-05-16/2026-05-22
BMP,2026-05-25,2026-05-29,138400.0,141000.0,136900.0,137100.0,299000,False,2026-05-23/2026-05-29
BMP,2026-06-01,2026-06-05,137400.0,139300.0,133500.0,133600.0,393400,False,2026-05-30/2026-06-05
BMP,2026-06-08,2026-06-12,133300.0,138000.0,131600.0,135000.0,323800,False,2026-06-06/2026-06-12
BMP,2026-06-15,2026-06-19,137000.0,148000.0,137000.0,145200.0,752000,False,2026-06-13/2026-06-19
BMP,2026-06-22,2026-06-26,145500.0,154000.0,145000.0,153000.0,1265400,False,2026-06-20/2026-06-26
BMP,2026-06-29,2026-07-03,151800.0,155000.0,150100.0,153600.0,574600,False,2026-06-27/2026-07-03
BMP,2026-07-06,2026-07-10,153600.0,154200.0,144000.0,146100.0,577200,False,2026-07-04/2026-07-10
BMP,2026-07-13,2026-07-17,146200.0,154500.0,145500.0,151600.0,945900,False,2026-07-11/2026-07-17
BMP,2026-07-20,2026-07-24,152000.0,156000.0,145800.0,150000.0,1093800,False,2026-07-18/2026-07-24
BMP,2026-07-27,2026-07-31,150300.0,153300.0,146700.0,153300.0,512500,False,2026-07-25/2026-07-31
BMP,2026-08-03,2026-08-07,153000.0,153500.0,146400.0,148800.0,533900,False,2026-08-01/2026-08-07
BMP,2026-08-10,2026-08-14,149800.0,150900.0,146700.0,147200.0,364400,False,2026-08-08/2026-08-14
BMP,2026-08-17,2026-08-21,147200.0,147400.0,143000.0,145500.0,341900,False,2026-08-15/2026-08-21
BMP,2026-08-24,2026-08-28,146900.0,146900.0,142800.0,144800.0,350600,False,2026-08-22/2026-08-28
BMP,2026-08-31,2026-09-04,144800.0,144800.0,143000.0,143000.0,114800,False,2026-08-29/2026-09-04
BMP,2026-09-07,2026-09-11,143000.0,143500.0,140100.0,140300.0,339100,False,2026-09-05/2026-09-11
BMP,2026-09-14,2026-09-18,140000.0,147600.0,138000.0,143500.0,433100,False,2026-09-12/2026-09-18
BMP,2026-09-21,2026-09-25,143500.0,146900.0,143200.0,145000.0,328400,False,2026-09-19/2026-09-25
BMP,2026-09-28,2026-10-02,145100.0,145200.0,142.9,143.1,164000,False,2026-09-26/2026-10-02
BSI,2026-03-30,2026-04-03,30159.0,34792.0,30159.0,32566.0,2878800,False,2026-03-28/2026-04-03
BSI,2026-04-06,2026-04-10,32248.0,35337.0,32067.0,33611.0,2429700,False,2026-04-04/2026-04-10
BSI,2026-04-13,2026-04-17,33248.0,34111.0,32612.0,33293.0,1631100,False,2026-04-11/2026-04-17
BSI,2026-04-20,2026-04-24,33384.0,33384.0,31703.0,32521.0,1640700,False,2026-04-18/2026-04-24
BSI,2026-04-27,2026-05-01,32476.0,32521.0,31613.0,31840.0,277700,False,2026-04-25/2026-05-01
BSI,2026-05-04,2026-05-08,31885.0,33066.0,31340.0,31749.0,925200,False,2026-05-02/2026-05-08
BSI,2026-05-11,2026-05-15,31749.0,32385.0,31613.0,31794.0,828800,False,2026-05-09/2026-05-15
BSI,2026-05-18,2026-05-22,31613.0,33021.0,30659.0,31931.0,1427000,False,2026-05-16/2026-05-22
BSI,2026-05-25,2026-05-29,31931.0,32566.0,31613.0,31794.0,945000,False,2026-05-23/2026-05-29
BSI,2026-06-01,2026-06-05,31703.0,32112.0,29977.0,31068.0,788500,False,2026-05-30/2026-06-05
BSI,2026-06-08,2026-06-12,30114.0,30795.0,29932.0,30250.0,753100,False,2026-06-06/2026-06-12
BSI,2026-06-15,2026-06-19,30450.0,36000.0,30450.0,34700.0,4362600,False,2026-06-13/2026-06-19
BSI,2026-06-22,2026-06-26,34700.0,35450.0,33350.0,34250.0,3060000,False,2026-06-20/2026-06-26
BSI,2026-06-29,2026-07-03,34500.0,37400.0,34000.0,36500.0,5237200,False,2026-06-27/2026-07-03
BSI,2026-07-06,2026-07-10,36550.0,37300.0,34200.0,34450.0,5276800,False,2026-07-04/2026-07-10
BSI,2026-07-13,2026-07-17,33850.0,34000.0,30750.0,32050.0,3393700,False,2026-07-11/2026-07-17
BSI,2026-07-20,2026-07-24,32000.0,32000.0,27850.0,28200.0,2837300,False,2026-07-18/2026-07-24
BSI,2026-07-27,2026-07-31,28650.0,28650.0,25500.0,27600.0,2527700,False,2026-07-25/2026-07-31
BSI,2026-08-03,2026-08-07,28000.0,29000.0,27700.0,28150.0,1649300,False,2026-08-01/2026-08-07
BSI,2026-08-10,2026-08-14,28600.0,30200.0,28000.0,28100.0,2201000,False,2026-08-08/2026-08-14
BSI,2026-08-17,2026-08-21,28100.0,29450.0,27500.0,29350.0,1552800,False,2026-08-15/2026-08-21
BSI,2026-08-24,2026-08-28,30000.0,30000.0,28600.0,29200.0,1722900,False,2026-08-22/2026-08-28
BSI,2026-08-31,2026-09-04,29000.0,29650.0,28800.0,29300.0,697300,False,2026-08-29/2026-09-04
BSI,2026-09-07,2026-09-11,29350.0,29350.0,26800.0,26800.0,1488000,False,2026-09-05/2026-09-11
BSI,2026-09-14,2026-09-18,26400.0,27700.0,26000.0,27350.0,1614400,False,2026-09-12/2026-09-18
BSI,2026-09-21,2026-09-25,27500.0,27500.0,26150.0,26600.0,1069300,False,2026-09-19/2026-09-25
BSI,2026-09-28,2026-10-02,26600.0,26600.0,25.7,25.75,579100,False,2026-09-26/2026-10-02
BSR,2026-03-30,2026-04-03,28133.0,29319.0,25067.0,26056.0,89379200,False,2026-03-28/2026-04-03
BSR,2026-04-06,2026-04-10,26106.0,26452.0,24326.0,26452.0,64373000,False,2026-04-04/2026-04-10
BSR,2026-04-13,2026-04-17,26946.0,27589.0,25512.0,26402.0,61745800,False,2026-04-11/2026-04-17
BSR,2026-04-20,2026-04-24,26452.0,26551.0,24177.0,24721.0,47161100,False,2026-04-18/2026-04-24
BSR,2026-04-27,2026-05-01,24523.0,24721.0,22892.0,23337.0,29955100,False,2026-04-25/2026-05-01
BSR,2026-05-04,2026-05-08,24968.0,27193.0,24474.0,25661.0,77933900,False,2026-05-02/2026-05-08
BSR,2026-05-11,2026-05-15,26056.0,31544.0,25512.0,31396.0,121201500,False,2026-05-09/2026-05-15
BSR,2026-05-18,2026-05-22,31643.0,33571.0,28677.0,29369.0,100485900,False,2026-05-16/2026-05-22
BSR,2026-05-25,2026-05-29,28182.0,29616.0,27193.0,29418.0,58445100,False,2026-05-23/2026-05-29
BSR,2026-06-01,2026-06-05,29468.0,29517.0,27144.0,28182.0,37694700,False,2026-05-30/2026-06-05
BSR,2026-06-08,2026-06-12,28133.0,28775.0,27441.0,27787.0,28060500,False,2026-06-06/2026-06-12
BSR,2026-06-15,2026-06-19,26501.0,27490.0,25710.0,25759.0,45393100,False,2026-06-13/2026-06-19
BSR,2026-06-22,2026-06-26,26106.0,26551.0,23980.0,23980.0,49932500,False,2026-06-20/2026-06-26
BSR,2026-06-29,2026-07-03,24227.0,25512.0,23831.0,24425.0,37559500,False,2026-06-27/2026-07-03
BSR,2026-07-06,2026-07-10,24425.0,26353.0,23090.0,25216.0,59317500,False,2026-07-04/2026-07-10
BSR,2026-07-13,2026-07-17,25908.0,27144.0,24375.0,24622.0,53199500,False,2026-07-11/2026-07-17
BSR,2026-07-20,2026-07-24,25216.0,25265.0,22348.0,23732.0,46233500,False,2026-07-18/2026-07-24
BSR,2026-07-27,2026-07-31,23386.0,26155.0,23040.0,25067.0,41261200,False,2026-07-25/2026-07-31
BSR,2026-08-03,2026-08-07,24721.0,26402.0,24078.0,25908.0,45910900,False,2026-08-01/2026-08-07
BSR,2026-08-10,2026-08-14,26402.0,27243.0,25350.0,25350.0,48461700,False,2026-08-08/2026-08-14
BSR,2026-08-17,2026-08-21,25400.0,27650.0,24900.0,26850.0,52205000,False,2026-08-15/2026-08-21
BSR,2026-08-24,2026-08-28,27000.0,27900.0,26400.0,26600.0,44542400,False,2026-08-22/2026-08-28
BSR,2026-08-31,2026-09-04,27300.0,27800.0,26750.0,26750.0,16537100,False,2026-08-29/2026-09-04
BSR,2026-09-07,2026-09-11,26800.0,28200.0,26200.0,27550.0,57105500,False,2026-09-05/2026-09-11
BSR,2026-09-14,2026-09-18,27650.0,31800.0,27650.0,30200.0,94916400,False,2026-09-12/2026-09-18
BSR,2026-09-21,2026-09-25,30400.0,32100.0,29850.0,30400.0,64224100,False,2026-09-19/2026-09-25
BSR,2026-09-28,2026-10-02,30650.0,33450.0,31.15,31.4,41110200,False,2026-09-26/2026-10-02
BVB,2026-03-30,2026-04-03,11571.0,12543.0,11279.0,11765.0,8021200,False,2026-03-28/2026-04-03
BVB,2026-04-06,2026-04-10,11960.0,12349.0,11571.0,12252.0,6167900,False,2026-04-04/2026-04-10
BVB,2026-04-13,2026-04-17,12252.0,12835.0,12057.0,12446.0,9794900,False,2026-04-11/2026-04-17
BVB,2026-04-20,2026-04-24,12543.0,12543.0,10404.0,11960.0,5725900,False,2026-04-18/2026-04-24
BVB,2026-04-27,2026-05-01,12057.0,12154.0,11863.0,12057.0,1411800,False,2026-04-25/2026-05-01
BVB,2026-05-04,2026-05-08,12057.0,12349.0,11863.0,12349.0,4529700,False,2026-05-02/2026-05-08
BVB,2026-05-11,2026-05-15,12252.0,12738.0,12252.0,12349.0,8549100,False,2026-05-09/2026-05-15
BVB,2026-05-18,2026-05-22,12349.0,12349.0,11668.0,11863.0,6126900,False,2026-05-16/2026-05-22
BVB,2026-05-25,2026-05-29,11863.0,12446.0,11765.0,11960.0,6229400,False,2026-05-23/2026-05-29
BVB,2026-06-01,2026-06-05,12057.0,12349.0,11863.0,12252.0,7108100,False,2026-05-30/2026-06-05
BVB,2026-06-08,2026-06-12,12154.0,12932.0,10404.0,12641.0,10471700,False,2026-06-06/2026-06-12
BVB,2026-06-15,2026-06-19,12641.0,13127.0,12543.0,13029.0,9083600,False,2026-06-13/2026-06-19
BVB,2026-06-22,2026-06-26,12835.0,13905.0,12835.0,13418.0,17803600,False,2026-06-20/2026-06-26
BVB,2026-06-29,2026-07-03,13418.0,13710.0,12932.0,13127.0,13567900,False,2026-06-27/2026-07-03
BVB,2026-07-06,2026-07-10,13127.0,13224.0,12738.0,12932.0,8182600,False,2026-07-04/2026-07-10
BVB,2026-07-20,2026-07-24,13516.0,13516.0,12106.0,12154.0,20019200,False,2026-07-18/2026-07-24
BVB,2026-07-27,2026-07-31,12154.0,12349.0,11571.0,11960.0,4924800,False,2026-07-25/2026-07-31
BVB,2026-08-03,2026-08-07,11960.0,12349.0,11911.0,12057.0,3981400,False,2026-08-01/2026-08-07
BVB,2026-08-10,2026-08-14,11960.0,12446.0,11765.0,11765.0,4046000,False,2026-08-08/2026-08-14
BVB,2026-08-17,2026-08-21,11863.0,11911.0,11425.0,11863.0,2664900,False,2026-08-15/2026-08-21
BVB,2026-08-24,2026-08-28,11863.0,11863.0,10890.0,11717.0,3194000,False,2026-08-22/2026-08-28
BVB,2026-08-31,2026-09-04,11668.0,11717.0,11474.0,11571.0,830900,False,2026-08-29/2026-09-04
BVB,2026-09-07,2026-09-11,11571.0,11620.0,11036.0,11085.0,2044300,False,2026-09-05/2026-09-11
BVB,2026-09-14,2026-09-18,10793.0,11425.0,10550.0,11425.0,6911500,False,2026-09-12/2026-09-18
BVB,2026-09-21,2026-09-25,11668.0,11717.0,10400.0,10500.0,8996000,False,2026-09-19/2026-09-25
BVB,2026-09-28,2026-10-02,10600.0,10700.0,10.45,10.55,1858900,False,2026-09-26/2026-10-02
BVH,2026-03-30,2026-04-03,81800.0,88500.0,78000.0,85000.0,3873300,False,2026-03-28/2026-04-03
BVH,2026-04-06,2026-04-10,85000.0,85100.0,75300.0,76400.0,3647500,False,2026-04-04/2026-04-10
BVH,2026-04-13,2026-04-17,77300.0,77300.0,70900.0,72600.0,3620400,False,2026-04-11/2026-04-17
BVH,2026-04-20,2026-04-24,72900.0,73900.0,67300.0,71800.0,2784200,False,2026-04-18/2026-04-24
BVH,2026-04-27,2026-05-01,71800.0,72000.0,69200.0,70500.0,1072700,False,2026-04-25/2026-05-01
BVH,2026-05-04,2026-05-08,70100.0,72000.0,65100.0,66000.0,4113600,False,2026-05-02/2026-05-08
BVH,2026-05-11,2026-05-15,66000.0,69200.0,62900.0,67100.0,4901600,False,2026-05-09/2026-05-15
BVH,2026-05-18,2026-05-22,67600.0,72500.0,67500.0,72000.0,5027600,False,2026-05-16/2026-05-22
BVH,2026-05-25,2026-05-29,71100.0,71300.0,66000.0,67700.0,2130600,False,2026-05-23/2026-05-29
BVH,2026-06-01,2026-06-05,68100.0,70400.0,66800.0,69700.0,2045800,False,2026-05-30/2026-06-05
BVH,2026-06-08,2026-06-12,68900.0,68900.0,64200.0,65600.0,1662600,False,2026-06-06/2026-06-12
BVH,2026-06-15,2026-06-19,66200.0,67300.0,65100.0,66800.0,1463000,False,2026-06-13/2026-06-19
BVH,2026-06-22,2026-06-26,66300.0,66600.0,63000.0,63400.0,1804600,False,2026-06-20/2026-06-26
BVH,2026-06-29,2026-07-03,63400.0,65400.0,61700.0,62300.0,1822900,False,2026-06-27/2026-07-03
BVH,2026-07-06,2026-07-10,62300.0,62400.0,59000.0,59000.0,2313700,False,2026-07-04/2026-07-10
BVH,2026-07-13,2026-07-17,59400.0,61300.0,57200.0,60000.0,2118800,False,2026-07-11/2026-07-17
BVH,2026-07-20,2026-07-24,59800.0,60200.0,55200.0,57000.0,1348000,False,2026-07-18/2026-07-24
BVH,2026-07-27,2026-07-31,57100.0,63300.0,56000.0,60100.0,1982300,False,2026-07-25/2026-07-31
BVH,2026-08-03,2026-08-07,61200.0,67100.0,60900.0,66900.0,3185400,False,2026-08-01/2026-08-07
BVH,2026-08-10,2026-08-14,66900.0,68000.0,64900.0,65000.0,2010200,False,2026-08-08/2026-08-14
BVH,2026-08-17,2026-08-21,65000.0,69000.0,64800.0,65900.0,2003900,False,2026-08-15/2026-08-21
BVH,2026-08-24,2026-08-28,66600.0,66700.0,62500.0,64000.0,2909100,False,2026-08-22/2026-08-28
BVH,2026-08-31,2026-09-04,64000.0,65500.0,63500.0,65400.0,942100,False,2026-08-29/2026-09-04
BVH,2026-09-07,2026-09-11,65500.0,66400.0,62800.0,64000.0,1875200,False,2026-09-05/2026-09-11
BVH,2026-09-14,2026-09-18,63700.0,71700.0,63700.0,68500.0,5360600,False,2026-09-12/2026-09-18
BVH,2026-09-21,2026-09-25,68500.0,71600.0,68200.0,68800.0,3808300,False,2026-09-19/2026-09-25
BVH,2026-09-28,2026-10-02,69000.0,75900.0,73.8,74.5,5978400,False,2026-09-26/2026-10-02
BWE,2026-03-30,2026-04-03,41939.0,42967.0,40912.0,42086.0,1586800,False,2026-03-28/2026-04-03
BWE,2026-04-06,2026-04-10,41107.0,42380.0,41107.0,42282.0,1130700,False,2026-04-04/2026-04-10
BWE,2026-04-13,2026-04-17,42233.0,42771.0,41939.0,42673.0,1200700,False,2026-04-11/2026-04-17
BWE,2026-04-20,2026-04-24,42771.0,43163.0,41890.0,42282.0,1306800,False,2026-04-18/2026-04-24
BWE,2026-04-27,2026-05-01,42282.0,42575.0,41303.0,42575.0,773300,False,2026-04-25/2026-05-01
BWE,2026-05-04,2026-05-08,42673.0,43554.0,42086.0,42575.0,1393300,False,2026-05-02/2026-05-08
BWE,2026-05-11,2026-05-15,43065.0,43946.0,41890.0,42869.0,749500,False,2026-05-09/2026-05-15
BWE,2026-05-18,2026-05-22,43016.0,43163.0,42575.0,43065.0,556700,False,2026-05-16/2026-05-22
BWE,2026-05-25,2026-05-29,42233.0,43946.0,41303.0,41303.0,641900,False,2026-05-23/2026-05-29
BWE,2026-06-01,2026-06-05,42869.0,43016.0,41303.0,43016.0,217000,False,2026-05-30/2026-06-05
BWE,2026-06-08,2026-06-12,43016.0,43407.0,41107.0,42575.0,437400,False,2026-06-06/2026-06-12
BWE,2026-06-15,2026-06-19,42575.0,43701.0,42575.0,43212.0,181800,False,2026-06-13/2026-06-19
BWE,2026-06-22,2026-06-26,43065.0,44827.0,42869.0,43750.0,389900,False,2026-06-20/2026-06-26
BWE,2026-06-29,2026-07-03,44044.0,45365.0,43750.0,44631.0,263600,False,2026-06-27/2026-07-03
BWE,2026-07-06,2026-07-10,44093.0,44533.0,43750.0,44239.0,244200,False,2026-07-04/2026-07-10
BWE,2026-07-13,2026-07-17,44141.0,44729.0,43456.0,44337.0,675300,False,2026-07-11/2026-07-17
BWE,2026-07-20,2026-07-24,44288.0,44827.0,42250.0,43700.0,652800,False,2026-07-18/2026-07-24
BWE,2026-07-27,2026-07-31,43700.0,43900.0,43000.0,43350.0,867900,False,2026-07-25/2026-07-31
BWE,2026-08-03,2026-08-07,43350.0,43800.0,43050.0,43800.0,2115600,False,2026-08-01/2026-08-07
BWE,2026-08-10,2026-08-14,44200.0,44900.0,43400.0,44200.0,389400,False,2026-08-08/2026-08-14
BWE,2026-08-17,2026-08-21,44800.0,44800.0,42000.0,42650.0,164600,False,2026-08-15/2026-08-21
BWE,2026-08-24,2026-08-28,42600.0,42700.0,41200.0,42300.0,121800,False,2026-08-22/2026-08-28
BWE,2026-08-31,2026-09-04,42300.0,42300.0,41050.0,41950.0,57000,False,2026-08-29/2026-09-04
BWE,2026-09-07,2026-09-11,41950.0,42200.0,41500.0,41650.0,81100,False,2026-09-05/2026-09-11
BWE,2026-09-14,2026-09-18,41650.0,42100.0,41350.0,42100.0,57200,False,2026-09-12/2026-09-18
BWE,2026-09-21,2026-09-25,42250.0,42250.0,39650.0,40250.0,250400,False,2026-09-19/2026-09-25
BWE,2026-09-28,2026-10-02,40500.0,40500.0,40.45,40.8,85500,False,2026-09-26/2026-10-02
CCL,2026-03-30,2026-04-03,4458.0,4640.0,4439.0,4503.0,272300,False,2026-03-28/2026-04-03
CCL,2026-04-06,2026-04-10,4539.0,4640.0,4403.0,4530.0,366600,False,2026-04-04/2026-04-10
CCL,2026-04-13,2026-04-17,4467.0,4567.0,4412.0,4549.0,380100,False,2026-04-11/2026-04-17
CCL,2026-04-20,2026-04-24,4549.0,4549.0,4458.0,4512.0,231800,False,2026-04-18/2026-04-24
CCL,2026-04-27,2026-05-01,4521.0,4539.0,4458.0,4512.0,78700,False,2026-04-25/2026-05-01
CCL,2026-05-04,2026-05-08,4539.0,4594.0,4166.0,4512.0,300900,False,2026-05-02/2026-05-08
CCL,2026-05-11,2026-05-15,4476.0,4503.0,4367.0,4412.0,220600,False,2026-05-09/2026-05-15
CCL,2026-05-18,2026-05-22,4439.0,4458.0,4185.0,4276.0,245700,False,2026-05-16/2026-05-22
CCL,2026-05-25,2026-05-29,4212.0,4285.0,3903.0,3912.0,2128800,False,2026-05-23/2026-05-29
CCL,2026-06-01,2026-06-05,3921.0,3985.0,3884.0,3912.0,399200,False,2026-05-30/2026-06-05
CCL,2026-06-08,2026-06-12,3884.0,4021.0,3830.0,3994.0,457800,False,2026-06-06/2026-06-12
CCL,2026-06-15,2026-06-19,3994.0,4030.0,3903.0,3985.0,414900,False,2026-06-13/2026-06-19
CCL,2026-06-22,2026-06-26,3966.0,4039.0,3930.0,4030.0,425500,False,2026-06-20/2026-06-26
CCL,2026-06-29,2026-07-03,4090.0,4320.0,4000.0,4250.0,413400,False,2026-06-27/2026-07-03
CCL,2026-07-06,2026-07-10,4250.0,4250.0,4110.0,4180.0,174600,False,2026-07-04/2026-07-10
CCL,2026-07-13,2026-07-17,4180.0,4200.0,4050.0,4120.0,132400,False,2026-07-11/2026-07-17
CCL,2026-07-20,2026-07-24,4100.0,4100.0,3640.0,3720.0,303800,False,2026-07-18/2026-07-24
CCL,2026-07-27,2026-07-31,3670.0,3750.0,3450.0,3620.0,156200,False,2026-07-25/2026-07-31
CCL,2026-08-03,2026-08-07,3720.0,3750.0,3560.0,3620.0,156800,False,2026-08-01/2026-08-07
CCL,2026-08-10,2026-08-14,3600.0,3700.0,3540.0,3640.0,157700,False,2026-08-08/2026-08-14
CCL,2026-08-17,2026-08-21,3640.0,3640.0,3530.0,3640.0,85900,False,2026-08-15/2026-08-21
CCL,2026-08-24,2026-08-28,3640.0,3710.0,3600.0,3630.0,192100,False,2026-08-22/2026-08-28
CCL,2026-08-31,2026-09-04,3650.0,3650.0,3550.0,3600.0,34900,False,2026-08-29/2026-09-04
CCL,2026-09-07,2026-09-11,3600.0,3600.0,3490.0,3490.0,246400,False,2026-09-05/2026-09-11
CCL,2026-09-14,2026-09-18,3500.0,3520.0,3350.0,3470.0,165300,False,2026-09-12/2026-09-18
CCL,2026-09-21,2026-09-25,3420.0,3500.0,3310.0,3410.0,172400,False,2026-09-19/2026-09-25
CCL,2026-09-28,2026-10-02,3420.0,3420.0,3.29,3.34,25500,False,2026-09-26/2026-10-02
CDC,2026-03-30,2026-04-03,14727.0,15341.0,14420.0,15273.0,508000,False,2026-03-28/2026-04-03
CDC,2026-04-06,2026-04-10,15341.0,16091.0,15136.0,15955.0,5434200,False,2026-04-04/2026-04-10
CDC,2026-04-13,2026-04-17,16023.0,20050.0,15614.0,19500.0,7094800,False,2026-04-11/2026-04-17
CDC,2026-04-20,2026-04-24,19600.0,19600.0,17800.0,19000.0,1519500,False,2026-04-18/2026-04-24
CDC,2026-04-27,2026-05-01,19000.0,19000.0,17700.0,18800.0,593700,False,2026-04-25/2026-05-01
CDC,2026-05-04,2026-05-08,18800.0,19500.0,18100.0,19100.0,1882600,False,2026-05-02/2026-05-08
CDC,2026-05-11,2026-05-15,19400.0,22000.0,19100.0,21000.0,1617500,False,2026-05-09/2026-05-15
CDC,2026-05-18,2026-05-22,20900.0,23500.0,20700.0,22100.0,558700,False,2026-05-16/2026-05-22
CDC,2026-05-25,2026-05-29,22000.0,22000.0,19900.0,20700.0,419600,False,2026-05-23/2026-05-29
CDC,2026-06-01,2026-06-05,20600.0,20800.0,17800.0,18200.0,359900,False,2026-05-30/2026-06-05
CDC,2026-06-08,2026-06-12,18100.0,19000.0,17000.0,18700.0,866800,False,2026-06-06/2026-06-12
CDC,2026-06-15,2026-06-19,18500.0,18900.0,18300.0,18800.0,390300,False,2026-06-13/2026-06-19
CDC,2026-06-22,2026-06-26,19000.0,19300.0,18300.0,19200.0,495100,False,2026-06-20/2026-06-26
CDC,2026-06-29,2026-07-03,19200.0,20300.0,19000.0,19800.0,595800,False,2026-06-27/2026-07-03
CDC,2026-07-06,2026-07-10,19400.0,19700.0,18000.0,18600.0,740100,False,2026-07-04/2026-07-10
CDC,2026-07-13,2026-07-17,18000.0,19000.0,18000.0,18600.0,904100,False,2026-07-11/2026-07-17
CDC,2026-07-20,2026-07-24,18600.0,18600.0,17950.0,18300.0,493500,False,2026-07-18/2026-07-24
CDC,2026-07-27,2026-07-31,18300.0,19000.0,17900.0,18500.0,803900,False,2026-07-25/2026-07-31
CDC,2026-08-03,2026-08-07,18600.0,19100.0,18100.0,18800.0,872200,False,2026-08-01/2026-08-07
CDC,2026-08-10,2026-08-14,18600.0,19900.0,18500.0,19400.0,1161300,False,2026-08-08/2026-08-14
CDC,2026-08-17,2026-08-21,19200.0,20100.0,18800.0,19800.0,1121100,False,2026-08-15/2026-08-21
CDC,2026-08-24,2026-08-28,19700.0,20400.0,19300.0,19900.0,1334000,False,2026-08-22/2026-08-28
CDC,2026-08-31,2026-09-04,19700.0,19850.0,19100.0,19600.0,311700,False,2026-08-29/2026-09-04
CDC,2026-09-07,2026-09-11,19500.0,19700.0,18950.0,19300.0,771600,False,2026-09-05/2026-09-11
CDC,2026-09-14,2026-09-18,19200.0,20600.0,18900.0,20600.0,702700,False,2026-09-12/2026-09-18
CDC,2026-09-21,2026-09-25,20500.0,21400.0,20100.0,20700.0,975200,False,2026-09-19/2026-09-25
CDC,2026-09-28,2026-10-02,20600.0,21000.0,20.7,21.1,702900,False,2026-09-26/2026-10-02
CIG,2026-03-30,2026-04-03,6390.0,6600.0,6180.0,6250.0,132600,False,2026-03-28/2026-04-03
CIG,2026-04-06,2026-04-10,6260.0,6490.0,6120.0,6260.0,172700,False,2026-04-04/2026-04-10
CIG,2026-04-13,2026-04-17,6350.0,6400.0,5920.0,6170.0,424300,False,2026-04-11/2026-04-17
CIG,2026-04-20,2026-04-24,6170.0,6350.0,6090.0,6280.0,361300,False,2026-04-18/2026-04-24
CIG,2026-04-27,2026-05-01,6280.0,6590.0,6250.0,6590.0,64000,False,2026-04-25/2026-05-01
CIG,2026-05-04,2026-05-08,6570.0,6570.0,6000.0,6300.0,121000,False,2026-05-02/2026-05-08
CIG,2026-05-11,2026-05-15,6440.0,6440.0,6010.0,6380.0,86800,False,2026-05-09/2026-05-15
CIG,2026-05-18,2026-05-22,6380.0,6380.0,5940.0,6080.0,256500,False,2026-05-16/2026-05-22
CIG,2026-05-25,2026-05-29,6080.0,6090.0,5830.0,6050.0,452400,False,2026-05-23/2026-05-29
CIG,2026-06-01,2026-06-05,6050.0,6090.0,5900.0,6050.0,488400,False,2026-05-30/2026-06-05
CIG,2026-06-08,2026-06-12,6050.0,6900.0,6050.0,6270.0,988500,False,2026-06-06/2026-06-12
CIG,2026-06-15,2026-06-19,6280.0,7920.0,6280.0,7440.0,640200,False,2026-06-13/2026-06-19
CIG,2026-06-22,2026-06-26,7440.0,7440.0,6600.0,6910.0,181100,False,2026-06-20/2026-06-26
CIG,2026-06-29,2026-07-03,6700.0,7020.0,6700.0,7020.0,41800,False,2026-06-27/2026-07-03
CIG,2026-07-06,2026-07-10,7450.0,7450.0,6610.0,7380.0,205400,False,2026-07-04/2026-07-10
CIG,2026-07-13,2026-07-17,7010.0,7400.0,6830.0,7160.0,115000,False,2026-07-11/2026-07-17
CIG,2026-07-20,2026-07-24,7370.0,7370.0,6520.0,7190.0,126800,False,2026-07-18/2026-07-24
CIG,2026-07-27,2026-07-31,7150.0,7590.0,6560.0,7400.0,135800,False,2026-07-25/2026-07-31
CIG,2026-08-03,2026-08-07,7100.0,7590.0,6900.0,7190.0,465300,False,2026-08-01/2026-08-07
CIG,2026-08-10,2026-08-14,7180.0,7260.0,6830.0,6990.0,140100,False,2026-08-08/2026-08-14
CIG,2026-08-17,2026-08-21,7010.0,7120.0,6810.0,7050.0,80700,False,2026-08-15/2026-08-21
CIG,2026-08-24,2026-08-28,6710.0,7340.0,6670.0,7130.0,26600,False,2026-08-22/2026-08-28
CIG,2026-08-31,2026-09-04,7090.0,7340.0,6800.0,7040.0,8200,False,2026-08-29/2026-09-04
CIG,2026-09-07,2026-09-11,7040.0,7500.0,6900.0,7260.0,149400,False,2026-09-05/2026-09-11
CIG,2026-09-14,2026-09-18,7260.0,7900.0,7000.0,7210.0,574800,False,2026-09-12/2026-09-18
CIG,2026-09-21,2026-09-25,7210.0,7270.0,6500.0,7100.0,242900,False,2026-09-19/2026-09-25
CIG,2026-09-28,2026-10-02,7090.0,7480.0,7.0,7.09,187800,False,2026-09-26/2026-10-02
CII,2026-03-30,2026-04-03,18600.0,19200.0,17800.0,18000.0,98251800,False,2026-03-28/2026-04-03
CII,2026-04-06,2026-04-10,17950.0,19450.0,17400.0,18550.0,102814400,False,2026-04-04/2026-04-10
CII,2026-04-13,2026-04-17,18700.0,20800.0,18700.0,19000.0,142142800,False,2026-04-11/2026-04-17
CII,2026-04-20,2026-04-24,19050.0,19400.0,18100.0,18750.0,82047900,False,2026-04-18/2026-04-24
CII,2026-04-27,2026-05-01,19100.0,19650.0,18700.0,19300.0,37556800,False,2026-04-25/2026-05-01
CII,2026-05-04,2026-05-08,19600.0,19900.0,18250.0,18450.0,73970100,False,2026-05-02/2026-05-08
CII,2026-05-11,2026-05-15,18500.0,20350.0,18300.0,19100.0,140585100,False,2026-05-09/2026-05-15
CII,2026-05-18,2026-05-22,19000.0,19350.0,17400.0,18000.0,95710100,False,2026-05-16/2026-05-22
CII,2026-05-25,2026-05-29,18100.0,18550.0,17100.0,17100.0,48836000,False,2026-05-23/2026-05-29
CII,2026-06-01,2026-06-05,17250.0,17700.0,16200.0,16200.0,52528500,False,2026-05-30/2026-06-05
CII,2026-06-08,2026-06-12,16000.0,17900.0,16000.0,17350.0,70253900,False,2026-06-06/2026-06-12
CII,2026-06-15,2026-06-19,17700.0,18650.0,17350.0,17700.0,73921500,False,2026-06-13/2026-06-19
CII,2026-06-22,2026-06-26,17800.0,17950.0,16850.0,17050.0,44083100,False,2026-06-20/2026-06-26
CII,2026-06-29,2026-07-03,17150.0,17900.0,17100.0,17200.0,36349600,False,2026-06-27/2026-07-03
CII,2026-07-06,2026-07-10,17250.0,17250.0,16150.0,16150.0,45634200,False,2026-07-04/2026-07-10
CII,2026-07-13,2026-07-17,16100.0,16700.0,15000.0,15350.0,39226900,False,2026-07-11/2026-07-17
CII,2026-07-20,2026-07-24,15050.0,15300.0,13300.0,13600.0,50961400,False,2026-07-18/2026-07-24
CII,2026-07-27,2026-07-31,13600.0,13800.0,12150.0,13100.0,38435400,False,2026-07-25/2026-07-31
CII,2026-08-03,2026-08-07,13100.0,14600.0,13100.0,13750.0,44070300,False,2026-08-01/2026-08-07
CII,2026-08-10,2026-08-14,14000.0,14550.0,13750.0,13950.0,37929500,False,2026-08-08/2026-08-14
CII,2026-08-17,2026-08-21,13900.0,15050.0,13800.0,14700.0,53896900,False,2026-08-15/2026-08-21
CII,2026-08-24,2026-08-28,14850.0,15200.0,14400.0,14700.0,57635300,False,2026-08-22/2026-08-28
CII,2026-08-31,2026-09-04,14700.0,14900.0,14200.0,14250.0,16618700,False,2026-08-29/2026-09-04
CII,2026-09-07,2026-09-11,14300.0,14800.0,13250.0,13250.0,43438700,False,2026-09-05/2026-09-11
CII,2026-09-14,2026-09-18,13350.0,13450.0,12550.0,12900.0,39778300,False,2026-09-12/2026-09-18
CII,2026-09-21,2026-09-25,13100.0,13300.0,12600.0,12600.0,24249500,False,2026-09-19/2026-09-25
CII,2026-09-28,2026-10-02,12600.0,12700.0,12.15,12.15,20822100,False,2026-09-26/2026-10-02
CMG,2026-03-30,2026-04-03,28900.0,29400.0,28450.0,28450.0,1297200,False,2026-03-28/2026-04-03
CMG,2026-04-06,2026-04-10,28450.0,29400.0,27700.0,28900.0,1518000,False,2026-04-04/2026-04-10
CMG,2026-04-13,2026-04-17,28900.0,29900.0,28200.0,28750.0,1819000,False,2026-04-11/2026-04-17
CMG,2026-04-20,2026-04-24,29300.0,29300.0,27600.0,27800.0,1525400,False,2026-04-18/2026-04-24
CMG,2026-04-27,2026-05-01,27800.0,28000.0,27500.0,27800.0,327400,False,2026-04-25/2026-05-01
CMG,2026-05-04,2026-05-08,27800.0,28450.0,27250.0,27750.0,1293900,False,2026-05-02/2026-05-08
CMG,2026-05-11,2026-05-15,27700.0,28350.0,26800.0,27700.0,1380500,False,2026-05-09/2026-05-15
CMG,2026-05-18,2026-05-22,27650.0,28850.0,27150.0,28150.0,2086800,False,2026-05-16/2026-05-22
CMG,2026-05-25,2026-05-29,28150.0,28150.0,27000.0,27000.0,1015000,False,2026-05-23/2026-05-29
CMG,2026-06-01,2026-06-05,27300.0,29000.0,27000.0,27650.0,2377600,False,2026-05-30/2026-06-05
CMG,2026-06-08,2026-06-12,27450.0,27800.0,26900.0,27200.0,933800,False,2026-06-06/2026-06-12
CMG,2026-06-15,2026-06-19,27400.0,28000.0,27250.0,27800.0,1016600,False,2026-06-13/2026-06-19
CMG,2026-06-22,2026-06-26,27750.0,27750.0,26850.0,27150.0,846000,False,2026-06-20/2026-06-26
CMG,2026-06-29,2026-07-03,27100.0,27500.0,26950.0,27250.0,674900,False,2026-06-27/2026-07-03
CMG,2026-07-06,2026-07-10,27150.0,27600.0,26500.0,27000.0,975900,False,2026-07-04/2026-07-10
CMG,2026-07-13,2026-07-17,27000.0,27000.0,25100.0,26100.0,800800,False,2026-07-11/2026-07-17
CMG,2026-07-20,2026-07-24,25800.0,25800.0,22200.0,24700.0,1098900,False,2026-07-18/2026-07-24
CMG,2026-07-27,2026-07-31,24700.0,24700.0,22450.0,24300.0,1239300,False,2026-07-25/2026-07-31
CMG,2026-08-03,2026-08-07,24900.0,25750.0,24350.0,24600.0,719900,False,2026-08-01/2026-08-07
CMG,2026-08-10,2026-08-14,24950.0,25250.0,23600.0,24000.0,788600,False,2026-08-08/2026-08-14
CMG,2026-08-17,2026-08-21,24450.0,24500.0,23500.0,24500.0,487600,False,2026-08-15/2026-08-21
CMG,2026-08-24,2026-08-28,24600.0,24900.0,24100.0,24400.0,624500,False,2026-08-22/2026-08-28
CMG,2026-08-31,2026-09-04,24350.0,24350.0,23750.0,23800.0,339300,False,2026-08-29/2026-09-04
CMG,2026-09-07,2026-09-11,23800.0,23950.0,23000.0,23350.0,695400,False,2026-09-05/2026-09-11
CMG,2026-09-14,2026-09-18,23350.0,23650.0,22500.0,23100.0,514100,False,2026-09-12/2026-09-18
CMG,2026-09-21,2026-09-25,23000.0,23700.0,22450.0,22450.0,641500,False,2026-09-19/2026-09-25
CMG,2026-09-28,2026-10-02,22350.0,22950.0,21.2,21.2,669600,False,2026-09-26/2026-10-02
CRC,2026-03-30,2026-04-03,10150.0,10450.0,9630.0,10100.0,18470600,False,2026-03-28/2026-04-03
CRC,2026-04-06,2026-04-10,9830.0,10150.0,8650.0,9400.0,16592500,False,2026-04-04/2026-04-10
CRC,2026-04-13,2026-04-17,9160.0,9410.0,8990.0,9130.0,14100000,False,2026-04-11/2026-04-17
CRC,2026-04-20,2026-04-24,9130.0,9550.0,9010.0,9350.0,27803500,False,2026-04-18/2026-04-24
CRC,2026-04-27,2026-05-01,9280.0,9370.0,8970.0,9000.0,4428400,False,2026-04-25/2026-05-01
CRC,2026-05-04,2026-05-08,8980.0,9090.0,8450.0,8600.0,6781300,False,2026-05-02/2026-05-08
CRC,2026-05-11,2026-05-15,8590.0,8590.0,8130.0,8210.0,3745800,False,2026-05-09/2026-05-15
CRC,2026-05-18,2026-05-22,8180.0,8470.0,8110.0,8280.0,4516400,False,2026-05-16/2026-05-22
CRC,2026-05-25,2026-05-29,8270.0,8280.0,6210.0,6300.0,12533100,False,2026-05-23/2026-05-29
CRC,2026-06-01,2026-06-05,6700.0,6700.0,6000.0,6030.0,3515300,False,2026-05-30/2026-06-05
CRC,2026-06-08,2026-06-12,6000.0,6340.0,5800.0,6230.0,2648400,False,2026-06-06/2026-06-12
CRC,2026-06-15,2026-06-19,6230.0,6300.0,6030.0,6130.0,1778300,False,2026-06-13/2026-06-19
CRC,2026-06-22,2026-06-26,6130.0,6180.0,5900.0,6000.0,1914200,False,2026-06-20/2026-06-26
CRC,2026-06-29,2026-07-03,5990.0,6240.0,5930.0,6050.0,1984100,False,2026-06-27/2026-07-03
CRC,2026-07-06,2026-07-10,6040.0,6050.0,5870.0,6000.0,3454200,False,2026-07-04/2026-07-10
CRC,2026-07-13,2026-07-17,6020.0,6020.0,5910.0,6000.0,3058900,False,2026-07-11/2026-07-17
CRC,2026-07-20,2026-07-24,6000.0,6000.0,5760.0,5950.0,1732700,False,2026-07-18/2026-07-24
CRC,2026-07-27,2026-07-31,5940.0,5950.0,5700.0,5800.0,1316200,False,2026-07-25/2026-07-31
CRC,2026-08-03,2026-08-07,5720.0,5890.0,5200.0,5220.0,3976000,False,2026-08-01/2026-08-07
CRC,2026-08-10,2026-08-14,5300.0,5440.0,5180.0,5300.0,1780500,False,2026-08-08/2026-08-14
CRC,2026-08-17,2026-08-21,5270.0,5540.0,5200.0,5290.0,2719800,False,2026-08-15/2026-08-21
CRC,2026-08-24,2026-08-28,5310.0,5430.0,5100.0,5290.0,761800,False,2026-08-22/2026-08-28
CRC,2026-08-31,2026-09-04,5290.0,5290.0,5210.0,5270.0,323500,False,2026-08-29/2026-09-04
CRC,2026-09-07,2026-09-11,5260.0,5270.0,5070.0,5180.0,753000,False,2026-09-05/2026-09-11
CRC,2026-09-14,2026-09-18,5170.0,5200.0,5050.0,5160.0,1302400,False,2026-09-12/2026-09-18
CRC,2026-09-21,2026-09-25,5150.0,5190.0,5050.0,5140.0,1441500,False,2026-09-19/2026-09-25
CRC,2026-09-28,2026-10-02,5130.0,5130.0,5.03,5.1,784200,False,2026-09-26/2026-10-02
CRE,2026-03-30,2026-04-03,7400.0,8180.0,7300.0,7600.0,1804600,False,2026-03-28/2026-04-03
CRE,2026-04-06,2026-04-10,7600.0,8030.0,7480.0,7700.0,1034200,False,2026-04-04/2026-04-10
CRE,2026-04-13,2026-04-17,7700.0,7900.0,7570.0,7630.0,1730000,False,2026-04-11/2026-04-17
CRE,2026-04-20,2026-04-24,7660.0,7700.0,7320.0,7490.0,965200,False,2026-04-18/2026-04-24
CRE,2026-04-27,2026-05-01,7300.0,7790.0,7300.0,7670.0,264200,False,2026-04-25/2026-05-01
CRE,2026-05-04,2026-05-08,7650.0,7700.0,7400.0,7500.0,667900,False,2026-05-02/2026-05-08
CRE,2026-05-11,2026-05-15,7500.0,7800.0,7300.0,7500.0,482400,False,2026-05-09/2026-05-15
CRE,2026-05-18,2026-05-22,7500.0,7910.0,7310.0,7860.0,1214300,False,2026-05-16/2026-05-22
CRE,2026-05-25,2026-05-29,7740.0,8000.0,7350.0,7900.0,1332700,False,2026-05-23/2026-05-29
CRE,2026-06-01,2026-06-05,7850.0,7950.0,7400.0,7850.0,1671300,False,2026-05-30/2026-06-05
CRE,2026-06-08,2026-06-12,7840.0,7870.0,7350.0,7460.0,1067100,False,2026-06-06/2026-06-12
CRE,2026-06-15,2026-06-19,7350.0,7600.0,7350.0,7400.0,883400,False,2026-06-13/2026-06-19
CRE,2026-06-22,2026-06-26,7400.0,7420.0,7130.0,7200.0,456600,False,2026-06-20/2026-06-26
CRE,2026-06-29,2026-07-03,7200.0,7260.0,6960.0,6960.0,606900,False,2026-06-27/2026-07-03
CRE,2026-07-06,2026-07-10,6960.0,7200.0,6810.0,6850.0,1016200,False,2026-07-04/2026-07-10
CRE,2026-07-13,2026-07-17,6810.0,6950.0,6700.0,6800.0,564900,False,2026-07-11/2026-07-17
CRE,2026-07-20,2026-07-24,6800.0,6800.0,6300.0,6620.0,677800,False,2026-07-18/2026-07-24
CRE,2026-07-27,2026-07-31,6600.0,7280.0,6340.0,7000.0,705900,False,2026-07-25/2026-07-31
CRE,2026-08-03,2026-08-07,6740.0,7490.0,6740.0,7470.0,825300,False,2026-08-01/2026-08-07
CRE,2026-08-10,2026-08-14,7300.0,7400.0,6840.0,6860.0,639000,False,2026-08-08/2026-08-14
CRE,2026-08-17,2026-08-21,6860.0,7170.0,6740.0,6970.0,880400,False,2026-08-15/2026-08-21
CRE,2026-08-24,2026-08-28,6950.0,7220.0,6640.0,6900.0,1922700,False,2026-08-22/2026-08-28
CRE,2026-08-31,2026-09-04,6830.0,6910.0,6450.0,6550.0,754800,False,2026-08-29/2026-09-04
CRE,2026-09-07,2026-09-11,6550.0,6600.0,6100.0,6100.0,1244100,False,2026-09-05/2026-09-11
CRE,2026-09-14,2026-09-18,6100.0,6550.0,6050.0,6410.0,804200,False,2026-09-12/2026-09-18
CRE,2026-09-21,2026-09-25,6300.0,6600.0,6300.0,6480.0,712500,False,2026-09-19/2026-09-25
CRE,2026-09-28,2026-10-02,6480.0,6480.0,6.23,6.3,348800,False,2026-09-26/2026-10-02
CSM,2026-03-30,2026-04-03,11950.0,12550.0,11900.0,12300.0,1051000,False,2026-03-28/2026-04-03
CSM,2026-04-06,2026-04-10,12200.0,12500.0,12050.0,12300.0,666900,False,2026-04-04/2026-04-10
CSM,2026-04-13,2026-04-17,12100.0,12600.0,12100.0,12500.0,691300,False,2026-04-11/2026-04-17
CSM,2026-04-20,2026-04-24,12600.0,12600.0,12050.0,12300.0,467100,False,2026-04-18/2026-04-24
CSM,2026-04-27,2026-05-01,12300.0,12350.0,12100.0,12250.0,265600,False,2026-04-25/2026-05-01
CSM,2026-05-04,2026-05-08,12250.0,12300.0,11700.0,11850.0,1336800,False,2026-05-02/2026-05-08
CSM,2026-05-11,2026-05-15,11850.0,11950.0,11600.0,11900.0,1207200,False,2026-05-09/2026-05-15
CSM,2026-05-18,2026-05-22,11900.0,11900.0,11300.0,11400.0,1319200,False,2026-05-16/2026-05-22
CSM,2026-05-25,2026-05-29,11400.0,12350.0,11350.0,12200.0,1145000,False,2026-05-23/2026-05-29
CSM,2026-06-01,2026-06-05,12350.0,12600.0,11600.0,12500.0,825500,False,2026-05-30/2026-06-05
CSM,2026-06-08,2026-06-12,12100.0,12450.0,11550.0,11950.0,515300,False,2026-06-06/2026-06-12
CSM,2026-06-15,2026-06-19,11950.0,12150.0,11700.0,11800.0,353100,False,2026-06-13/2026-06-19
CSM,2026-06-22,2026-06-26,11850.0,12950.0,11800.0,12650.0,1696200,False,2026-06-20/2026-06-26
CSM,2026-06-29,2026-07-03,12700.0,13750.0,12150.0,13650.0,2182000,False,2026-06-27/2026-07-03
CSM,2026-07-06,2026-07-10,13650.0,14550.0,13500.0,14350.0,3357300,False,2026-07-04/2026-07-10
CSM,2026-07-13,2026-07-17,14550.0,14550.0,13600.0,13700.0,1470400,False,2026-07-11/2026-07-17
CSM,2026-07-20,2026-07-24,13500.0,14300.0,13050.0,14200.0,3356000,False,2026-07-18/2026-07-24
CSM,2026-07-27,2026-07-31,14150.0,14950.0,14100.0,14600.0,2645500,False,2026-07-25/2026-07-31
CSM,2026-08-03,2026-08-07,14500.0,14700.0,14300.0,14550.0,1027600,False,2026-08-01/2026-08-07
CSM,2026-08-10,2026-08-14,14800.0,14800.0,13500.0,13850.0,854800,False,2026-08-08/2026-08-14
CSM,2026-08-17,2026-08-21,13750.0,14150.0,13650.0,13950.0,376100,False,2026-08-15/2026-08-21
CSM,2026-08-24,2026-08-28,13950.0,14150.0,13300.0,13700.0,631000,False,2026-08-22/2026-08-28
CSM,2026-08-31,2026-09-04,13250.0,13500.0,12900.0,13200.0,330000,False,2026-08-29/2026-09-04
CSM,2026-09-07,2026-09-11,13400.0,13400.0,12200.0,12750.0,399600,False,2026-09-05/2026-09-11
CSM,2026-09-14,2026-09-18,12750.0,13000.0,12100.0,12450.0,239300,False,2026-09-12/2026-09-18
CSM,2026-09-21,2026-09-25,12500.0,13450.0,12400.0,13100.0,383900,False,2026-09-19/2026-09-25
CSM,2026-09-28,2026-10-02,12600.0,13050.0,12.45,12.7,267500,False,2026-09-26/2026-10-02
CSV,2026-03-30,2026-04-03,27300.0,28500.0,26650.0,27550.0,3260200,False,2026-03-28/2026-04-03
CSV,2026-04-06,2026-04-10,27550.0,27850.0,26600.0,27650.0,2939900,False,2026-04-04/2026-04-10
CSV,2026-04-13,2026-04-17,28000.0,29000.0,27250.0,27450.0,3199800,False,2026-04-11/2026-04-17
CSV,2026-04-20,2026-04-24,27700.0,27850.0,26300.0,26300.0,2205100,False,2026-04-18/2026-04-24
CSV,2026-04-27,2026-05-01,26600.0,26600.0,25850.0,25950.0,730300,False,2026-04-25/2026-05-01
CSV,2026-05-04,2026-05-08,26150.0,26500.0,26000.0,26200.0,1215800,False,2026-05-02/2026-05-08
CSV,2026-05-11,2026-05-15,26200.0,26550.0,25500.0,26100.0,1181100,False,2026-05-09/2026-05-15
CSV,2026-05-18,2026-05-22,26100.0,27000.0,25100.0,25800.0,1895400,False,2026-05-16/2026-05-22
CSV,2026-05-25,2026-05-29,25800.0,25900.0,24550.0,24700.0,1206800,False,2026-05-23/2026-05-29
CSV,2026-06-01,2026-06-05,24700.0,25050.0,24100.0,24550.0,776800,False,2026-05-30/2026-06-05
CSV,2026-06-08,2026-06-12,24500.0,24500.0,22350.0,23900.0,741000,False,2026-06-06/2026-06-12
CSV,2026-06-15,2026-06-19,23900.0,25400.0,23800.0,24450.0,1120500,False,2026-06-13/2026-06-19
CSV,2026-06-22,2026-06-26,24500.0,24500.0,23100.0,23400.0,820300,False,2026-06-20/2026-06-26
CSV,2026-06-29,2026-07-03,23150.0,23750.0,23100.0,23100.0,632500,False,2026-06-27/2026-07-03
CSV,2026-07-06,2026-07-10,23100.0,23300.0,22150.0,22600.0,1220900,False,2026-07-04/2026-07-10
CSV,2026-07-13,2026-07-17,22800.0,25100.0,22000.0,23800.0,2935700,False,2026-07-11/2026-07-17
CSV,2026-07-20,2026-07-24,23800.0,24550.0,21050.0,21500.0,2206900,False,2026-07-18/2026-07-24
CSV,2026-07-27,2026-07-31,21400.0,21750.0,19250.0,21200.0,2048400,False,2026-07-25/2026-07-31
CSV,2026-08-03,2026-08-07,21400.0,22600.0,21350.0,22000.0,2110900,False,2026-08-01/2026-08-07
CSV,2026-08-10,2026-08-14,22100.0,22500.0,21450.0,21450.0,1366300,False,2026-08-08/2026-08-14
CSV,2026-08-17,2026-08-21,21450.0,21650.0,20700.0,21650.0,1054700,False,2026-08-15/2026-08-21
CSV,2026-08-24,2026-08-28,21750.0,22000.0,21400.0,21550.0,891900,False,2026-08-22/2026-08-28
CSV,2026-08-31,2026-09-04,21500.0,22450.0,21250.0,22000.0,881700,False,2026-08-29/2026-09-04
CSV,2026-09-07,2026-09-11,22000.0,22050.0,20750.0,20850.0,1354400,False,2026-09-05/2026-09-11
CSV,2026-09-14,2026-09-18,20800.0,21350.0,20050.0,20900.0,989900,False,2026-09-12/2026-09-18
CSV,2026-09-21,2026-09-25,20850.0,21050.0,20200.0,20250.0,706600,False,2026-09-19/2026-09-25
CSV,2026-09-28,2026-10-02,20300.0,20400.0,20.0,20.0,439000,False,2026-09-26/2026-10-02
CTD,2026-03-30,2026-04-03,80090.0,83709.0,75614.0,76186.0,5350100,False,2026-03-28/2026-04-03
CTD,2026-04-06,2026-04-10,76186.0,80947.0,74567.0,78090.0,3146100,False,2026-04-04/2026-04-10
CTD,2026-04-13,2026-04-17,77805.0,80376.0,77614.0,78800.0,2701200,False,2026-04-11/2026-04-17
CTD,2026-04-20,2026-04-24,79300.0,88600.0,79300.0,87200.0,5811200,False,2026-04-18/2026-04-24
CTD,2026-04-27,2026-05-01,87000.0,88600.0,84900.0,86800.0,1839500,False,2026-04-25/2026-05-01
CTD,2026-05-04,2026-05-08,86900.0,90300.0,75000.0,76800.0,9886800,False,2026-05-02/2026-05-08
CTD,2026-05-11,2026-05-15,77500.0,80100.0,73900.0,76600.0,7528600,False,2026-05-09/2026-05-15
CTD,2026-05-18,2026-05-22,76100.0,76100.0,71000.0,73800.0,6852300,False,2026-05-16/2026-05-22
CTD,2026-05-25,2026-05-29,74000.0,74400.0,71000.0,71800.0,3300800,False,2026-05-23/2026-05-29
CTD,2026-06-01,2026-06-05,71200.0,72900.0,69900.0,72700.0,2454900,False,2026-05-30/2026-06-05
CTD,2026-06-08,2026-06-12,71900.0,72000.0,70500.0,70800.0,2109000,False,2026-06-06/2026-06-12
CTD,2026-06-15,2026-06-19,71900.0,73900.0,70800.0,72500.0,2284800,False,2026-06-13/2026-06-19
CTD,2026-06-22,2026-06-26,72500.0,72500.0,69900.0,71600.0,1800500,False,2026-06-20/2026-06-26
CTD,2026-06-29,2026-07-03,71600.0,73800.0,71000.0,72000.0,2771500,False,2026-06-27/2026-07-03
CTD,2026-07-06,2026-07-10,72400.0,72400.0,68000.0,68800.0,3380600,False,2026-07-04/2026-07-10
CTD,2026-07-13,2026-07-17,68300.0,68300.0,63100.0,63500.0,2445700,False,2026-07-11/2026-07-17
CTD,2026-07-20,2026-07-24,63500.0,63500.0,54700.0,55100.0,2447300,False,2026-07-18/2026-07-24
CTD,2026-07-27,2026-07-31,56300.0,61000.0,55000.0,61000.0,2508700,False,2026-07-25/2026-07-31
CTD,2026-08-03,2026-08-07,60600.0,65000.0,60500.0,62100.0,1962800,False,2026-08-01/2026-08-07
CTD,2026-08-10,2026-08-14,62000.0,64200.0,62000.0,62000.0,1254800,False,2026-08-08/2026-08-14
CTD,2026-08-17,2026-08-21,62000.0,62800.0,60800.0,62500.0,1194200,False,2026-08-15/2026-08-21
CTD,2026-08-24,2026-08-28,62800.0,64300.0,62500.0,62800.0,1172500,False,2026-08-22/2026-08-28
CTD,2026-08-31,2026-09-04,62500.0,62500.0,61200.0,61900.0,540300,False,2026-08-29/2026-09-04
CTD,2026-09-07,2026-09-11,61900.0,61900.0,57500.0,58000.0,1334900,False,2026-09-05/2026-09-11
CTD,2026-09-14,2026-09-18,57300.0,59900.0,56800.0,59000.0,833200,False,2026-09-12/2026-09-18
CTD,2026-09-21,2026-09-25,59200.0,59600.0,57500.0,58200.0,905500,False,2026-09-19/2026-09-25
CTD,2026-09-28,2026-10-02,58400.0,60700.0,58.6,58.6,1182900,False,2026-09-26/2026-10-02
CTF,2026-03-30,2026-04-03,18400.0,18700.0,17950.0,18600.0,1689700,False,2026-03-28/2026-04-03
CTF,2026-04-06,2026-04-10,18600.0,18850.0,18150.0,18650.0,1577800,False,2026-04-04/2026-04-10
CTF,2026-04-13,2026-04-17,18700.0,18850.0,18000.0,18450.0,1474900,False,2026-04-11/2026-04-17
CTF,2026-04-20,2026-04-24,18400.0,18650.0,17900.0,18600.0,1511600,False,2026-04-18/2026-04-24
CTF,2026-04-27,2026-05-01,18500.0,18800.0,18000.0,18350.0,765100,False,2026-04-25/2026-05-01
CTF,2026-05-04,2026-05-08,18400.0,18500.0,18050.0,18250.0,1504400,False,2026-05-02/2026-05-08
CTF,2026-05-11,2026-05-15,18300.0,18300.0,17500.0,17900.0,1433100,False,2026-05-09/2026-05-15
CTF,2026-05-18,2026-05-22,18050.0,18150.0,17600.0,18150.0,1469200,False,2026-05-16/2026-05-22
CTF,2026-05-25,2026-05-29,18150.0,18250.0,17850.0,17950.0,1364300,False,2026-05-23/2026-05-29
CTF,2026-06-01,2026-06-05,17900.0,18000.0,17550.0,17850.0,1405000,False,2026-05-30/2026-06-05
CTF,2026-06-08,2026-06-12,17950.0,18100.0,17300.0,17700.0,1332700,False,2026-06-06/2026-06-12
CTF,2026-06-15,2026-06-19,17800.0,17800.0,17200.0,17500.0,1347400,False,2026-06-13/2026-06-19
CTF,2026-06-22,2026-06-26,17650.0,17650.0,16050.0,17150.0,1341600,False,2026-06-20/2026-06-26
CTF,2026-06-29,2026-07-03,17200.0,17500.0,16500.0,16500.0,1360800,False,2026-06-27/2026-07-03
CTF,2026-07-06,2026-07-10,16500.0,17500.0,16350.0,17050.0,1731900,False,2026-07-04/2026-07-10
CTF,2026-07-13,2026-07-17,17050.0,17400.0,16050.0,17050.0,1664100,False,2026-07-11/2026-07-17
CTF,2026-07-20,2026-07-24,16950.0,17200.0,16450.0,17150.0,1484700,False,2026-07-18/2026-07-24
CTF,2026-07-27,2026-07-31,17350.0,18050.0,16750.0,18000.0,1756400,False,2026-07-25/2026-07-31
CTF,2026-08-03,2026-08-07,18500.0,19800.0,17700.0,19800.0,1910200,False,2026-08-01/2026-08-07
CTF,2026-08-10,2026-08-14,20200.0,21000.0,19850.0,20700.0,1690600,False,2026-08-08/2026-08-14
CTF,2026-08-17,2026-08-21,20700.0,21200.0,20150.0,21150.0,1707400,False,2026-08-15/2026-08-21
CTF,2026-08-24,2026-08-28,21300.0,21300.0,19200.0,20300.0,1549900,False,2026-08-22/2026-08-28
CTF,2026-08-31,2026-09-04,20100.0,20800.0,19600.0,20450.0,644500,False,2026-08-29/2026-09-04
CTF,2026-09-07,2026-09-11,20700.0,21300.0,20600.0,21250.0,1545100,False,2026-09-05/2026-09-11
CTF,2026-09-14,2026-09-18,21400.0,21400.0,20400.0,21100.0,1486100,False,2026-09-12/2026-09-18
CTF,2026-09-21,2026-09-25,20850.0,20950.0,18050.0,19200.0,1218900,False,2026-09-19/2026-09-25
CTF,2026-09-28,2026-10-02,18950.0,19350.0,17.1,18.2,677900,False,2026-09-26/2026-10-02
CTG,2026-03-30,2026-04-03,33583.0,34765.0,33288.0,33288.0,36592000,False,2026-03-28/2026-04-03
CTG,2026-04-06,2026-04-10,33239.0,35258.0,32992.0,34470.0,38702200,False,2026-04-04/2026-04-10
CTG,2026-04-13,2026-04-17,34273.0,34765.0,33977.0,34322.0,24905600,False,2026-04-11/2026-04-17
CTG,2026-04-20,2026-04-24,34420.0,36242.0,34273.0,34470.0,42904000,False,2026-04-18/2026-04-24
CTG,2026-04-27,2026-05-01,34765.0,34814.0,34174.0,34420.0,13593900,False,2026-04-25/2026-05-01
CTG,2026-05-04,2026-05-08,34864.0,36144.0,34322.0,35651.0,53132800,False,2026-05-02/2026-05-08
CTG,2026-05-11,2026-05-15,35750.0,35750.0,34470.0,35258.0,45063500,False,2026-05-09/2026-05-15
CTG,2026-05-18,2026-05-22,35061.0,36242.0,33780.0,34273.0,65287800,False,2026-05-16/2026-05-22
CTG,2026-05-25,2026-05-29,34617.0,34962.0,34174.0,34273.0,32197400,False,2026-05-23/2026-05-29
CTG,2026-06-01,2026-06-05,34519.0,34519.0,33189.0,33386.0,37529900,False,2026-05-30/2026-06-05
CTG,2026-06-08,2026-06-12,32845.0,33288.0,32746.0,32894.0,26782600,False,2026-06-06/2026-06-12
CTG,2026-06-15,2026-06-19,33239.0,33928.0,33042.0,33239.0,31671800,False,2026-06-13/2026-06-19
CTG,2026-06-22,2026-06-26,33386.0,33977.0,32894.0,33091.0,32667900,False,2026-06-20/2026-06-26
CTG,2026-06-29,2026-07-03,33140.0,34125.0,33140.0,33633.0,35327800,False,2026-06-27/2026-07-03
CTG,2026-07-06,2026-07-10,33879.0,34223.0,33140.0,33189.0,34955300,False,2026-07-04/2026-07-10
CTG,2026-07-13,2026-07-17,33189.0,33189.0,30973.0,31515.0,49124200,False,2026-07-11/2026-07-17
CTG,2026-07-20,2026-07-24,31417.0,31417.0,28400.0,29000.0,51820600,False,2026-07-18/2026-07-24
CTG,2026-07-27,2026-07-31,29300.0,32000.0,28400.0,30800.0,46980700,False,2026-07-25/2026-07-31
CTG,2026-08-03,2026-08-07,31200.0,33000.0,31050.0,32500.0,48957000,False,2026-08-01/2026-08-07
CTG,2026-08-10,2026-08-14,32800.0,32950.0,31350.0,31450.0,36572500,False,2026-08-08/2026-08-14
CTG,2026-08-17,2026-08-21,31450.0,32250.0,30900.0,32150.0,23635000,False,2026-08-15/2026-08-21
CTG,2026-08-24,2026-08-28,32250.0,32350.0,31150.0,31950.0,41363200,False,2026-08-22/2026-08-28
CTG,2026-08-31,2026-09-04,31750.0,31800.0,31350.0,31400.0,10512600,False,2026-08-29/2026-09-04
CTG,2026-09-07,2026-09-11,31500.0,31550.0,29900.0,29950.0,37851500,False,2026-09-05/2026-09-11
CTG,2026-09-14,2026-09-18,30000.0,31700.0,29700.0,30250.0,46050300,False,2026-09-12/2026-09-18
CTG,2026-09-21,2026-09-25,30750.0,31100.0,30000.0,30150.0,32241100,False,2026-09-19/2026-09-25
CTG,2026-09-28,2026-10-02,30200.0,30300.0,29.9,30.0,24628100,False,2026-09-26/2026-10-02
CTI,2026-03-30,2026-04-03,20524.0,21069.0,20342.0,20478.0,1701800,False,2026-03-28/2026-04-03
CTI,2026-04-06,2026-04-10,20887.0,21523.0,20342.0,20751.0,4074300,False,2026-04-04/2026-04-10
CTI,2026-04-13,2026-04-17,20706.0,21069.0,20206.0,20297.0,2704600,False,2026-04-11/2026-04-17
CTI,2026-04-20,2026-04-24,20297.0,20433.0,19616.0,19979.0,2931900,False,2026-04-18/2026-04-24
CTI,2026-04-27,2026-05-01,19888.0,19979.0,19207.0,19525.0,1034600,False,2026-04-25/2026-05-01
CTI,2026-05-04,2026-05-08,19525.0,19934.0,19252.0,19707.0,1127200,False,2026-05-02/2026-05-08
CTI,2026-05-11,2026-05-15,19752.0,19934.0,18980.0,19480.0,1454800,False,2026-05-09/2026-05-15
CTI,2026-05-18,2026-05-22,19343.0,19480.0,18344.0,18708.0,1571600,False,2026-05-16/2026-05-22
CTI,2026-05-25,2026-05-29,18662.0,18753.0,18163.0,18163.0,1570500,False,2026-05-23/2026-05-29
CTI,2026-06-01,2026-06-05,18163.0,18481.0,18026.0,18254.0,739600,False,2026-05-30/2026-06-05
CTI,2026-06-08,2026-06-12,18072.0,18526.0,17754.0,18163.0,1284800,False,2026-06-06/2026-06-12
CTI,2026-06-15,2026-06-19,18208.0,18980.0,18208.0,18390.0,1171900,False,2026-06-13/2026-06-19
CTI,2026-06-22,2026-06-26,18435.0,18571.0,17890.0,18208.0,1006600,False,2026-06-20/2026-06-26
CTI,2026-06-29,2026-07-03,18208.0,18617.0,18072.0,18163.0,833000,False,2026-06-27/2026-07-03
CTI,2026-07-06,2026-07-10,18117.0,18254.0,17164.0,18026.0,2367300,False,2026-07-04/2026-07-10
CTI,2026-07-13,2026-07-17,17845.0,18026.0,17073.0,17527.0,1132500,False,2026-07-11/2026-07-17
CTI,2026-07-20,2026-07-24,17255.0,17300.0,16528.0,16664.0,859100,False,2026-07-18/2026-07-24
CTI,2026-07-27,2026-07-31,16619.0,17845.0,16346.0,17255.0,1109300,False,2026-07-25/2026-07-31
CTI,2026-08-03,2026-08-07,17345.0,17754.0,17164.0,17618.0,678800,False,2026-08-01/2026-08-07
CTI,2026-08-10,2026-08-14,17482.0,18072.0,17209.0,17300.0,1295300,False,2026-08-08/2026-08-14
CTI,2026-08-17,2026-08-21,17400.0,17750.0,16600.0,17100.0,1209400,False,2026-08-15/2026-08-21
CTI,2026-08-24,2026-08-28,17200.0,17200.0,16900.0,17000.0,991500,False,2026-08-22/2026-08-28
CTI,2026-08-31,2026-09-04,17000.0,17100.0,16850.0,16900.0,335700,False,2026-08-29/2026-09-04
CTI,2026-09-07,2026-09-11,16950.0,16950.0,15900.0,16100.0,927900,False,2026-09-05/2026-09-11
CTI,2026-09-14,2026-09-18,15850.0,16100.0,15150.0,15650.0,1544100,False,2026-09-12/2026-09-18
CTI,2026-09-21,2026-09-25,15800.0,15800.0,15350.0,15600.0,1071700,False,2026-09-19/2026-09-25
CTI,2026-09-28,2026-10-02,15400.0,15450.0,15.25,15.45,582200,False,2026-09-26/2026-10-02
CTR,2026-03-30,2026-04-03,74561.0,77281.0,72719.0,74474.0,2103600,False,2026-03-28/2026-04-03
CTR,2026-04-06,2026-04-10,73947.0,76754.0,72632.0,75088.0,1038700,False,2026-04-04/2026-04-10
CTR,2026-04-13,2026-04-17,75088.0,77105.0,74474.0,76491.0,1436500,False,2026-04-11/2026-04-17
CTR,2026-04-20,2026-04-24,76491.0,78158.0,73246.0,76491.0,1994100,False,2026-04-18/2026-04-24
CTR,2026-04-27,2026-05-01,76491.0,76579.0,74561.0,75351.0,468900,False,2026-04-25/2026-05-01
CTR,2026-05-04,2026-05-08,74912.0,75789.0,71579.0,73158.0,1010100,False,2026-05-02/2026-05-08
CTR,2026-05-11,2026-05-15,72456.0,75877.0,71930.0,74474.0,1286700,False,2026-05-09/2026-05-15
CTR,2026-05-18,2026-05-22,73684.0,83684.0,73509.0,81579.0,5325700,False,2026-05-16/2026-05-22
CTR,2026-05-25,2026-05-29,81316.0,81404.0,76667.0,77632.0,2830400,False,2026-05-23/2026-05-29
CTR,2026-06-01,2026-06-05,77193.0,81053.0,75965.0,80263.0,1985600,False,2026-05-30/2026-06-05
CTR,2026-06-08,2026-06-12,78860.0,78947.0,75000.0,77018.0,1208400,False,2026-06-06/2026-06-12
CTR,2026-06-15,2026-06-19,77544.0,78070.0,73684.0,73684.0,2504000,False,2026-06-13/2026-06-19
CTR,2026-06-22,2026-06-26,73684.0,75965.0,71930.0,74123.0,1274900,False,2026-06-20/2026-06-26
CTR,2026-06-29,2026-07-03,74123.0,75877.0,73509.0,75263.0,731300,False,2026-06-27/2026-07-03
CTR,2026-07-06,2026-07-10,75439.0,75614.0,72456.0,74000.0,1161900,False,2026-07-04/2026-07-10
CTR,2026-07-13,2026-07-17,74000.0,74000.0,67200.0,69500.0,1170500,False,2026-07-11/2026-07-17
CTR,2026-07-20,2026-07-24,69300.0,71000.0,65500.0,69900.0,1447700,False,2026-07-18/2026-07-24
CTR,2026-07-27,2026-07-31,68600.0,72900.0,66000.0,71900.0,1289100,False,2026-07-25/2026-07-31
CTR,2026-08-03,2026-08-07,71900.0,77500.0,71600.0,77000.0,2338400,False,2026-08-01/2026-08-07
CTR,2026-08-10,2026-08-14,77200.0,77500.0,74500.0,76000.0,1340100,False,2026-08-08/2026-08-14
CTR,2026-08-17,2026-08-21,75900.0,78900.0,75100.0,77000.0,1592300,False,2026-08-15/2026-08-21
CTR,2026-08-24,2026-08-28,77900.0,77900.0,75300.0,77000.0,1352200,False,2026-08-22/2026-08-28
CTR,2026-08-31,2026-09-04,76600.0,76600.0,75200.0,75600.0,304800,False,2026-08-29/2026-09-04
CTR,2026-09-07,2026-09-11,75600.0,75900.0,72600.0,74000.0,964000,False,2026-09-05/2026-09-11
CTR,2026-09-14,2026-09-18,72600.0,74000.0,72000.0,73000.0,730100,False,2026-09-12/2026-09-18
CTR,2026-09-21,2026-09-25,73000.0,75500.0,71300.0,72700.0,1199800,False,2026-09-19/2026-09-25
CTR,2026-09-28,2026-10-02,73300.0,73300.0,70.2,71.6,873200,False,2026-09-26/2026-10-02
CTS,2026-03-30,2026-04-03,20724.0,22288.0,20333.0,21272.0,5135200,False,2026-03-28/2026-04-03
CTS,2026-04-06,2026-04-10,21233.0,22875.0,20920.0,21624.0,4588000,False,2026-04-04/2026-04-10
CTS,2026-04-13,2026-04-17,21506.0,22288.0,21194.0,21272.0,3218200,False,2026-04-11/2026-04-17
CTS,2026-04-20,2026-04-24,21389.0,21702.0,20490.0,20646.0,2593400,False,2026-04-18/2026-04-24
CTS,2026-04-27,2026-05-01,20685.0,20803.0,20138.0,20412.0,764400,False,2026-04-25/2026-05-01
CTS,2026-05-04,2026-05-08,20685.0,21467.0,20412.0,20998.0,2472400,False,2026-05-02/2026-05-08
CTS,2026-05-11,2026-05-15,20920.0,22328.0,20881.0,21937.0,4474500,False,2026-05-09/2026-05-15
CTS,2026-05-18,2026-05-22,21819.0,22679.0,20412.0,22015.0,5340500,False,2026-05-16/2026-05-22
CTS,2026-05-25,2026-05-29,22288.0,22523.0,21350.0,21350.0,3708200,False,2026-05-23/2026-05-29
CTS,2026-06-01,2026-06-05,21389.0,22093.0,20803.0,21506.0,2459400,False,2026-05-30/2026-06-05
CTS,2026-06-08,2026-06-12,21272.0,22000.0,20763.0,21450.0,3514900,False,2026-06-06/2026-06-12
CTS,2026-06-15,2026-06-19,21800.0,26750.0,21750.0,25900.0,14226200,False,2026-06-13/2026-06-19
CTS,2026-06-22,2026-06-26,26500.0,27200.0,24650.0,24900.0,11531900,False,2026-06-20/2026-06-26
CTS,2026-06-29,2026-07-03,24900.0,29050.0,24800.0,28200.0,14280800,False,2026-06-27/2026-07-03
CTS,2026-07-06,2026-07-10,28100.0,29400.0,26250.0,27900.0,14997200,False,2026-07-04/2026-07-10
CTS,2026-07-13,2026-07-17,27400.0,27950.0,25500.0,26100.0,13334800,False,2026-07-11/2026-07-17
CTS,2026-07-20,2026-07-24,24400.0,25100.0,21500.0,21500.0,15413500,False,2026-07-18/2026-07-24
CTS,2026-07-27,2026-07-31,21600.0,22400.0,19500.0,21850.0,11595200,False,2026-07-25/2026-07-31
CTS,2026-08-03,2026-08-07,22350.0,23000.0,21650.0,21750.0,8373200,False,2026-08-01/2026-08-07
CTS,2026-08-10,2026-08-14,21900.0,23850.0,21900.0,22400.0,10868400,False,2026-08-08/2026-08-14
CTS,2026-08-17,2026-08-21,22400.0,23300.0,21650.0,23300.0,6173000,False,2026-08-15/2026-08-21
CTS,2026-08-24,2026-08-28,23700.0,24000.0,22750.0,23300.0,9229500,False,2026-08-22/2026-08-28
CTS,2026-08-31,2026-09-04,23100.0,23950.0,22850.0,23100.0,3506200,False,2026-08-29/2026-09-04
CTS,2026-09-07,2026-09-11,23300.0,23300.0,21500.0,21500.0,7158200,False,2026-09-05/2026-09-11
CTS,2026-09-14,2026-09-18,21400.0,22650.0,20800.0,21950.0,6555200,False,2026-09-12/2026-09-18
CTS,2026-09-21,2026-09-25,22150.0,22250.0,21150.0,21200.0,3918200,False,2026-09-19/2026-09-25
CTS,2026-09-28,2026-10-02,21050.0,21200.0,20.4,20.4,2564000,False,2026-09-26/2026-10-02
DAH,2026-03-30,2026-04-03,3000.0,3050.0,2960.0,3000.0,93300,False,2026-03-28/2026-04-03
DAH,2026-04-06,2026-04-10,2980.0,3320.0,2950.0,3190.0,300000,False,2026-04-04/2026-04-10
DAH,2026-04-13,2026-04-17,3210.0,3230.0,2830.0,2960.0,268700,False,2026-04-11/2026-04-17
DAH,2026-04-20,2026-04-24,2970.0,2970.0,2780.0,2790.0,669400,False,2026-04-18/2026-04-24
DAH,2026-04-27,2026-05-01,2790.0,2830.0,2710.0,2710.0,230900,False,2026-04-25/2026-05-01
DAH,2026-05-04,2026-05-08,2710.0,2890.0,2700.0,2730.0,362500,False,2026-05-02/2026-05-08
DAH,2026-05-11,2026-05-15,2730.0,2770.0,2590.0,2630.0,394800,False,2026-05-09/2026-05-15
DAH,2026-05-18,2026-05-22,2630.0,2750.0,2480.0,2600.0,429800,False,2026-05-16/2026-05-22
DAH,2026-05-25,2026-05-29,2550.0,2900.0,2550.0,2880.0,325900,False,2026-05-23/2026-05-29
DAH,2026-06-01,2026-06-05,2880.0,3420.0,2810.0,3370.0,1250900,False,2026-05-30/2026-06-05
DAH,2026-06-08,2026-06-12,3320.0,3680.0,3320.0,3490.0,1032100,False,2026-06-06/2026-06-12
DAH,2026-06-15,2026-06-19,3460.0,3720.0,3370.0,3450.0,734200,False,2026-06-13/2026-06-19
DAH,2026-06-22,2026-06-26,3550.0,3680.0,3200.0,3210.0,505600,False,2026-06-20/2026-06-26
DAH,2026-06-29,2026-07-03,3210.0,3210.0,3050.0,3150.0,320800,False,2026-06-27/2026-07-03
DAH,2026-07-06,2026-07-10,3100.0,3210.0,2900.0,2930.0,453300,False,2026-07-04/2026-07-10
DAH,2026-07-13,2026-07-17,2910.0,2950.0,2700.0,2720.0,282400,False,2026-07-11/2026-07-17
DAH,2026-07-20,2026-07-24,2730.0,2750.0,2480.0,2480.0,345000,False,2026-07-18/2026-07-24
DAH,2026-07-27,2026-07-31,2550.0,2590.0,2390.0,2410.0,262100,False,2026-07-25/2026-07-31
DAH,2026-08-03,2026-08-07,2480.0,2650.0,2400.0,2430.0,394700,False,2026-08-01/2026-08-07
DAH,2026-08-10,2026-08-14,2470.0,2580.0,2370.0,2410.0,547400,False,2026-08-08/2026-08-14
DAH,2026-08-17,2026-08-21,2430.0,2470.0,2310.0,2400.0,192900,False,2026-08-15/2026-08-21
DAH,2026-08-24,2026-08-28,2400.0,2400.0,2200.0,2280.0,286100,False,2026-08-22/2026-08-28
DAH,2026-08-31,2026-09-04,2280.0,2410.0,2230.0,2390.0,176200,False,2026-08-29/2026-09-04
DAH,2026-09-07,2026-09-11,2370.0,2390.0,2220.0,2240.0,745100,False,2026-09-05/2026-09-11
DAH,2026-09-14,2026-09-18,2270.0,2280.0,2130.0,2150.0,269900,False,2026-09-12/2026-09-18
DAH,2026-09-21,2026-09-25,2150.0,2210.0,2070.0,2070.0,199100,False,2026-09-19/2026-09-25
DAH,2026-09-28,2026-10-02,2070.0,2170.0,2.19,2.26,638000,False,2026-09-26/2026-10-02
DBC,2026-03-30,2026-04-03,20011.0,20849.0,20011.0,20099.0,11138700,False,2026-03-28/2026-04-03
DBC,2026-04-06,2026-04-10,20011.0,20672.0,19659.0,20496.0,11516600,False,2026-04-04/2026-04-10
DBC,2026-04-13,2026-04-17,20276.0,21422.0,20187.0,20540.0,16755100,False,2026-04-11/2026-04-17
DBC,2026-04-20,2026-04-24,20540.0,20672.0,20055.0,20143.0,9539200,False,2026-04-18/2026-04-24
DBC,2026-04-27,2026-05-01,20143.0,20232.0,19482.0,19923.0,3920000,False,2026-04-25/2026-05-01
DBC,2026-05-04,2026-05-08,20099.0,20320.0,19791.0,19835.0,8515600,False,2026-05-02/2026-05-08
DBC,2026-05-11,2026-05-15,20011.0,20187.0,19747.0,19879.0,7340200,False,2026-05-09/2026-05-15
DBC,2026-05-18,2026-05-22,19747.0,19835.0,18733.0,19130.0,9959500,False,2026-05-16/2026-05-22
DBC,2026-05-25,2026-05-29,19350.0,19614.0,18953.0,18953.0,6591800,False,2026-05-23/2026-05-29
DBC,2026-06-01,2026-06-05,19041.0,19659.0,18997.0,19300.0,8855100,False,2026-05-30/2026-06-05
DBC,2026-06-08,2026-06-12,19700.0,19700.0,18400.0,18500.0,7289000,False,2026-06-06/2026-06-12
DBC,2026-06-15,2026-06-19,18600.0,19300.0,18550.0,18900.0,5598200,False,2026-06-13/2026-06-19
DBC,2026-06-22,2026-06-26,18800.0,18950.0,18500.0,18500.0,4115100,False,2026-06-20/2026-06-26
DBC,2026-06-29,2026-07-03,18600.0,18700.0,18500.0,18500.0,4310300,False,2026-06-27/2026-07-03
DBC,2026-07-06,2026-07-10,18500.0,18550.0,17350.0,17350.0,9524900,False,2026-07-04/2026-07-10
DBC,2026-07-13,2026-07-17,17350.0,17850.0,16800.0,17450.0,10557200,False,2026-07-11/2026-07-17
DBC,2026-07-20,2026-07-24,16300.0,17200.0,15450.0,16100.0,14333000,False,2026-07-18/2026-07-24
DBC,2026-07-27,2026-07-31,16000.0,16650.0,15500.0,16300.0,9240900,False,2026-07-25/2026-07-31
DBC,2026-08-03,2026-08-07,16000.0,17100.0,15950.0,16650.0,9237300,False,2026-08-01/2026-08-07
DBC,2026-08-10,2026-08-14,16650.0,16950.0,16250.0,16250.0,5716800,False,2026-08-08/2026-08-14
DBC,2026-08-17,2026-08-21,16250.0,16500.0,15850.0,16450.0,4513700,False,2026-08-15/2026-08-21
DBC,2026-08-24,2026-08-28,16800.0,17750.0,16500.0,17400.0,15082300,False,2026-08-22/2026-08-28
DBC,2026-08-31,2026-09-04,17150.0,17300.0,16800.0,16800.0,4300600,False,2026-08-29/2026-09-04
DBC,2026-09-07,2026-09-11,17000.0,17000.0,16000.0,16000.0,6048600,False,2026-09-05/2026-09-11
DBC,2026-09-14,2026-09-18,16050.0,16250.0,15550.0,16050.0,5278500,False,2026-09-12/2026-09-18
DBC,2026-09-21,2026-09-25,16200.0,16200.0,15600.0,15700.0,3945000,False,2026-09-19/2026-09-25
DBC,2026-09-28,2026-10-02,15550.0,15750.0,15.3,15.3,2273800,False,2026-09-26/2026-10-02
DC4,2026-03-30,2026-04-03,8324.0,8342.0,8161.0,8224.0,514900,False,2026-03-28/2026-04-03
DC4,2026-04-06,2026-04-10,8224.0,8433.0,8024.0,8288.0,1511600,False,2026-04-04/2026-04-10
DC4,2026-04-13,2026-04-17,8270.0,8351.0,8097.0,8215.0,790700,False,2026-04-11/2026-04-17
DC4,2026-04-20,2026-04-24,8215.0,8270.0,8052.0,8088.0,731300,False,2026-04-18/2026-04-24
DC4,2026-04-27,2026-05-01,8088.0,8106.0,7979.0,8042.0,350500,False,2026-04-25/2026-05-01
DC4,2026-05-04,2026-05-08,8179.0,8233.0,7952.0,7979.0,824100,False,2026-05-02/2026-05-08
DC4,2026-05-11,2026-05-15,7988.0,7997.0,7752.0,7870.0,1172000,False,2026-05-09/2026-05-15
DC4,2026-05-18,2026-05-22,7870.0,7943.0,7370.0,7688.0,651000,False,2026-05-16/2026-05-22
DC4,2026-05-25,2026-05-29,7688.0,7715.0,7406.0,7406.0,543100,False,2026-05-23/2026-05-29
DC4,2026-06-01,2026-06-05,7334.0,7543.0,7297.0,7461.0,727600,False,2026-05-30/2026-06-05
DC4,2026-06-08,2026-06-12,7479.0,7540.0,7361.0,7450.0,544400,False,2026-06-06/2026-06-12
DC4,2026-06-15,2026-06-19,7500.0,7530.0,7420.0,7460.0,414600,False,2026-06-13/2026-06-19
DC4,2026-06-22,2026-06-26,7420.0,7490.0,7100.0,7120.0,396400,False,2026-06-20/2026-06-26
DC4,2026-06-29,2026-07-03,7120.0,7280.0,7050.0,7170.0,410700,False,2026-06-27/2026-07-03
DC4,2026-07-06,2026-07-10,7170.0,7290.0,6950.0,7110.0,510400,False,2026-07-04/2026-07-10
DC4,2026-07-13,2026-07-17,7100.0,7100.0,6850.0,6960.0,447200,False,2026-07-11/2026-07-17
DC4,2026-07-20,2026-07-24,6950.0,6950.0,6100.0,6480.0,568900,False,2026-07-18/2026-07-24
DC4,2026-07-27,2026-07-31,6480.0,6660.0,6100.0,6560.0,761600,False,2026-07-25/2026-07-31
DC4,2026-08-03,2026-08-07,6560.0,6710.0,6550.0,6670.0,514100,False,2026-08-01/2026-08-07
DC4,2026-08-10,2026-08-14,6670.0,7060.0,6650.0,6830.0,747700,False,2026-08-08/2026-08-14
DC4,2026-08-17,2026-08-21,6870.0,6870.0,6680.0,6820.0,296100,False,2026-08-15/2026-08-21
DC4,2026-08-24,2026-08-28,6810.0,7150.0,6800.0,6810.0,578300,False,2026-08-22/2026-08-28
DC4,2026-08-31,2026-09-04,6860.0,6860.0,6710.0,6710.0,160500,False,2026-08-29/2026-09-04
DC4,2026-09-07,2026-09-11,6710.0,6740.0,6450.0,6540.0,260000,False,2026-09-05/2026-09-11
DC4,2026-09-14,2026-09-18,6500.0,6600.0,6410.0,6490.0,400600,False,2026-09-12/2026-09-18
DC4,2026-09-21,2026-09-25,6510.0,6560.0,6260.0,6310.0,1027500,False,2026-09-19/2026-09-25
DC4,2026-09-28,2026-10-02,6310.0,6350.0,6.18,6.21,689000,False,2026-09-26/2026-10-02
DCL,2026-03-30,2026-04-03,56600.0,62800.0,55300.0,56700.0,3422700,False,2026-03-28/2026-04-03
DCL,2026-04-06,2026-04-10,52800.0,52800.0,41850.0,41850.0,4904800,False,2026-04-04/2026-04-10
DCL,2026-04-13,2026-04-17,38950.0,44750.0,34550.0,36900.0,6956200,False,2026-04-11/2026-04-17
DCL,2026-04-20,2026-04-24,36700.0,37950.0,35300.0,37300.0,3560600,False,2026-04-18/2026-04-24
DCL,2026-04-27,2026-05-01,37100.0,37600.0,36600.0,37300.0,1036300,False,2026-04-25/2026-05-01
DCL,2026-05-04,2026-05-08,37300.0,39000.0,37000.0,38100.0,4954000,False,2026-05-02/2026-05-08
DCL,2026-05-11,2026-05-15,38100.0,38700.0,37300.0,38400.0,5732500,False,2026-05-09/2026-05-15
DCL,2026-05-18,2026-05-22,38100.0,39150.0,37500.0,39000.0,6271400,False,2026-05-16/2026-05-22
DCL,2026-05-25,2026-05-29,39000.0,39300.0,37100.0,37700.0,5634600,False,2026-05-23/2026-05-29
DCL,2026-06-01,2026-06-05,37700.0,38200.0,37300.0,37550.0,2838500,False,2026-05-30/2026-06-05
DCL,2026-06-08,2026-06-12,37500.0,38300.0,36100.0,37700.0,1718800,False,2026-06-06/2026-06-12
DCL,2026-06-15,2026-06-19,37700.0,38300.0,35100.0,37400.0,1869900,False,2026-06-13/2026-06-19
DCL,2026-06-22,2026-06-26,37400.0,38000.0,37000.0,37800.0,2531000,False,2026-06-20/2026-06-26
DCL,2026-06-29,2026-07-03,37800.0,38500.0,37600.0,38350.0,2384600,False,2026-06-27/2026-07-03
DCL,2026-07-06,2026-07-10,38300.0,38500.0,37300.0,37900.0,4832500,False,2026-07-04/2026-07-10
DCL,2026-07-13,2026-07-17,37800.0,38500.0,37200.0,38300.0,3017600,False,2026-07-11/2026-07-17
DCL,2026-07-20,2026-07-24,38100.0,38300.0,37900.0,38050.0,2861900,False,2026-07-18/2026-07-24
DCL,2026-07-27,2026-07-31,38000.0,38450.0,37600.0,38450.0,2231700,False,2026-07-25/2026-07-31
DCL,2026-08-03,2026-08-07,38400.0,44800.0,38100.0,39200.0,7712900,False,2026-08-01/2026-08-07
DCL,2026-08-10,2026-08-14,39200.0,40400.0,37600.0,38200.0,3292100,False,2026-08-08/2026-08-14
DCL,2026-08-17,2026-08-21,38000.0,39300.0,36900.0,38500.0,3987200,False,2026-08-15/2026-08-21
DCL,2026-08-24,2026-08-28,38600.0,39100.0,38000.0,38500.0,4173400,False,2026-08-22/2026-08-28
DCL,2026-08-31,2026-09-04,38500.0,38900.0,38400.0,38600.0,1208600,False,2026-08-29/2026-09-04
DCL,2026-09-07,2026-09-11,38600.0,39700.0,37000.0,38350.0,3765200,False,2026-09-05/2026-09-11
DCL,2026-09-14,2026-09-18,38350.0,43350.0,36300.0,40500.0,11939700,False,2026-09-12/2026-09-18
DCL,2026-09-21,2026-09-25,40550.0,46650.0,40500.0,46450.0,13004300,False,2026-09-19/2026-09-25
DCL,2026-09-28,2026-10-02,46700.0,46900.0,43.5,43.5,3223500,False,2026-09-26/2026-10-02
DCM,2026-03-30,2026-04-03,46515.0,47177.0,41788.0,41930.0,25055600,False,2026-03-28/2026-04-03
DCM,2026-04-06,2026-04-10,41930.0,44908.0,40653.0,44010.0,19082500,False,2026-04-04/2026-04-10
DCM,2026-04-13,2026-04-17,44530.0,45381.0,41788.0,42923.0,19515600,False,2026-04-11/2026-04-17
DCM,2026-04-20,2026-04-24,42970.0,43584.0,39330.0,39377.0,19190600,False,2026-04-18/2026-04-24
DCM,2026-04-27,2026-05-01,39472.0,40606.0,38101.0,40370.0,7257700,False,2026-04-25/2026-05-01
DCM,2026-05-04,2026-05-08,39897.0,41126.0,37864.0,38006.0,15299800,False,2026-05-02/2026-05-08
DCM,2026-05-11,2026-05-15,38148.0,42450.0,38006.0,41363.0,19347100,False,2026-05-09/2026-05-15
DCM,2026-05-18,2026-05-22,41363.0,43159.0,37864.0,39330.0,17703700,False,2026-05-16/2026-05-22
DCM,2026-05-25,2026-05-29,38763.0,39235.0,37250.0,37628.0,9980800,False,2026-05-23/2026-05-29
DCM,2026-06-01,2026-06-05,37628.0,37864.0,36494.0,36588.0,8469500,False,2026-05-30/2026-06-05
DCM,2026-06-08,2026-06-12,36305.0,36588.0,35075.0,36115.0,8609100,False,2026-06-06/2026-06-12
DCM,2026-06-15,2026-06-19,36163.0,36210.0,34083.0,34603.0,17248800,False,2026-06-13/2026-06-19
DCM,2026-06-22,2026-06-26,34650.0,35217.0,32759.0,32854.0,11806400,False,2026-06-20/2026-06-26
DCM,2026-06-29,2026-07-03,33279.0,33846.0,33090.0,33421.0,7997100,False,2026-06-27/2026-07-03
DCM,2026-07-06,2026-07-10,33610.0,34839.0,32286.0,32800.0,15299500,False,2026-07-04/2026-07-10
DCM,2026-07-13,2026-07-17,32950.0,33900.0,31500.0,31700.0,9256100,False,2026-07-11/2026-07-17
DCM,2026-07-20,2026-07-24,32050.0,32200.0,28500.0,29550.0,12349200,False,2026-07-18/2026-07-24
DCM,2026-07-27,2026-07-31,29550.0,31600.0,28700.0,30700.0,8488200,False,2026-07-25/2026-07-31
DCM,2026-08-03,2026-08-07,30700.0,32000.0,30550.0,31600.0,11390600,False,2026-08-01/2026-08-07
DCM,2026-08-10,2026-08-14,32200.0,32400.0,30350.0,30500.0,10800000,False,2026-08-08/2026-08-14
DCM,2026-08-17,2026-08-21,30500.0,31700.0,30250.0,31400.0,11052200,False,2026-08-15/2026-08-21
DCM,2026-08-24,2026-08-28,31750.0,32200.0,30750.0,30850.0,11999200,False,2026-08-22/2026-08-28
DCM,2026-08-31,2026-09-04,31250.0,32800.0,31200.0,32550.0,11415000,False,2026-08-29/2026-09-04
DCM,2026-09-07,2026-09-11,32600.0,33300.0,31700.0,32500.0,18938900,False,2026-09-05/2026-09-11
DCM,2026-09-14,2026-09-18,32600.0,34250.0,31900.0,33050.0,17456700,False,2026-09-12/2026-09-18
DCM,2026-09-21,2026-09-25,33100.0,34900.0,32850.0,34300.0,16337600,False,2026-09-19/2026-09-25
DCM,2026-09-28,2026-10-02,34550.0,35400.0,33.45,33.5,10059100,False,2026-09-26/2026-10-02
DGC,2026-03-30,2026-04-03,42190.0,47578.0,39993.0,46832.0,25066700,False,2026-03-28/2026-04-03
DGC,2026-04-06,2026-04-10,46666.0,46666.0,42853.0,44759.0,19367500,False,2026-04-04/2026-04-10
DGC,2026-04-13,2026-04-17,44013.0,47495.0,44013.0,45174.0,13398100,False,2026-04-11/2026-04-17
DGC,2026-04-20,2026-04-24,44594.0,46832.0,43516.0,44179.0,13678900,False,2026-04-18/2026-04-24
DGC,2026-04-27,2026-05-01,44179.0,44759.0,43267.0,44428.0,3630900,False,2026-04-25/2026-05-01
DGC,2026-05-04,2026-05-08,44511.0,46583.0,43267.0,43267.0,16593400,False,2026-05-02/2026-05-08
DGC,2026-05-11,2026-05-15,43682.0,43682.0,39123.0,42687.0,19775900,False,2026-05-09/2026-05-15
DGC,2026-05-18,2026-05-22,42273.0,43019.0,38957.0,40201.0,12536700,False,2026-05-16/2026-05-22
DGC,2026-05-25,2026-05-29,40283.0,40781.0,38543.0,38543.0,6498700,False,2026-05-23/2026-05-29
DGC,2026-06-01,2026-06-05,38087.0,38626.0,37175.0,38004.0,3862300,False,2026-05-30/2026-06-05
DGC,2026-06-08,2026-06-12,37880.0,38128.0,37175.0,37921.0,2600400,False,2026-06-06/2026-06-12
DGC,2026-06-15,2026-06-19,38004.0,40615.0,38004.0,40118.0,3336300,False,2026-06-13/2026-06-19
DGC,2026-06-22,2026-06-26,42190.0,43848.0,39330.0,39579.0,6433600,False,2026-06-20/2026-06-26
DGC,2026-06-29,2026-07-03,39372.0,40615.0,39372.0,39537.0,2663100,False,2026-06-27/2026-07-03
DGC,2026-07-06,2026-07-10,39413.0,39537.0,37714.0,38294.0,2248300,False,2026-07-04/2026-07-10
DGC,2026-07-13,2026-07-17,38294.0,38294.0,36471.0,37134.0,1974100,False,2026-07-11/2026-07-17
DGC,2026-07-20,2026-07-24,37009.0,37009.0,29881.0,30544.0,7951600,False,2026-07-18/2026-07-24
DGC,2026-07-27,2026-07-31,30544.0,32865.0,29715.0,32409.0,3932300,False,2026-07-25/2026-07-31
DGC,2026-08-03,2026-08-07,32492.0,37963.0,32492.0,36636.0,3017900,False,2026-08-01/2026-08-07
DGC,2026-08-10,2026-08-14,37299.0,37299.0,35807.0,35807.0,1955800,False,2026-08-08/2026-08-14
DGC,2026-08-17,2026-08-21,35642.0,35973.0,33735.0,35683.0,1854500,False,2026-08-15/2026-08-21
DGC,2026-08-24,2026-08-28,36885.0,37714.0,35476.0,35642.0,4026600,False,2026-08-22/2026-08-28
DGC,2026-08-31,2026-09-04,35642.0,39703.0,35103.0,39040.0,3135100,False,2026-08-29/2026-09-04
DGC,2026-09-07,2026-09-11,39496.0,39745.0,37797.0,38750.0,4930800,False,2026-09-05/2026-09-11
DGC,2026-09-14,2026-09-18,38600.0,38600.0,34800.0,35950.0,4770800,False,2026-09-12/2026-09-18
DGC,2026-09-21,2026-09-25,36350.0,36350.0,35200.0,35950.0,2489700,False,2026-09-19/2026-09-25
DGC,2026-09-28,2026-10-02,36650.0,36850.0,36.0,36.0,2065900,False,2026-09-26/2026-10-02
DGW,2026-03-30,2026-04-03,42763.0,45497.0,42763.0,42861.0,7072400,False,2026-03-28/2026-04-03
DGW,2026-04-06,2026-04-10,42861.0,45692.0,41494.0,44570.0,8523400,False,2026-04-04/2026-04-10
DGW,2026-04-13,2026-04-17,43935.0,46571.0,43447.0,44862.0,9132500,False,2026-04-11/2026-04-17
DGW,2026-04-20,2026-04-24,44862.0,45399.0,42568.0,43447.0,6819600,False,2026-04-18/2026-04-24
DGW,2026-04-27,2026-05-01,42812.0,43740.0,41592.0,42422.0,2848500,False,2026-04-25/2026-05-01
DGW,2026-05-04,2026-05-08,42422.0,43691.0,41885.0,42275.0,5639700,False,2026-05-02/2026-05-08
DGW,2026-05-11,2026-05-15,42080.0,42500.0,40371.0,42400.0,7574800,False,2026-05-09/2026-05-15
DGW,2026-05-18,2026-05-22,41800.0,42800.0,39600.0,41250.0,6019300,False,2026-05-16/2026-05-22
DGW,2026-05-25,2026-05-29,40850.0,42250.0,40550.0,40850.0,3826000,False,2026-05-23/2026-05-29
DGW,2026-06-01,2026-06-05,41000.0,41150.0,39100.0,39900.0,3637700,False,2026-05-30/2026-06-05
DGW,2026-06-08,2026-06-12,39500.0,39500.0,38700.0,38900.0,2585700,False,2026-06-06/2026-06-12
DGW,2026-06-15,2026-06-19,39200.0,42000.0,39200.0,40250.0,4602100,False,2026-06-13/2026-06-19
DGW,2026-06-22,2026-06-26,40250.0,40700.0,38850.0,39100.0,3941500,False,2026-06-20/2026-06-26
DGW,2026-06-29,2026-07-03,39200.0,40800.0,39150.0,40250.0,3238600,False,2026-06-27/2026-07-03
DGW,2026-07-06,2026-07-10,40350.0,40450.0,37450.0,38500.0,2578500,False,2026-07-04/2026-07-10
DGW,2026-07-13,2026-07-17,38550.0,39000.0,35300.0,37400.0,3344900,False,2026-07-11/2026-07-17
DGW,2026-07-20,2026-07-24,36950.0,37200.0,33150.0,33500.0,3718000,False,2026-07-18/2026-07-24
DGW,2026-07-27,2026-07-31,33450.0,37200.0,31450.0,36600.0,5159100,False,2026-07-25/2026-07-31
DGW,2026-08-03,2026-08-07,36900.0,40450.0,36850.0,39400.0,6534600,False,2026-08-01/2026-08-07
DGW,2026-08-10,2026-08-14,39900.0,43850.0,39750.0,41600.0,8432000,False,2026-08-08/2026-08-14
DGW,2026-08-17,2026-08-21,41600.0,43000.0,40600.0,43000.0,6545700,False,2026-08-15/2026-08-21
DGW,2026-08-24,2026-08-28,43150.0,43500.0,41850.0,42200.0,7418100,False,2026-08-22/2026-08-28
DGW,2026-08-31,2026-09-04,41750.0,42150.0,39550.0,40050.0,5159100,False,2026-08-29/2026-09-04
DGW,2026-09-07,2026-09-11,40700.0,47000.0,40050.0,44400.0,14265500,False,2026-09-05/2026-09-11
DGW,2026-09-14,2026-09-18,44200.0,47000.0,43250.0,45500.0,8691500,False,2026-09-12/2026-09-18
DGW,2026-09-21,2026-09-25,45500.0,47000.0,44500.0,44500.0,8732500,False,2026-09-19/2026-09-25
DGW,2026-09-28,2026-10-02,44800.0,46500.0,44.4,45.2,6825000,False,2026-09-26/2026-10-02
DHC,2026-03-30,2026-04-03,30954.0,31530.0,30334.0,30600.0,671400,False,2026-03-28/2026-04-03
DHC,2026-04-06,2026-04-10,30644.0,32549.0,29670.0,32150.0,1595400,False,2026-04-04/2026-04-10
DHC,2026-04-13,2026-04-17,31884.0,32681.0,31574.0,32371.0,1358900,False,2026-04-11/2026-04-17
DHC,2026-04-20,2026-04-24,32106.0,33523.0,31796.0,31973.0,1562000,False,2026-04-18/2026-04-24
DHC,2026-04-27,2026-05-01,31973.0,32062.0,30999.0,31707.0,353300,False,2026-04-25/2026-05-01
DHC,2026-05-04,2026-05-08,32106.0,33213.0,31043.0,32681.0,1513600,False,2026-05-02/2026-05-08
DHC,2026-05-11,2026-05-15,32062.0,32859.0,31929.0,32062.0,690100,False,2026-05-09/2026-05-15
DHC,2026-05-18,2026-05-22,32062.0,32062.0,30290.0,31309.0,837100,False,2026-05-16/2026-05-22
DHC,2026-05-25,2026-05-29,31309.0,32681.0,30999.0,32504.0,808400,False,2026-05-23/2026-05-29
DHC,2026-06-01,2026-06-05,32681.0,32681.0,31486.0,32194.0,468600,False,2026-05-30/2026-06-05
DHC,2026-06-08,2026-06-12,32106.0,32859.0,31264.0,32770.0,1183600,False,2026-06-06/2026-06-12
DHC,2026-06-15,2026-06-19,32903.0,34364.0,32283.0,32900.0,1782600,False,2026-06-13/2026-06-19
DHC,2026-06-22,2026-06-26,32900.0,33900.0,32600.0,32750.0,845700,False,2026-06-20/2026-06-26
DHC,2026-06-29,2026-07-03,32750.0,34850.0,32600.0,33500.0,1241700,False,2026-06-27/2026-07-03
DHC,2026-07-06,2026-07-10,33150.0,33950.0,32050.0,32050.0,994600,False,2026-07-04/2026-07-10
DHC,2026-07-13,2026-07-17,32050.0,32400.0,31000.0,31700.0,1317900,False,2026-07-11/2026-07-17
DHC,2026-07-20,2026-07-24,31700.0,32000.0,28600.0,29250.0,2018400,False,2026-07-18/2026-07-24
DHC,2026-07-27,2026-07-31,29900.0,33600.0,29000.0,32900.0,1700900,False,2026-07-25/2026-07-31
DHC,2026-08-03,2026-08-07,33050.0,35900.0,33050.0,35200.0,2506500,False,2026-08-01/2026-08-07
DHC,2026-08-10,2026-08-14,35000.0,36400.0,34350.0,34550.0,2033500,False,2026-08-08/2026-08-14
DHC,2026-08-17,2026-08-21,34500.0,37100.0,34100.0,36450.0,1980000,False,2026-08-15/2026-08-21
DHC,2026-08-24,2026-08-28,36500.0,36900.0,35250.0,36900.0,1644000,False,2026-08-22/2026-08-28
DHC,2026-08-31,2026-09-04,36800.0,36800.0,35250.0,35700.0,855100,False,2026-08-29/2026-09-04
DHC,2026-09-07,2026-09-11,35700.0,37300.0,35150.0,35750.0,2008900,False,2026-09-05/2026-09-11
DHC,2026-09-14,2026-09-18,35750.0,37600.0,35450.0,36550.0,2510500,False,2026-09-12/2026-09-18
DHC,2026-09-21,2026-09-25,36550.0,39250.0,36050.0,39000.0,2169300,False,2026-09-19/2026-09-25
DHC,2026-09-28,2026-10-02,39000.0,39950.0,39.0,39.65,1424500,False,2026-09-26/2026-10-02
DIG,2026-03-30,2026-04-03,13274.0,13792.0,13133.0,13321.0,58641600,False,2026-03-28/2026-04-03
DIG,2026-04-06,2026-04-10,13274.0,14263.0,12615.0,13698.0,62442900,False,2026-04-04/2026-04-10
DIG,2026-04-13,2026-04-17,13604.0,14216.0,13463.0,13510.0,48586000,False,2026-04-11/2026-04-17
DIG,2026-04-20,2026-04-24,13510.0,13745.0,13039.0,13463.0,37857800,False,2026-04-18/2026-04-24
DIG,2026-04-27,2026-05-01,13463.0,14027.0,13274.0,13839.0,21104600,False,2026-04-25/2026-05-01
DIG,2026-05-04,2026-05-08,13933.0,14216.0,13321.0,13604.0,46744100,False,2026-05-02/2026-05-08
DIG,2026-05-11,2026-05-15,13698.0,14310.0,13463.0,14075.0,51513000,False,2026-05-09/2026-05-15
DIG,2026-05-18,2026-05-22,14027.0,14122.0,12662.0,12709.0,58920500,False,2026-05-16/2026-05-22
DIG,2026-05-25,2026-05-29,12804.0,13321.0,12286.0,12286.0,25909700,False,2026-05-23/2026-05-29
DIG,2026-06-01,2026-06-05,12474.0,12615.0,12003.0,12098.0,23684500,False,2026-05-30/2026-06-05
DIG,2026-06-08,2026-06-12,12003.0,12286.0,11768.0,11862.0,20550600,False,2026-06-06/2026-06-12
DIG,2026-06-15,2026-06-19,12098.0,12615.0,12003.0,12192.0,21996400,False,2026-06-13/2026-06-19
DIG,2026-06-22,2026-06-26,12145.0,12239.0,11627.0,11627.0,16150000,False,2026-06-20/2026-06-26
DIG,2026-06-29,2026-07-03,11674.0,11956.0,11439.0,11533.0,15210300,False,2026-06-27/2026-07-03
DIG,2026-07-06,2026-07-10,11580.0,11862.0,10874.0,11580.0,31254700,False,2026-07-04/2026-07-10
DIG,2026-07-13,2026-07-17,11533.0,12050.0,11062.0,11344.0,41582600,False,2026-07-11/2026-07-17
DIG,2026-07-20,2026-07-24,11297.0,11391.0,9650.0,9697.0,55278600,False,2026-07-18/2026-07-24
DIG,2026-07-27,2026-07-31,9697.0,9838.0,8802.0,9461.0,65025500,False,2026-07-25/2026-07-31
DIG,2026-08-03,2026-08-07,9509.0,10403.0,9509.0,10073.0,42875200,False,2026-08-01/2026-08-07
DIG,2026-08-10,2026-08-14,10120.0,10544.0,9932.0,10168.0,33696300,False,2026-08-08/2026-08-14
DIG,2026-08-17,2026-08-21,10168.0,10544.0,9697.0,10356.0,30966500,False,2026-08-15/2026-08-21
DIG,2026-08-24,2026-08-28,10497.0,10921.0,10309.0,10732.0,41015100,False,2026-08-22/2026-08-28
DIG,2026-08-31,2026-09-04,10685.0,10732.0,10356.0,10450.0,10932800,False,2026-08-29/2026-09-04
DIG,2026-09-07,2026-09-11,10450.0,10600.0,9970.0,10050.0,22734800,False,2026-09-05/2026-09-11
DIG,2026-09-14,2026-09-18,9940.0,10300.0,9850.0,10200.0,13772700,False,2026-09-12/2026-09-18
DIG,2026-09-21,2026-09-25,10200.0,10300.0,9550.0,9630.0,13853500,False,2026-09-19/2026-09-25
DIG,2026-09-28,2026-10-02,9600.0,9870.0,9.56,9.57,12599900,False,2026-09-26/2026-10-02
DLG,2026-03-30,2026-04-03,2820.0,3000.0,2740.0,2880.0,8874900,False,2026-03-28/2026-04-03
DLG,2026-04-06,2026-04-10,2850.0,2970.0,2800.0,2910.0,6148000,False,2026-04-04/2026-04-10
DLG,2026-04-13,2026-04-17,2890.0,3040.0,2800.0,2800.0,5073000,False,2026-04-11/2026-04-17
DLG,2026-04-20,2026-04-24,2820.0,2840.0,2640.0,2670.0,4494800,False,2026-04-18/2026-04-24
DLG,2026-04-27,2026-05-01,2670.0,2850.0,2660.0,2760.0,1707600,False,2026-04-25/2026-05-01
DLG,2026-05-04,2026-05-08,2780.0,2850.0,2660.0,2660.0,5697200,False,2026-05-02/2026-05-08
DLG,2026-05-11,2026-05-15,2620.0,2700.0,2600.0,2670.0,3890400,False,2026-05-09/2026-05-15
DLG,2026-05-18,2026-05-22,2670.0,2790.0,2580.0,2640.0,4019200,False,2026-05-16/2026-05-22
DLG,2026-05-25,2026-05-29,2670.0,2730.0,2620.0,2630.0,3089600,False,2026-05-23/2026-05-29
DLG,2026-06-01,2026-06-05,2670.0,2800.0,2630.0,2650.0,5103400,False,2026-05-30/2026-06-05
DLG,2026-06-08,2026-06-12,2710.0,2930.0,2650.0,2720.0,12059700,False,2026-06-06/2026-06-12
DLG,2026-06-15,2026-06-19,2760.0,2760.0,2600.0,2630.0,6586400,False,2026-06-13/2026-06-19
DLG,2026-06-22,2026-06-26,2630.0,2680.0,2580.0,2620.0,3715200,False,2026-06-20/2026-06-26
DLG,2026-06-29,2026-07-03,2630.0,2640.0,2510.0,2560.0,3646500,False,2026-06-27/2026-07-03
DLG,2026-07-06,2026-07-10,2580.0,2600.0,2500.0,2520.0,3155800,False,2026-07-04/2026-07-10
DLG,2026-07-13,2026-07-17,2510.0,2530.0,2390.0,2460.0,4557300,False,2026-07-11/2026-07-17
DLG,2026-07-20,2026-07-24,2460.0,2490.0,2190.0,2190.0,2849300,False,2026-07-18/2026-07-24
DLG,2026-07-27,2026-07-31,2220.0,2340.0,2030.0,2240.0,3787000,False,2026-07-25/2026-07-31
DLG,2026-08-03,2026-08-07,2260.0,2340.0,2240.0,2290.0,2617000,False,2026-08-01/2026-08-07
DLG,2026-08-10,2026-08-14,2310.0,2340.0,2250.0,2270.0,2341700,False,2026-08-08/2026-08-14
DLG,2026-08-17,2026-08-21,2270.0,2310.0,2150.0,2260.0,1781500,False,2026-08-15/2026-08-21
DLG,2026-08-24,2026-08-28,2310.0,2310.0,2240.0,2240.0,1940700,False,2026-08-22/2026-08-28
DLG,2026-08-31,2026-09-04,2240.0,2240.0,2160.0,2210.0,685500,False,2026-08-29/2026-09-04
DLG,2026-09-07,2026-09-11,2220.0,2220.0,2090.0,2100.0,2325800,False,2026-09-05/2026-09-11
DLG,2026-09-14,2026-09-18,1980.0,2080.0,1980.0,2050.0,2682800,False,2026-09-12/2026-09-18
DLG,2026-09-21,2026-09-25,2050.0,2100.0,1980.0,2030.0,2749400,False,2026-09-19/2026-09-25
DLG,2026-09-28,2026-10-02,2030.0,2060.0,1.99,1.99,955300,False,2026-09-26/2026-10-02
DPG,2026-03-30,2026-04-03,39842.0,42206.0,39645.0,40630.0,2798100,False,2026-03-28/2026-04-03
DPG,2026-04-06,2026-04-10,40581.0,43142.0,39054.0,42108.0,3063900,False,2026-04-04/2026-04-10
DPG,2026-04-13,2026-04-17,41517.0,44029.0,41418.0,41665.0,3439100,False,2026-04-11/2026-04-17
DPG,2026-04-20,2026-04-24,41862.0,43782.0,40433.0,43585.0,4483200,False,2026-04-18/2026-04-24
DPG,2026-04-27,2026-05-01,43930.0,45112.0,43093.0,44078.0,1730800,False,2026-04-25/2026-05-01
DPG,2026-05-04,2026-05-08,43832.0,44767.0,40384.0,42354.0,4853100,False,2026-05-02/2026-05-08
DPG,2026-05-11,2026-05-15,42354.0,42354.0,39399.0,39498.0,3642200,False,2026-05-09/2026-05-15
DPG,2026-05-18,2026-05-22,39547.0,40827.0,37922.0,40039.0,2616700,False,2026-05-16/2026-05-22
DPG,2026-05-25,2026-05-29,39448.0,40581.0,39399.0,39842.0,1307900,False,2026-05-23/2026-05-29
DPG,2026-06-01,2026-06-05,39842.0,40335.0,38513.0,39941.0,1197600,False,2026-05-30/2026-06-05
DPG,2026-06-08,2026-06-12,39251.0,39650.0,38611.0,39450.0,1139300,False,2026-06-06/2026-06-12
DPG,2026-06-15,2026-06-19,39600.0,41000.0,39300.0,39600.0,1750600,False,2026-06-13/2026-06-19
DPG,2026-06-22,2026-06-26,39300.0,39600.0,37200.0,37200.0,1528800,False,2026-06-20/2026-06-26
DPG,2026-06-29,2026-07-03,37350.0,38450.0,35000.0,35600.0,2580000,False,2026-06-27/2026-07-03
DPG,2026-07-06,2026-07-10,35600.0,35600.0,32400.0,33800.0,3539000,False,2026-07-04/2026-07-10
DPG,2026-07-13,2026-07-17,33800.0,34100.0,29750.0,30100.0,1847300,False,2026-07-11/2026-07-17
DPG,2026-07-20,2026-07-24,30100.0,30850.0,25500.0,26900.0,2119400,False,2026-07-18/2026-07-24
DPG,2026-07-27,2026-07-31,26850.0,28150.0,25500.0,27700.0,1517700,False,2026-07-25/2026-07-31
DPG,2026-08-03,2026-08-07,27700.0,32150.0,27350.0,30000.0,2862300,False,2026-08-01/2026-08-07
DPG,2026-08-10,2026-08-14,30100.0,30900.0,29900.0,30500.0,1630400,False,2026-08-08/2026-08-14
DPG,2026-08-17,2026-08-21,30000.0,30550.0,28550.0,30000.0,1732700,False,2026-08-15/2026-08-21
DPG,2026-08-24,2026-08-28,30100.0,31250.0,29000.0,29650.0,2392500,False,2026-08-22/2026-08-28
DPG,2026-08-31,2026-09-04,29650.0,29650.0,28600.0,29100.0,515100,False,2026-08-29/2026-09-04
DPG,2026-09-07,2026-09-11,29000.0,29000.0,26900.0,27050.0,1318000,False,2026-09-05/2026-09-11
DPG,2026-09-14,2026-09-18,26750.0,27750.0,26400.0,27100.0,1416200,False,2026-09-12/2026-09-18
DPG,2026-09-21,2026-09-25,27150.0,28350.0,26600.0,28000.0,1507800,False,2026-09-19/2026-09-25
DPG,2026-09-28,2026-10-02,28050.0,28050.0,27.2,27.4,943600,False,2026-09-26/2026-10-02
DPM,2026-03-30,2026-04-03,28979.0,29681.0,26825.0,26966.0,32337600,False,2026-03-28/2026-04-03
DPM,2026-04-06,2026-04-10,26919.0,27761.0,25842.0,27247.0,22525200,False,2026-04-04/2026-04-10
DPM,2026-04-13,2026-04-17,27434.0,27808.0,26451.0,27059.0,20706900,False,2026-04-11/2026-04-17
DPM,2026-04-20,2026-04-24,27247.0,27293.0,24625.0,24765.0,20627400,False,2026-04-18/2026-04-24
DPM,2026-04-27,2026-05-01,24859.0,25233.0,23876.0,24812.0,10531700,False,2026-04-25/2026-05-01
DPM,2026-05-04,2026-05-08,24625.0,25233.0,24110.0,24204.0,16226100,False,2026-05-02/2026-05-08
DPM,2026-05-11,2026-05-15,24344.0,26029.0,24204.0,25280.0,19679100,False,2026-05-09/2026-05-15
DPM,2026-05-18,2026-05-22,25421.0,26638.0,23969.0,24765.0,24068800,False,2026-05-16/2026-05-22
DPM,2026-05-25,2026-05-29,24578.0,24765.0,23876.0,24250.0,11563300,False,2026-05-23/2026-05-29
DPM,2026-06-01,2026-06-05,24157.0,24204.0,23127.0,23501.0,9177500,False,2026-05-30/2026-06-05
DPM,2026-06-08,2026-06-12,23408.0,23408.0,22284.0,22659.0,12324200,False,2026-06-06/2026-06-12
DPM,2026-06-15,2026-06-19,22659.0,22659.0,22003.0,22003.0,17074300,False,2026-06-13/2026-06-19
DPM,2026-06-22,2026-06-26,22050.0,22284.0,21161.0,21207.0,15734200,False,2026-06-20/2026-06-26
DPM,2026-06-29,2026-07-03,21301.0,21910.0,21301.0,21395.0,11310100,False,2026-06-27/2026-07-03
DPM,2026-07-06,2026-07-10,21488.0,22986.0,20739.0,21910.0,24312500,False,2026-07-04/2026-07-10
DPM,2026-07-13,2026-07-17,22190.0,22939.0,21161.0,22003.0,17495100,False,2026-07-11/2026-07-17
DPM,2026-07-20,2026-07-24,22237.0,22425.0,20599.0,21161.0,15707600,False,2026-07-18/2026-07-24
DPM,2026-07-27,2026-07-31,21207.0,22425.0,20599.0,22050.0,12502700,False,2026-07-25/2026-07-31
DPM,2026-08-03,2026-08-07,21900.0,22400.0,21450.0,21850.0,15772600,False,2026-08-01/2026-08-07
DPM,2026-08-10,2026-08-14,22350.0,22900.0,21550.0,21550.0,13019500,False,2026-08-08/2026-08-14
DPM,2026-08-17,2026-08-21,21550.0,22400.0,21400.0,22200.0,9109100,False,2026-08-15/2026-08-21
DPM,2026-08-24,2026-08-28,22400.0,22750.0,21950.0,22000.0,10703000,False,2026-08-22/2026-08-28
DPM,2026-08-31,2026-09-04,22250.0,23300.0,22150.0,22800.0,15146500,False,2026-08-29/2026-09-04
DPM,2026-09-07,2026-09-11,22950.0,23200.0,22200.0,22400.0,17762400,False,2026-09-05/2026-09-11
DPM,2026-09-14,2026-09-18,22100.0,23750.0,21800.0,22850.0,22373400,False,2026-09-12/2026-09-18
DPM,2026-09-21,2026-09-25,23000.0,23250.0,22600.0,22600.0,15061900,False,2026-09-19/2026-09-25
DPM,2026-09-28,2026-10-02,22650.0,23100.0,22.4,22.4,9512200,False,2026-09-26/2026-10-02
DPR,2026-03-30,2026-04-03,40000.0,41600.0,39800.0,40700.0,3058400,False,2026-03-28/2026-04-03
DPR,2026-04-06,2026-04-10,40200.0,41750.0,39500.0,41200.0,2350600,False,2026-04-04/2026-04-10
DPR,2026-04-13,2026-04-17,40950.0,41700.0,40200.0,40950.0,1968100,False,2026-04-11/2026-04-17
DPR,2026-04-20,2026-04-24,41000.0,41850.0,40050.0,41050.0,1675800,False,2026-04-18/2026-04-24
DPR,2026-04-27,2026-05-01,41200.0,42200.0,40500.0,41200.0,814700,False,2026-04-25/2026-05-01
DPR,2026-05-04,2026-05-08,41500.0,43400.0,41300.0,41600.0,3345800,False,2026-05-02/2026-05-08
DPR,2026-05-11,2026-05-15,41750.0,44900.0,41550.0,44200.0,3638800,False,2026-05-09/2026-05-15
DPR,2026-05-18,2026-05-22,43900.0,44250.0,39800.0,41800.0,4615100,False,2026-05-16/2026-05-22
DPR,2026-05-25,2026-05-29,42050.0,42400.0,41200.0,41600.0,1644800,False,2026-05-23/2026-05-29
DPR,2026-06-01,2026-06-05,41750.0,42650.0,41400.0,41650.0,2026200,False,2026-05-30/2026-06-05
DPR,2026-06-08,2026-06-12,41300.0,41300.0,39800.0,40500.0,1734100,False,2026-06-06/2026-06-12
DPR,2026-06-15,2026-06-19,40500.0,40950.0,40200.0,40250.0,1091400,False,2026-06-13/2026-06-19
DPR,2026-06-22,2026-06-26,40250.0,40400.0,38300.0,38450.0,1721700,False,2026-06-20/2026-06-26
DPR,2026-06-29,2026-07-03,38450.0,39800.0,38350.0,38750.0,1119200,False,2026-06-27/2026-07-03
DPR,2026-07-06,2026-07-10,38750.0,38950.0,38000.0,38450.0,887400,False,2026-07-04/2026-07-10
DPR,2026-07-13,2026-07-17,38450.0,38450.0,36800.0,37750.0,824100,False,2026-07-11/2026-07-17
DPR,2026-07-20,2026-07-24,37650.0,37750.0,34800.0,35750.0,965000,False,2026-07-18/2026-07-24
DPR,2026-07-27,2026-07-31,35750.0,36450.0,34400.0,36000.0,775000,False,2026-07-25/2026-07-31
DPR,2026-08-03,2026-08-07,36050.0,37250.0,35000.0,36050.0,1151500,False,2026-08-01/2026-08-07
DPR,2026-08-10,2026-08-14,36700.0,37150.0,35900.0,35950.0,946600,False,2026-08-08/2026-08-14
DPR,2026-08-17,2026-08-21,36000.0,37200.0,36000.0,37050.0,1129800,False,2026-08-15/2026-08-21
DPR,2026-08-24,2026-08-28,37200.0,37650.0,36750.0,37200.0,1051500,False,2026-08-22/2026-08-28
DPR,2026-08-31,2026-09-04,37450.0,37600.0,37050.0,37050.0,320000,False,2026-08-29/2026-09-04
DPR,2026-09-07,2026-09-11,37400.0,39000.0,37150.0,37500.0,1425400,False,2026-09-05/2026-09-11
DPR,2026-09-14,2026-09-18,37500.0,38750.0,37000.0,37850.0,1033500,False,2026-09-12/2026-09-18
DPR,2026-09-21,2026-09-25,38000.0,39400.0,37200.0,37900.0,1819500,False,2026-09-19/2026-09-25
DPR,2026-09-28,2026-10-02,38150.0,38750.0,38.6,38.6,2453700,False,2026-09-26/2026-10-02
DRC,2026-03-30,2026-04-03,12872.0,13209.0,12680.0,12776.0,1031900,False,2026-03-28/2026-04-03
DRC,2026-04-06,2026-04-10,12776.0,13017.0,12392.0,12920.0,1248500,False,2026-04-04/2026-04-10
DRC,2026-04-13,2026-04-17,12920.0,13161.0,12824.0,12872.0,1279400,False,2026-04-11/2026-04-17
DRC,2026-04-20,2026-04-24,12872.0,12920.0,12488.0,12536.0,1278300,False,2026-04-18/2026-04-24
DRC,2026-04-27,2026-05-01,12680.0,12728.0,12296.0,12392.0,433500,False,2026-04-25/2026-05-01
DRC,2026-05-04,2026-05-08,12392.0,12488.0,12104.0,12152.0,1151900,False,2026-05-02/2026-05-08
DRC,2026-05-11,2026-05-15,12152.0,12248.0,11912.0,12200.0,1381600,False,2026-05-09/2026-05-15
DRC,2026-05-18,2026-05-22,12200.0,12296.0,11864.0,11912.0,1218600,False,2026-05-16/2026-05-22
DRC,2026-05-25,2026-05-29,11912.0,12680.0,11864.0,12440.0,1161300,False,2026-05-23/2026-05-29
DRC,2026-06-01,2026-06-05,12536.0,12536.0,12008.0,12050.0,802100,False,2026-05-30/2026-06-05
DRC,2026-06-08,2026-06-12,12000.0,12050.0,11700.0,11750.0,683600,False,2026-06-06/2026-06-12
DRC,2026-06-15,2026-06-19,11700.0,11900.0,11650.0,11650.0,1407900,False,2026-06-13/2026-06-19
DRC,2026-06-22,2026-06-26,11650.0,11700.0,11450.0,11600.0,931700,False,2026-06-20/2026-06-26
DRC,2026-06-29,2026-07-03,11650.0,12050.0,11600.0,11850.0,831600,False,2026-06-27/2026-07-03
DRC,2026-07-06,2026-07-10,11850.0,11850.0,11350.0,11500.0,867800,False,2026-07-04/2026-07-10
DRC,2026-07-13,2026-07-17,11500.0,11500.0,10900.0,11000.0,687500,False,2026-07-11/2026-07-17
DRC,2026-07-20,2026-07-24,11000.0,11000.0,10000.0,10000.0,2055700,False,2026-07-18/2026-07-24
DRC,2026-07-27,2026-07-31,10050.0,10450.0,9970.0,10350.0,634100,False,2026-07-25/2026-07-31
DRC,2026-08-03,2026-08-07,10350.0,10700.0,10300.0,10550.0,677500,False,2026-08-01/2026-08-07
DRC,2026-08-10,2026-08-14,10550.0,10900.0,10300.0,10450.0,596200,False,2026-08-08/2026-08-14
DRC,2026-08-17,2026-08-21,10500.0,10650.0,10300.0,10550.0,421900,False,2026-08-15/2026-08-21
DRC,2026-08-24,2026-08-28,10650.0,10700.0,10300.0,10400.0,797900,False,2026-08-22/2026-08-28
DRC,2026-08-31,2026-09-04,10400.0,10400.0,10200.0,10200.0,338700,False,2026-08-29/2026-09-04
DRC,2026-09-07,2026-09-11,10250.0,10250.0,9920.0,9920.0,966700,False,2026-09-05/2026-09-11
DRC,2026-09-14,2026-09-18,9910.0,10100.0,9780.0,10050.0,730000,False,2026-09-12/2026-09-18
DRC,2026-09-21,2026-09-25,10050.0,10350.0,9890.0,9890.0,678000,False,2026-09-19/2026-09-25
DRC,2026-09-28,2026-10-02,9950.0,10000.0,9.8,9.87,349900,False,2026-09-26/2026-10-02
DRH,2026-03-30,2026-04-03,2590.0,2730.0,2480.0,2500.0,1871800,False,2026-03-28/2026-04-03
DRH,2026-04-06,2026-04-10,2500.0,2650.0,2350.0,2560.0,2030200,False,2026-04-04/2026-04-10
DRH,2026-04-13,2026-04-17,2530.0,2590.0,2390.0,2390.0,3014800,False,2026-04-11/2026-04-17
DRH,2026-04-20,2026-04-24,2350.0,2570.0,2280.0,2410.0,3150600,False,2026-04-18/2026-04-24
DRH,2026-04-27,2026-05-01,2410.0,2450.0,2320.0,2390.0,647300,False,2026-04-25/2026-05-01
DRH,2026-05-04,2026-05-08,2380.0,2400.0,2260.0,2270.0,1963400,False,2026-05-02/2026-05-08
DRH,2026-05-11,2026-05-15,2290.0,2310.0,2160.0,2190.0,1787700,False,2026-05-09/2026-05-15
DRH,2026-05-18,2026-05-22,2190.0,2340.0,2050.0,2260.0,2124800,False,2026-05-16/2026-05-22
DRH,2026-05-25,2026-05-29,2260.0,2260.0,2010.0,2020.0,1835600,False,2026-05-23/2026-05-29
DRH,2026-06-01,2026-06-05,2040.0,2100.0,2010.0,2040.0,1218400,False,2026-05-30/2026-06-05
DRH,2026-06-08,2026-06-12,2040.0,2190.0,2020.0,2040.0,1232100,False,2026-06-06/2026-06-12
DRH,2026-06-15,2026-06-19,2060.0,2140.0,2030.0,2050.0,1101300,False,2026-06-13/2026-06-19
DRH,2026-06-22,2026-06-26,2050.0,2070.0,1990.0,2000.0,680900,False,2026-06-20/2026-06-26
DRH,2026-06-29,2026-07-03,2000.0,2050.0,1920.0,1920.0,695600,False,2026-06-27/2026-07-03
DRH,2026-07-06,2026-07-10,1920.0,1950.0,1730.0,1840.0,885600,False,2026-07-04/2026-07-10
DRH,2026-07-13,2026-07-17,1790.0,1800.0,1670.0,1680.0,787800,False,2026-07-11/2026-07-17
DRH,2026-07-20,2026-07-24,1680.0,1770.0,1450.0,1520.0,1131100,False,2026-07-18/2026-07-24
DRH,2026-07-27,2026-07-31,1510.0,1600.0,1430.0,1570.0,491800,False,2026-07-25/2026-07-31
DRH,2026-08-03,2026-08-07,1570.0,1640.0,1520.0,1520.0,544200,False,2026-08-01/2026-08-07
DRH,2026-08-10,2026-08-14,1530.0,2050.0,1530.0,1840.0,2580600,False,2026-08-08/2026-08-14
DRH,2026-08-17,2026-08-21,1720.0,1830.0,1570.0,1760.0,1354200,False,2026-08-15/2026-08-21
DRH,2026-08-24,2026-08-28,1790.0,1900.0,1690.0,1700.0,838600,False,2026-08-22/2026-08-28
DRH,2026-08-31,2026-09-04,1720.0,1790.0,1700.0,1710.0,158900,False,2026-08-29/2026-09-04
DRH,2026-09-07,2026-09-11,1730.0,1780.0,1650.0,1670.0,656800,False,2026-09-05/2026-09-11
DRH,2026-09-14,2026-09-18,1680.0,1750.0,1590.0,1660.0,741500,False,2026-09-12/2026-09-18
DRH,2026-09-21,2026-09-25,1700.0,1700.0,1600.0,1620.0,287100,False,2026-09-19/2026-09-25
DRH,2026-09-28,2026-10-02,1680.0,1680.0,1.55,1.57,699200,False,2026-09-26/2026-10-02
DSE,2026-03-30,2026-04-03,23700.0,24100.0,23000.0,23000.0,1436100,False,2026-03-28/2026-04-03
DSE,2026-04-06,2026-04-10,23000.0,24300.0,22850.0,23850.0,1577700,False,2026-04-04/2026-04-10
DSE,2026-04-13,2026-04-17,23800.0,24450.0,23500.0,23850.0,2126900,False,2026-04-11/2026-04-17
DSE,2026-04-20,2026-04-24,23850.0,24200.0,23300.0,23700.0,1985100,False,2026-04-18/2026-04-24
DSE,2026-04-27,2026-05-01,23700.0,24000.0,22400.0,22950.0,1003900,False,2026-04-25/2026-05-01
DSE,2026-05-04,2026-05-08,22950.0,23150.0,22000.0,22400.0,1720800,False,2026-05-02/2026-05-08
DSE,2026-05-11,2026-05-15,22400.0,22650.0,22200.0,22450.0,1062900,False,2026-05-09/2026-05-15
DSE,2026-05-18,2026-05-22,22450.0,23150.0,21950.0,22600.0,1723600,False,2026-05-16/2026-05-22
DSE,2026-05-25,2026-05-29,22700.0,22900.0,22050.0,22750.0,1459600,False,2026-05-23/2026-05-29
DSE,2026-06-01,2026-06-05,22650.0,23000.0,21450.0,21450.0,1618800,False,2026-05-30/2026-06-05
DSE,2026-06-08,2026-06-12,21100.0,21900.0,20450.0,21750.0,1148900,False,2026-06-06/2026-06-12
DSE,2026-06-15,2026-06-19,21800.0,22500.0,21800.0,22100.0,2362000,False,2026-06-13/2026-06-19
DSE,2026-06-22,2026-06-26,22000.0,22700.0,21900.0,22550.0,2483000,False,2026-06-20/2026-06-26
DSE,2026-06-29,2026-07-03,22600.0,23150.0,21950.0,23100.0,3567100,False,2026-06-27/2026-07-03
DSE,2026-07-06,2026-07-10,23100.0,23550.0,22700.0,23050.0,4075500,False,2026-07-04/2026-07-10
DSE,2026-07-13,2026-07-17,23000.0,23000.0,22200.0,22600.0,2881700,False,2026-07-11/2026-07-17
DSE,2026-07-20,2026-07-24,22500.0,22500.0,21450.0,21950.0,2664900,False,2026-07-18/2026-07-24
DSE,2026-07-27,2026-07-31,21950.0,22300.0,21300.0,22200.0,2684700,False,2026-07-25/2026-07-31
DSE,2026-08-03,2026-08-07,22200.0,22850.0,21900.0,22150.0,2499700,False,2026-08-01/2026-08-07
DSE,2026-08-10,2026-08-14,22150.0,22900.0,22050.0,22050.0,2503800,False,2026-08-08/2026-08-14
DSE,2026-08-17,2026-08-21,22050.0,23100.0,21900.0,23100.0,3292800,False,2026-08-15/2026-08-21
DSE,2026-08-24,2026-08-28,23250.0,23500.0,22800.0,23100.0,3132400,False,2026-08-22/2026-08-28
DSE,2026-08-31,2026-09-04,23000.0,23000.0,22250.0,22300.0,830000,False,2026-08-29/2026-09-04
DSE,2026-09-07,2026-09-11,22250.0,22550.0,21800.0,21800.0,2234000,False,2026-09-05/2026-09-11
DSE,2026-09-14,2026-09-18,21750.0,22650.0,21700.0,22500.0,2423100,False,2026-09-12/2026-09-18
DSE,2026-09-21,2026-09-25,22500.0,22600.0,21600.0,21750.0,2942000,False,2026-09-19/2026-09-25
DSE,2026-09-28,2026-10-02,21750.0,21850.0,21.75,21.8,1108900,False,2026-09-26/2026-10-02
DXG,2026-03-30,2026-04-03,12477.0,13356.0,12390.0,12653.0,91618100,False,2026-03-28/2026-04-03
DXG,2026-04-06,2026-04-10,12653.0,13708.0,11906.0,13400.0,113265200,False,2026-04-04/2026-04-10
DXG,2026-04-13,2026-04-17,13180.0,13839.0,13005.0,13092.0,77662700,False,2026-04-11/2026-04-17
DXG,2026-04-20,2026-04-24,13136.0,13312.0,12609.0,13092.0,54289000,False,2026-04-18/2026-04-24
DXG,2026-04-27,2026-05-01,13180.0,13664.0,13049.0,13488.0,34278500,False,2026-04-25/2026-05-01
DXG,2026-05-04,2026-05-08,13576.0,14191.0,13224.0,13576.0,84536600,False,2026-05-02/2026-05-08
DXG,2026-05-11,2026-05-15,13576.0,14498.0,13444.0,14103.0,95297600,False,2026-05-09/2026-05-15
DXG,2026-05-18,2026-05-22,13883.0,14147.0,12697.0,12961.0,110924500,False,2026-05-16/2026-05-22
DXG,2026-05-25,2026-05-29,13092.0,13750.0,12917.0,13050.0,66870500,False,2026-05-23/2026-05-29
DXG,2026-06-01,2026-06-05,13100.0,13300.0,12500.0,12850.0,31109000,False,2026-05-30/2026-06-05
DXG,2026-06-08,2026-06-12,12650.0,13400.0,12600.0,12800.0,35855200,False,2026-06-06/2026-06-12
DXG,2026-06-15,2026-06-19,13000.0,13550.0,12800.0,13300.0,50292600,False,2026-06-13/2026-06-19
DXG,2026-06-22,2026-06-26,13300.0,13350.0,12200.0,12450.0,43575200,False,2026-06-20/2026-06-26
DXG,2026-06-29,2026-07-03,12450.0,12750.0,12100.0,12150.0,41590600,False,2026-06-27/2026-07-03
DXG,2026-07-06,2026-07-10,12150.0,12400.0,11750.0,12050.0,35436800,False,2026-07-04/2026-07-10
DXG,2026-07-13,2026-07-17,12000.0,12450.0,11700.0,12200.0,43848100,False,2026-07-11/2026-07-17
DXG,2026-07-20,2026-07-24,12000.0,12100.0,10100.0,10100.0,72004800,False,2026-07-18/2026-07-24
DXG,2026-07-27,2026-07-31,10050.0,11000.0,9760.0,10300.0,58803400,False,2026-07-25/2026-07-31
DXG,2026-08-03,2026-08-07,10300.0,11200.0,10300.0,10700.0,46622700,False,2026-08-01/2026-08-07
DXG,2026-08-10,2026-08-14,10800.0,11600.0,10750.0,11500.0,58943700,False,2026-08-08/2026-08-14
DXG,2026-08-17,2026-08-21,11450.0,11550.0,10800.0,11550.0,37425100,False,2026-08-15/2026-08-21
DXG,2026-08-24,2026-08-28,11600.0,12150.0,11450.0,12100.0,59373300,False,2026-08-22/2026-08-28
DXG,2026-08-31,2026-09-04,11850.0,11950.0,11300.0,11800.0,35321400,False,2026-08-29/2026-09-04
DXG,2026-09-07,2026-09-11,11650.0,11700.0,10700.0,10750.0,56931400,False,2026-09-05/2026-09-11
DXG,2026-09-14,2026-09-18,10650.0,11200.0,10300.0,10600.0,48514500,False,2026-09-12/2026-09-18
DXG,2026-09-21,2026-09-25,10800.0,10800.0,10050.0,10100.0,37051600,False,2026-09-19/2026-09-25
DXG,2026-09-28,2026-10-02,10100.0,10350.0,10.1,10.15,29235000,False,2026-09-26/2026-10-02
DXS,2026-03-30,2026-04-03,6920.0,7700.0,6920.0,7470.0,22735300,False,2026-03-28/2026-04-03
DXS,2026-04-06,2026-04-10,7470.0,8000.0,6920.0,7640.0,15820100,False,2026-04-04/2026-04-10
DXS,2026-04-13,2026-04-17,7580.0,7900.0,7300.0,7330.0,13371100,False,2026-04-11/2026-04-17
DXS,2026-04-20,2026-04-24,7380.0,7430.0,7000.0,7300.0,10751400,False,2026-04-18/2026-04-24
DXS,2026-04-27,2026-05-01,7330.0,7450.0,7200.0,7360.0,3679800,False,2026-04-25/2026-05-01
DXS,2026-05-04,2026-05-08,7630.0,8200.0,7500.0,7620.0,23478900,False,2026-05-02/2026-05-08
DXS,2026-05-11,2026-05-15,7640.0,8640.0,7440.0,8500.0,24065500,False,2026-05-09/2026-05-15
DXS,2026-05-18,2026-05-22,8500.0,8630.0,7790.0,8080.0,21473600,False,2026-05-16/2026-05-22
DXS,2026-05-25,2026-05-29,8100.0,8590.0,7560.0,7560.0,11955500,False,2026-05-23/2026-05-29
DXS,2026-06-01,2026-06-05,7610.0,7680.0,7180.0,7300.0,8907100,False,2026-05-30/2026-06-05
DXS,2026-06-08,2026-06-12,7150.0,7730.0,7060.0,7300.0,6605700,False,2026-06-06/2026-06-12
DXS,2026-06-15,2026-06-19,7340.0,7800.0,7290.0,7450.0,7090000,False,2026-06-13/2026-06-19
DXS,2026-06-22,2026-06-26,7460.0,7470.0,7100.0,7160.0,5364200,False,2026-06-20/2026-06-26
DXS,2026-06-29,2026-07-03,7160.0,7320.0,7020.0,7130.0,5754000,False,2026-06-27/2026-07-03
DXS,2026-07-06,2026-07-10,7160.0,7220.0,6640.0,7030.0,6235000,False,2026-07-04/2026-07-10
DXS,2026-07-13,2026-07-17,7030.0,7190.0,6480.0,6700.0,7578200,False,2026-07-11/2026-07-17
DXS,2026-07-20,2026-07-24,6630.0,6690.0,5550.0,5870.0,9411000,False,2026-07-18/2026-07-24
DXS,2026-07-27,2026-07-31,5870.0,6080.0,5480.0,5750.0,8644100,False,2026-07-25/2026-07-31
DXS,2026-08-03,2026-08-07,5750.0,6140.0,5750.0,5890.0,10222500,False,2026-08-01/2026-08-07
DXS,2026-08-10,2026-08-14,5890.0,6200.0,5720.0,6000.0,10124800,False,2026-08-08/2026-08-14
DXS,2026-08-17,2026-08-21,6000.0,6040.0,5720.0,5940.0,6333600,False,2026-08-15/2026-08-21
DXS,2026-08-24,2026-08-28,6000.0,6440.0,5930.0,6070.0,18422800,False,2026-08-22/2026-08-28
DXS,2026-08-31,2026-09-04,6030.0,6030.0,5780.0,5800.0,4921200,False,2026-08-29/2026-09-04
DXS,2026-09-07,2026-09-11,5800.0,5850.0,5400.0,5400.0,9481800,False,2026-09-05/2026-09-11
DXS,2026-09-14,2026-09-18,5290.0,5610.0,5250.0,5500.0,6248800,False,2026-09-12/2026-09-18
DXS,2026-09-21,2026-09-25,5510.0,5700.0,5390.0,5460.0,7925700,False,2026-09-19/2026-09-25
DXS,2026-09-28,2026-10-02,5410.0,5500.0,5.1,5.11,4879300,False,2026-09-26/2026-10-02
EIB,2026-03-30,2026-04-03,22350.0,24050.0,22100.0,22150.0,62800000,False,2026-03-28/2026-04-03
EIB,2026-04-06,2026-04-10,22200.0,24050.0,21800.0,23100.0,73997000,False,2026-04-04/2026-04-10
EIB,2026-04-13,2026-04-17,22900.0,23550.0,22250.0,22400.0,64358300,False,2026-04-11/2026-04-17
EIB,2026-04-20,2026-04-24,22700.0,23400.0,22100.0,22350.0,56998400,False,2026-04-18/2026-04-24
EIB,2026-04-27,2026-05-01,22350.0,22500.0,21600.0,21750.0,19091700,False,2026-04-25/2026-05-01
EIB,2026-05-04,2026-05-08,21700.0,22750.0,21400.0,22150.0,38190300,False,2026-05-02/2026-05-08
EIB,2026-05-11,2026-05-15,22450.0,23200.0,21800.0,21850.0,61334800,False,2026-05-09/2026-05-15
EIB,2026-05-18,2026-05-22,21850.0,22250.0,20700.0,21200.0,38299100,False,2026-05-16/2026-05-22
EIB,2026-05-25,2026-05-29,21200.0,22100.0,21200.0,21300.0,29510300,False,2026-05-23/2026-05-29
EIB,2026-06-01,2026-06-05,21300.0,21700.0,20850.0,21100.0,20895200,False,2026-05-30/2026-06-05
EIB,2026-06-08,2026-06-12,20900.0,21000.0,20550.0,20700.0,21669900,False,2026-06-06/2026-06-12
EIB,2026-06-15,2026-06-19,20750.0,21600.0,20750.0,21000.0,19789300,False,2026-06-13/2026-06-19
EIB,2026-06-22,2026-06-26,20900.0,21400.0,20450.0,20600.0,19102000,False,2026-06-20/2026-06-26
EIB,2026-06-29,2026-07-03,20600.0,21300.0,20600.0,20650.0,19128400,False,2026-06-27/2026-07-03
EIB,2026-07-06,2026-07-10,20800.0,20850.0,19250.0,19750.0,23440400,False,2026-07-04/2026-07-10
EIB,2026-07-13,2026-07-17,19450.0,19700.0,18650.0,19000.0,29245100,False,2026-07-11/2026-07-17
EIB,2026-07-20,2026-07-24,18800.0,18950.0,16250.0,17500.0,51981800,False,2026-07-18/2026-07-24
EIB,2026-07-27,2026-07-31,17550.0,18200.0,16850.0,17800.0,27308100,False,2026-07-25/2026-07-31
EIB,2026-08-03,2026-08-07,17900.0,18650.0,17850.0,18000.0,25074800,False,2026-08-01/2026-08-07
EIB,2026-08-10,2026-08-14,18000.0,18400.0,17100.0,17150.0,27372700,False,2026-08-08/2026-08-14
EIB,2026-08-17,2026-08-21,17150.0,17500.0,16800.0,17400.0,21343700,False,2026-08-15/2026-08-21
EIB,2026-08-24,2026-08-28,17600.0,17700.0,17150.0,17300.0,22309500,False,2026-08-22/2026-08-28
EIB,2026-08-31,2026-09-04,17100.0,17250.0,16900.0,17050.0,6421500,False,2026-08-29/2026-09-04
EIB,2026-09-07,2026-09-11,17000.0,17200.0,16600.0,16800.0,16482500,False,2026-09-05/2026-09-11
EIB,2026-09-14,2026-09-18,16700.0,16800.0,15800.0,16400.0,30681600,False,2026-09-12/2026-09-18
EIB,2026-09-21,2026-09-25,16750.0,16750.0,16200.0,16700.0,16237700,False,2026-09-19/2026-09-25
EIB,2026-09-28,2026-10-02,16700.0,17100.0,16.9,17.05,15996800,False,2026-09-26/2026-10-02
ELC,2026-03-30,2026-04-03,16926.0,17721.0,16552.0,16973.0,1816700,False,2026-03-28/2026-04-03
ELC,2026-04-06,2026-04-10,16973.0,17207.0,16272.0,16739.0,1434900,False,2026-04-04/2026-04-10
ELC,2026-04-13,2026-04-17,16786.0,17581.0,16552.0,16880.0,1337800,False,2026-04-11/2026-04-17
ELC,2026-04-20,2026-04-24,17020.0,17020.0,16085.0,16692.0,1258600,False,2026-04-18/2026-04-24
ELC,2026-04-27,2026-05-01,16646.0,16786.0,16038.0,16459.0,653900,False,2026-04-25/2026-05-01
ELC,2026-05-04,2026-05-08,16178.0,16552.0,15664.0,15898.0,1832700,False,2026-05-02/2026-05-08
ELC,2026-05-11,2026-05-15,15851.0,15944.0,14962.0,15524.0,2983200,False,2026-05-09/2026-05-15
ELC,2026-05-18,2026-05-22,15383.0,15664.0,14962.0,15430.0,2529400,False,2026-05-16/2026-05-22
ELC,2026-05-25,2026-05-29,15383.0,15383.0,14495.0,14962.0,2205100,False,2026-05-23/2026-05-29
ELC,2026-06-01,2026-06-05,14775.0,15337.0,14588.0,15056.0,1633300,False,2026-05-30/2026-06-05
ELC,2026-06-08,2026-06-12,14962.0,14962.0,14308.0,14822.0,1657900,False,2026-06-06/2026-06-12
ELC,2026-06-15,2026-06-19,14822.0,15617.0,14775.0,15477.0,1798000,False,2026-06-13/2026-06-19
ELC,2026-06-22,2026-06-26,15196.0,15524.0,15009.0,15524.0,1674100,False,2026-06-20/2026-06-26
ELC,2026-06-29,2026-07-03,15524.0,16178.0,15337.0,16038.0,2103100,False,2026-06-27/2026-07-03
ELC,2026-07-06,2026-07-10,16038.0,16038.0,15337.0,15711.0,1441900,False,2026-07-04/2026-07-10
ELC,2026-07-13,2026-07-17,15430.0,15570.0,14495.0,15056.0,1219700,False,2026-07-11/2026-07-17
ELC,2026-07-20,2026-07-24,14869.0,15056.0,12718.0,13653.0,2600300,False,2026-07-18/2026-07-24
ELC,2026-07-27,2026-07-31,13373.0,14027.0,12625.0,13840.0,1727400,False,2026-07-25/2026-07-31
ELC,2026-08-03,2026-08-07,13840.0,15757.0,13700.0,14962.0,2868900,False,2026-08-01/2026-08-07
ELC,2026-08-10,2026-08-14,14962.0,15056.0,14027.0,14027.0,1329600,False,2026-08-08/2026-08-14
ELC,2026-08-17,2026-08-21,13700.0,14121.0,13560.0,13981.0,1204800,False,2026-08-15/2026-08-21
ELC,2026-08-24,2026-08-28,13981.0,14168.0,13653.0,13794.0,1107000,False,2026-08-22/2026-08-28
ELC,2026-08-31,2026-09-04,13934.0,13934.0,13560.0,13747.0,394200,False,2026-08-29/2026-09-04
ELC,2026-09-07,2026-09-11,13794.0,14027.0,13050.0,13200.0,1298200,False,2026-09-05/2026-09-11
ELC,2026-09-14,2026-09-18,12950.0,13500.0,12600.0,13450.0,1717800,False,2026-09-12/2026-09-18
ELC,2026-09-21,2026-09-25,13550.0,13850.0,12750.0,13600.0,2291000,False,2026-09-19/2026-09-25
ELC,2026-09-28,2026-10-02,13200.0,13450.0,12.7,13.1,1964900,False,2026-09-26/2026-10-02
EVF,2026-03-30,2026-04-03,13950.0,14900.0,13250.0,13300.0,66099000,False,2026-03-28/2026-04-03
EVF,2026-04-06,2026-04-10,13250.0,14200.0,13200.0,13800.0,34211700,False,2026-04-04/2026-04-10
EVF,2026-04-13,2026-04-17,13650.0,14600.0,13600.0,13800.0,39083300,False,2026-04-11/2026-04-17
EVF,2026-04-20,2026-04-24,13900.0,14000.0,12650.0,13100.0,40982100,False,2026-04-18/2026-04-24
EVF,2026-04-27,2026-05-01,13100.0,13150.0,12600.0,13000.0,8620400,False,2026-04-25/2026-05-01
EVF,2026-05-04,2026-05-08,12950.0,13450.0,12800.0,13350.0,17053900,False,2026-05-02/2026-05-08
EVF,2026-05-11,2026-05-15,13300.0,14200.0,13100.0,13650.0,31330800,False,2026-05-09/2026-05-15
EVF,2026-05-18,2026-05-22,13500.0,14350.0,12900.0,13700.0,27897600,False,2026-05-16/2026-05-22
EVF,2026-05-25,2026-05-29,13700.0,14500.0,13400.0,13400.0,24159500,False,2026-05-23/2026-05-29
EVF,2026-06-01,2026-06-05,13400.0,13800.0,13100.0,13150.0,12119900,False,2026-05-30/2026-06-05
EVF,2026-06-08,2026-06-12,13200.0,13650.0,13150.0,13450.0,12163700,False,2026-06-06/2026-06-12
EVF,2026-06-15,2026-06-19,13500.0,14250.0,13450.0,13700.0,21198300,False,2026-06-13/2026-06-19
EVF,2026-06-22,2026-06-26,13650.0,13800.0,13100.0,13100.0,11773100,False,2026-06-20/2026-06-26
EVF,2026-06-29,2026-07-03,13150.0,13500.0,13050.0,13200.0,9246200,False,2026-06-27/2026-07-03
EVF,2026-07-06,2026-07-10,13200.0,13300.0,12500.0,12750.0,13913100,False,2026-07-04/2026-07-10
EVF,2026-07-13,2026-07-17,12750.0,13050.0,12100.0,12650.0,10565900,False,2026-07-11/2026-07-17
EVF,2026-07-20,2026-07-24,12450.0,12800.0,11850.0,12500.0,13087400,False,2026-07-18/2026-07-24
EVF,2026-07-27,2026-07-31,12400.0,12600.0,11700.0,12200.0,6544700,False,2026-07-25/2026-07-31
EVF,2026-08-03,2026-08-07,12200.0,12600.0,12200.0,12350.0,5841800,False,2026-08-01/2026-08-07
EVF,2026-08-10,2026-08-14,12400.0,13000.0,12350.0,12600.0,8071900,False,2026-08-08/2026-08-14
EVF,2026-08-17,2026-08-21,12550.0,12750.0,12250.0,12550.0,5397900,False,2026-08-15/2026-08-21
EVF,2026-08-24,2026-08-28,12750.0,12750.0,12400.0,12400.0,4976300,False,2026-08-22/2026-08-28
EVF,2026-08-31,2026-09-04,12350.0,12500.0,12250.0,12350.0,1522300,False,2026-08-29/2026-09-04
EVF,2026-09-07,2026-09-11,12300.0,12350.0,11500.0,11700.0,6129200,False,2026-09-05/2026-09-11
EVF,2026-09-14,2026-09-18,11500.0,11900.0,10900.0,11800.0,10779800,False,2026-09-12/2026-09-18
EVF,2026-09-21,2026-09-25,11900.0,11900.0,11350.0,11600.0,7245000,False,2026-09-19/2026-09-25
EVF,2026-09-28,2026-10-02,11550.0,11750.0,11.5,11.6,3230700,False,2026-09-26/2026-10-02
EVG,2026-03-30,2026-04-03,6040.0,6268.0,5906.0,6021.0,2305200,False,2026-03-28/2026-04-03
EVG,2026-04-06,2026-04-10,6021.0,7135.0,5906.0,6773.0,5581300,False,2026-04-04/2026-04-10
EVG,2026-04-13,2026-04-17,6649.0,7049.0,6392.0,6459.0,2909600,False,2026-04-11/2026-04-17
EVG,2026-04-20,2026-04-24,6478.0,6573.0,6135.0,6364.0,2613400,False,2026-04-18/2026-04-24
EVG,2026-04-27,2026-05-01,6459.0,6468.0,6287.0,6354.0,798000,False,2026-04-25/2026-05-01
EVG,2026-05-04,2026-05-08,6468.0,6554.0,6002.0,6087.0,1927900,False,2026-05-02/2026-05-08
EVG,2026-05-11,2026-05-15,6030.0,6240.0,5935.0,5954.0,1908400,False,2026-05-09/2026-05-15
EVG,2026-05-18,2026-05-22,5954.0,6002.0,5554.0,5716.0,2674800,False,2026-05-16/2026-05-22
EVG,2026-05-25,2026-05-29,5716.0,5811.0,5573.0,5601.0,1469600,False,2026-05-23/2026-05-29
EVG,2026-06-01,2026-06-05,5630.0,6049.0,5630.0,5792.0,1998100,False,2026-05-30/2026-06-05
EVG,2026-06-08,2026-06-12,5716.0,5811.0,5611.0,5649.0,1365800,False,2026-06-06/2026-06-12
EVG,2026-06-15,2026-06-19,5697.0,5887.0,5621.0,5640.0,1658800,False,2026-06-13/2026-06-19
EVG,2026-06-22,2026-06-26,5640.0,5802.0,5373.0,5440.0,1781700,False,2026-06-20/2026-06-26
EVG,2026-06-29,2026-07-03,5470.0,5470.0,5230.0,5250.0,1084600,False,2026-06-27/2026-07-03
EVG,2026-07-06,2026-07-10,5250.0,5400.0,4950.0,5150.0,3057700,False,2026-07-04/2026-07-10
EVG,2026-07-13,2026-07-17,5140.0,5300.0,4810.0,5020.0,1718700,False,2026-07-11/2026-07-17
EVG,2026-07-20,2026-07-24,5020.0,5020.0,4520.0,4590.0,1530700,False,2026-07-18/2026-07-24
EVG,2026-07-27,2026-07-31,4590.0,4630.0,4080.0,4130.0,3815500,False,2026-07-25/2026-07-31
EVG,2026-08-03,2026-08-07,4190.0,4540.0,4180.0,4400.0,4676500,False,2026-08-01/2026-08-07
EVG,2026-08-10,2026-08-14,4300.0,4630.0,4300.0,4400.0,3930100,False,2026-08-08/2026-08-14
EVG,2026-08-17,2026-08-21,4460.0,4460.0,4120.0,4300.0,3695300,False,2026-08-15/2026-08-21
EVG,2026-08-24,2026-08-28,4300.0,4470.0,4200.0,4330.0,2361700,False,2026-08-22/2026-08-28
EVG,2026-08-31,2026-09-04,4320.0,4360.0,4270.0,4270.0,532500,False,2026-08-29/2026-09-04
EVG,2026-09-07,2026-09-11,4300.0,4300.0,4050.0,4090.0,2258900,False,2026-09-05/2026-09-11
EVG,2026-09-14,2026-09-18,4090.0,4180.0,3900.0,4160.0,2045900,False,2026-09-12/2026-09-18
EVG,2026-09-21,2026-09-25,4160.0,4180.0,3990.0,3990.0,2289500,False,2026-09-19/2026-09-25
EVG,2026-09-28,2026-10-02,4060.0,4060.0,3.88,3.88,788900,False,2026-09-26/2026-10-02
FCN,2026-03-30,2026-04-03,12700.0,13300.0,12500.0,12900.0,4225800,False,2026-03-28/2026-04-03
FCN,2026-04-06,2026-04-10,12900.0,14050.0,12500.0,13850.0,5832100,False,2026-04-04/2026-04-10
FCN,2026-04-13,2026-04-17,13500.0,14200.0,13450.0,13850.0,5857200,False,2026-04-11/2026-04-17
FCN,2026-04-20,2026-04-24,13800.0,14000.0,12800.0,13300.0,4170400,False,2026-04-18/2026-04-24
FCN,2026-04-27,2026-05-01,13300.0,13350.0,12950.0,13150.0,1040900,False,2026-04-25/2026-05-01
FCN,2026-05-04,2026-05-08,13350.0,13500.0,12550.0,13300.0,3488300,False,2026-05-02/2026-05-08
FCN,2026-05-11,2026-05-15,13100.0,13200.0,12800.0,13000.0,2631200,False,2026-05-09/2026-05-15
FCN,2026-05-18,2026-05-22,12850.0,13050.0,12300.0,12850.0,2740000,False,2026-05-16/2026-05-22
FCN,2026-05-25,2026-05-29,12850.0,13100.0,12600.0,12800.0,2702100,False,2026-05-23/2026-05-29
FCN,2026-06-01,2026-06-05,12800.0,12800.0,12000.0,12400.0,2207300,False,2026-05-30/2026-06-05
FCN,2026-06-08,2026-06-12,12200.0,12300.0,11850.0,11950.0,2412400,False,2026-06-06/2026-06-12
FCN,2026-06-15,2026-06-19,11950.0,12350.0,11950.0,12100.0,1714500,False,2026-06-13/2026-06-19
FCN,2026-06-22,2026-06-26,12100.0,12100.0,11650.0,11700.0,1355800,False,2026-06-20/2026-06-26
FCN,2026-06-29,2026-07-03,11700.0,12350.0,11700.0,11800.0,2003100,False,2026-06-27/2026-07-03
FCN,2026-07-06,2026-07-10,11850.0,11900.0,11300.0,11400.0,1602800,False,2026-07-04/2026-07-10
FCN,2026-07-13,2026-07-17,11400.0,11400.0,10900.0,11200.0,1432000,False,2026-07-11/2026-07-17
FCN,2026-07-20,2026-07-24,11000.0,11100.0,10250.0,10800.0,1729900,False,2026-07-18/2026-07-24
FCN,2026-07-27,2026-07-31,10750.0,10750.0,9960.0,10650.0,2415400,False,2026-07-25/2026-07-31
FCN,2026-08-03,2026-08-07,10650.0,10950.0,10500.0,10950.0,2428300,False,2026-08-01/2026-08-07
FCN,2026-08-10,2026-08-14,10950.0,11500.0,10800.0,11250.0,2809600,False,2026-08-08/2026-08-14
FCN,2026-08-17,2026-08-21,11050.0,11300.0,10950.0,11200.0,1949200,False,2026-08-15/2026-08-21
FCN,2026-08-24,2026-08-28,11200.0,11750.0,11150.0,11450.0,2324300,False,2026-08-22/2026-08-28
FCN,2026-08-31,2026-09-04,11300.0,11500.0,11200.0,11400.0,663800,False,2026-08-29/2026-09-04
FCN,2026-09-07,2026-09-11,11400.0,11400.0,10700.0,11000.0,2451400,False,2026-09-05/2026-09-11
FCN,2026-09-14,2026-09-18,11000.0,11200.0,10550.0,11200.0,3725700,False,2026-09-12/2026-09-18
FCN,2026-09-21,2026-09-25,11150.0,11150.0,10500.0,10750.0,3087600,False,2026-09-19/2026-09-25
FCN,2026-09-28,2026-10-02,10700.0,10750.0,10.4,10.65,2928300,False,2026-09-26/2026-10-02
FIR,2026-03-30,2026-04-03,4990.0,5250.0,4700.0,5100.0,1488700,False,2026-03-28/2026-04-03
FIR,2026-04-06,2026-04-10,4920.0,5380.0,4920.0,5120.0,479800,False,2026-04-04/2026-04-10
FIR,2026-04-13,2026-04-17,5110.0,5300.0,5040.0,5210.0,1019600,False,2026-04-11/2026-04-17
FIR,2026-04-20,2026-04-24,5200.0,5320.0,5040.0,5200.0,1456200,False,2026-04-18/2026-04-24
FIR,2026-04-27,2026-05-01,5090.0,5290.0,5050.0,5230.0,1176700,False,2026-04-25/2026-05-01
FIR,2026-05-04,2026-05-08,5290.0,5900.0,5100.0,5900.0,2771100,False,2026-05-02/2026-05-08
FIR,2026-05-11,2026-05-15,5970.0,5970.0,5360.0,5400.0,2692000,False,2026-05-09/2026-05-15
FIR,2026-05-18,2026-05-22,5400.0,5400.0,4870.0,5030.0,768000,False,2026-05-16/2026-05-22
FIR,2026-05-25,2026-05-29,5030.0,5490.0,4900.0,5320.0,2718900,False,2026-05-23/2026-05-29
FIR,2026-06-01,2026-06-05,5500.0,5590.0,5130.0,5270.0,863300,False,2026-05-30/2026-06-05
FIR,2026-06-08,2026-06-12,5210.0,5240.0,5020.0,5080.0,461500,False,2026-06-06/2026-06-12
FIR,2026-06-15,2026-06-19,5040.0,5150.0,4950.0,5120.0,926300,False,2026-06-13/2026-06-19
FIR,2026-06-22,2026-06-26,5000.0,5110.0,4970.0,5030.0,190800,False,2026-06-20/2026-06-26
FIR,2026-06-29,2026-07-03,5020.0,5250.0,4980.0,5090.0,786200,False,2026-06-27/2026-07-03
FIR,2026-07-06,2026-07-10,5110.0,5190.0,5000.0,5030.0,891900,False,2026-07-04/2026-07-10
FIR,2026-07-13,2026-07-17,5000.0,5030.0,4710.0,4920.0,336600,False,2026-07-11/2026-07-17
FIR,2026-07-20,2026-07-24,4820.0,4940.0,4540.0,4860.0,1196900,False,2026-07-18/2026-07-24
FIR,2026-07-27,2026-07-31,4860.0,4860.0,4420.0,4610.0,1073400,False,2026-07-25/2026-07-31
FIR,2026-08-03,2026-08-07,4560.0,4730.0,4240.0,4520.0,2033700,False,2026-08-01/2026-08-07
FIR,2026-08-10,2026-08-14,4300.0,4580.0,4050.0,4260.0,2332900,False,2026-08-08/2026-08-14
FIR,2026-08-17,2026-08-21,4260.0,4290.0,3970.0,4250.0,1016000,False,2026-08-15/2026-08-21
FIR,2026-08-24,2026-08-28,4220.0,4270.0,3960.0,3960.0,1699500,False,2026-08-22/2026-08-28
FIR,2026-08-31,2026-09-04,3970.0,3980.0,3690.0,3790.0,277800,False,2026-08-29/2026-09-04
FIR,2026-09-07,2026-09-11,3770.0,3770.0,3040.0,3040.0,1103000,False,2026-09-05/2026-09-11
FIR,2026-09-14,2026-09-18,2860.0,3030.0,2700.0,2890.0,1147800,False,2026-09-12/2026-09-18
FIR,2026-09-21,2026-09-25,2890.0,2900.0,2700.0,2700.0,218000,False,2026-09-19/2026-09-25
FIR,2026-09-28,2026-10-02,2700.0,2700.0,2.42,2.52,212100,False,2026-09-26/2026-10-02
FIT,2026-03-30,2026-04-03,4300.0,4360.0,4200.0,4230.0,1961000,False,2026-03-28/2026-04-03
FIT,2026-04-06,2026-04-10,4230.0,4500.0,4120.0,4310.0,2408400,False,2026-04-04/2026-04-10
FIT,2026-04-13,2026-04-17,4310.0,4350.0,4210.0,4240.0,1396100,False,2026-04-11/2026-04-17
FIT,2026-04-20,2026-04-24,4240.0,4280.0,4140.0,4150.0,1317000,False,2026-04-18/2026-04-24
FIT,2026-04-27,2026-05-01,4150.0,4200.0,4120.0,4160.0,445200,False,2026-04-25/2026-05-01
FIT,2026-05-04,2026-05-08,4150.0,4440.0,4150.0,4250.0,2467800,False,2026-05-02/2026-05-08
FIT,2026-05-11,2026-05-15,4250.0,4290.0,4100.0,4100.0,1721900,False,2026-05-09/2026-05-15
FIT,2026-05-18,2026-05-22,4100.0,4190.0,3950.0,3950.0,1852200,False,2026-05-16/2026-05-22
FIT,2026-05-25,2026-05-29,3960.0,4000.0,3830.0,3850.0,1355000,False,2026-05-23/2026-05-29
FIT,2026-06-01,2026-06-05,3880.0,4270.0,3800.0,3880.0,3264400,False,2026-05-30/2026-06-05
FIT,2026-06-08,2026-06-12,3880.0,4000.0,3750.0,3890.0,2438900,False,2026-06-06/2026-06-12
FIT,2026-06-15,2026-06-19,3900.0,3970.0,3840.0,3840.0,1369200,False,2026-06-13/2026-06-19
FIT,2026-06-22,2026-06-26,3840.0,3890.0,3720.0,3720.0,1125300,False,2026-06-20/2026-06-26
FIT,2026-06-29,2026-07-03,3750.0,3950.0,3690.0,3810.0,1357100,False,2026-06-27/2026-07-03
FIT,2026-07-06,2026-07-10,3810.0,3840.0,3550.0,3550.0,1758600,False,2026-07-04/2026-07-10
FIT,2026-07-13,2026-07-17,3540.0,3600.0,3370.0,3370.0,1482900,False,2026-07-11/2026-07-17
FIT,2026-07-20,2026-07-24,3370.0,3390.0,3000.0,3070.0,1673400,False,2026-07-18/2026-07-24
FIT,2026-07-27,2026-07-31,3120.0,3120.0,2900.0,3000.0,1127600,False,2026-07-25/2026-07-31
FIT,2026-08-03,2026-08-07,3000.0,3240.0,2970.0,3100.0,1385300,False,2026-08-01/2026-08-07
FIT,2026-08-10,2026-08-14,3130.0,3150.0,3090.0,3110.0,903500,False,2026-08-08/2026-08-14
FIT,2026-08-17,2026-08-21,3110.0,3160.0,3060.0,3160.0,623200,False,2026-08-15/2026-08-21
FIT,2026-08-24,2026-08-28,3160.0,3180.0,3080.0,3080.0,952300,False,2026-08-22/2026-08-28
FIT,2026-08-31,2026-09-04,3080.0,3080.0,2990.0,2990.0,513400,False,2026-08-29/2026-09-04
FIT,2026-09-07,2026-09-11,2990.0,3020.0,2880.0,2890.0,1046600,False,2026-09-05/2026-09-11
FIT,2026-09-14,2026-09-18,2890.0,3080.0,2810.0,3030.0,1529000,False,2026-09-12/2026-09-18
FIT,2026-09-21,2026-09-25,3030.0,3070.0,2850.0,2880.0,1102600,False,2026-09-19/2026-09-25
FIT,2026-09-28,2026-10-02,2880.0,3000.0,2.87,2.91,1496500,False,2026-09-26/2026-10-02
FPT,2026-03-30,2026-04-03,66736.0,68440.0,65929.0,66377.0,33545500,False,2026-03-28/2026-04-03
FPT,2026-04-06,2026-04-10,66377.0,71042.0,65929.0,69696.0,36287900,False,2026-04-04/2026-04-10
FPT,2026-04-13,2026-04-17,68978.0,69965.0,66377.0,68171.0,50365400,False,2026-04-11/2026-04-17
FPT,2026-04-20,2026-04-24,68440.0,69427.0,65660.0,65839.0,40569100,False,2026-04-18/2026-04-24
FPT,2026-04-27,2026-05-01,65839.0,67723.0,65390.0,67723.0,18666800,False,2026-04-25/2026-05-01
FPT,2026-05-04,2026-05-08,67184.0,67364.0,64494.0,64494.0,48213300,False,2026-05-02/2026-05-08
FPT,2026-05-11,2026-05-15,64314.0,67543.0,62789.0,65390.0,64911600,False,2026-05-09/2026-05-15
FPT,2026-05-18,2026-05-22,65390.0,70414.0,64583.0,67364.0,79058100,False,2026-05-16/2026-05-22
FPT,2026-05-25,2026-05-29,66915.0,67812.0,64382.0,65109.0,40815700,False,2026-05-23/2026-05-29
FPT,2026-06-01,2026-06-05,65655.0,70656.0,65564.0,68201.0,71142100,False,2026-05-30/2026-06-05
FPT,2026-06-08,2026-06-12,67019.0,67746.0,66018.0,66837.0,32618000,False,2026-06-06/2026-06-12
FPT,2026-06-15,2026-06-19,67655.0,68383.0,64382.0,65018.0,50855600,False,2026-06-13/2026-06-19
FPT,2026-06-22,2026-06-26,65018.0,65291.0,63745.0,64382.0,31891400,False,2026-06-20/2026-06-26
FPT,2026-06-29,2026-07-03,64291.0,66655.0,63836.0,65746.0,35505500,False,2026-06-27/2026-07-03
FPT,2026-07-06,2026-07-10,65837.0,67291.0,64200.0,64200.0,34878200,False,2026-07-04/2026-07-10
FPT,2026-07-13,2026-07-17,63927.0,64836.0,58835.0,60926.0,52655500,False,2026-07-11/2026-07-17
FPT,2026-07-20,2026-07-24,60835.0,61744.0,57107.0,57198.0,37040000,False,2026-07-18/2026-07-24
FPT,2026-07-27,2026-07-31,57380.0,61744.0,55925.0,61017.0,29788000,False,2026-07-25/2026-07-31
FPT,2026-08-03,2026-08-07,61290.0,66655.0,61199.0,64382.0,38672500,False,2026-08-01/2026-08-07
FPT,2026-08-10,2026-08-14,64472.0,66473.0,61835.0,62108.0,30456300,False,2026-08-08/2026-08-14
FPT,2026-08-17,2026-08-21,62199.0,65473.0,62017.0,65473.0,20813200,False,2026-08-15/2026-08-21
FPT,2026-08-24,2026-08-28,65927.0,67291.0,64291.0,66564.0,33202900,False,2026-08-22/2026-08-28
FPT,2026-08-31,2026-09-04,66382.0,66382.0,65473.0,66200.0,7647700,False,2026-08-29/2026-09-04
FPT,2026-09-07,2026-09-11,66382.0,68019.0,65473.0,66109.0,32565300,False,2026-09-05/2026-09-11
FPT,2026-09-14,2026-09-18,66200.0,68019.0,65018.0,65200.0,38713300,False,2026-09-12/2026-09-18
FPT,2026-09-21,2026-09-25,66500.0,67000.0,64600.0,64700.0,24758900,False,2026-09-19/2026-09-25
FPT,2026-09-28,2026-10-02,64700.0,64800.0,63.0,63.0,11308100,False,2026-09-26/2026-10-02
FRT,2026-03-30,2026-04-03,151530.0,151530.0,141625.0,144768.0,1910600,False,2026-03-28/2026-04-03
FRT,2026-04-06,2026-04-10,145720.0,147625.0,139720.0,144768.0,1766900,False,2026-04-04/2026-04-10
FRT,2026-04-13,2026-04-17,144291.0,149244.0,141625.0,144863.0,1679100,False,2026-04-11/2026-04-17
FRT,2026-04-20,2026-04-24,145720.0,145720.0,136482.0,137625.0,1442400,False,2026-04-18/2026-04-24
FRT,2026-04-27,2026-05-01,137625.0,141910.0,136196.0,141910.0,795200,False,2026-04-25/2026-05-01
FRT,2026-05-04,2026-05-08,140291.0,142291.0,136863.0,138101.0,1221400,False,2026-05-02/2026-05-08
FRT,2026-05-11,2026-05-15,137053.0,138101.0,127624.0,127624.0,2048100,False,2026-05-09/2026-05-15
FRT,2026-05-18,2026-05-22,127624.0,129053.0,122386.0,123148.0,2025500,False,2026-05-16/2026-05-22
FRT,2026-05-25,2026-05-29,124576.0,125053.0,123338.0,124005.0,1186800,False,2026-05-23/2026-05-29
FRT,2026-06-01,2026-06-05,123624.0,124672.0,113338.0,118862.0,2071100,False,2026-05-30/2026-06-05
FRT,2026-06-08,2026-06-12,117148.0,119052.0,113338.0,115243.0,2476300,False,2026-06-06/2026-06-12
FRT,2026-06-15,2026-06-19,116862.0,127434.0,114766.0,123814.0,2818700,False,2026-06-13/2026-06-19
FRT,2026-06-22,2026-06-26,123148.0,124672.0,118005.0,118100.0,1881400,False,2026-06-20/2026-06-26
FRT,2026-06-29,2026-07-03,121100.0,123100.0,117500.0,120400.0,1028100,False,2026-06-27/2026-07-03
FRT,2026-07-06,2026-07-10,120300.0,120300.0,113900.0,113900.0,939600,False,2026-07-04/2026-07-10
FRT,2026-07-13,2026-07-17,113300.0,114900.0,108500.0,111800.0,897000,False,2026-07-11/2026-07-17
FRT,2026-07-20,2026-07-24,113000.0,113000.0,100200.0,107800.0,2153900,False,2026-07-18/2026-07-24
FRT,2026-07-27,2026-07-31,108100.0,124400.0,104000.0,124400.0,2697400,False,2026-07-25/2026-07-31
FRT,2026-08-03,2026-08-07,126000.0,139000.0,125900.0,132000.0,3976200,False,2026-08-01/2026-08-07
FRT,2026-08-10,2026-08-14,134000.0,148500.0,132000.0,142900.0,4372400,False,2026-08-08/2026-08-14
FRT,2026-08-17,2026-08-21,143200.0,151500.0,138000.0,143500.0,2912100,False,2026-08-15/2026-08-21
FRT,2026-08-24,2026-08-28,143000.0,148000.0,142600.0,145900.0,1493400,False,2026-08-22/2026-08-28
FRT,2026-08-31,2026-09-04,144200.0,144200.0,139000.0,142700.0,433200,False,2026-08-29/2026-09-04
FRT,2026-09-07,2026-09-11,143000.0,143000.0,136000.0,137000.0,1507300,False,2026-09-05/2026-09-11
FRT,2026-09-14,2026-09-18,137000.0,138500.0,127500.0,130900.0,2371100,False,2026-09-12/2026-09-18
FRT,2026-09-21,2026-09-25,131000.0,143100.0,129300.0,141900.0,3894100,False,2026-09-19/2026-09-25
FRT,2026-09-28,2026-10-02,141600.0,143000.0,140.3,147.0,2492100,False,2026-09-26/2026-10-02
FTS,2026-03-30,2026-04-03,22123.0,25245.0,22123.0,24576.0,6324900,False,2026-03-28/2026-04-03
FTS,2026-04-06,2026-04-10,24397.0,26538.0,23907.0,24977.0,5912500,False,2026-04-04/2026-04-10
FTS,2026-04-13,2026-04-17,24665.0,25691.0,24353.0,24576.0,3410500,False,2026-04-11/2026-04-17
FTS,2026-04-20,2026-04-24,24799.0,24977.0,22301.0,23595.0,2949800,False,2026-04-18/2026-04-24
FTS,2026-04-27,2026-05-01,23505.0,23818.0,22926.0,23238.0,797700,False,2026-04-25/2026-05-01
FTS,2026-05-04,2026-05-08,23951.0,24264.0,23059.0,23639.0,2980500,False,2026-05-02/2026-05-08
FTS,2026-05-11,2026-05-15,23461.0,24219.0,23327.0,23773.0,2762500,False,2026-05-09/2026-05-15
FTS,2026-05-18,2026-05-22,23728.0,24700.0,23015.0,24350.0,3709000,False,2026-05-16/2026-05-22
FTS,2026-05-25,2026-05-29,24300.0,24550.0,23700.0,24000.0,2707400,False,2026-05-23/2026-05-29
FTS,2026-06-01,2026-06-05,24000.0,24550.0,23350.0,23800.0,2679300,False,2026-05-30/2026-06-05
FTS,2026-06-08,2026-06-12,23700.0,23700.0,22550.0,23000.0,2415700,False,2026-06-06/2026-06-12
FTS,2026-06-15,2026-06-19,23300.0,28150.0,23300.0,26950.0,13707200,False,2026-06-13/2026-06-19
FTS,2026-06-22,2026-06-26,26950.0,27650.0,25550.0,26400.0,8407100,False,2026-06-20/2026-06-26
FTS,2026-06-29,2026-07-03,26500.0,28350.0,25900.0,28000.0,10856800,False,2026-06-27/2026-07-03
FTS,2026-07-06,2026-07-10,28000.0,28500.0,26350.0,26850.0,10148800,False,2026-07-04/2026-07-10
FTS,2026-07-13,2026-07-17,26450.0,26800.0,23950.0,24200.0,8499200,False,2026-07-11/2026-07-17
FTS,2026-07-20,2026-07-24,23950.0,23950.0,21400.0,21600.0,7885600,False,2026-07-18/2026-07-24
FTS,2026-07-27,2026-07-31,21900.0,22050.0,19700.0,21400.0,7110800,False,2026-07-25/2026-07-31
FTS,2026-08-03,2026-08-07,21600.0,22600.0,21600.0,21850.0,3787700,False,2026-08-01/2026-08-07
FTS,2026-08-10,2026-08-14,21900.0,23300.0,21500.0,21950.0,5971800,False,2026-08-08/2026-08-14
FTS,2026-08-17,2026-08-21,21800.0,23000.0,21300.0,23000.0,3515500,False,2026-08-15/2026-08-21
FTS,2026-08-24,2026-08-28,23500.0,23500.0,22300.0,22750.0,4356300,False,2026-08-22/2026-08-28
FTS,2026-08-31,2026-09-04,22550.0,22950.0,22300.0,22450.0,1205300,False,2026-08-29/2026-09-04
FTS,2026-09-07,2026-09-11,22450.0,22500.0,20400.0,20550.0,3670700,False,2026-09-05/2026-09-11
FTS,2026-09-14,2026-09-18,20550.0,21150.0,20000.0,21000.0,3308600,False,2026-09-12/2026-09-18
FTS,2026-09-21,2026-09-25,21200.0,21200.0,20000.0,20100.0,2173100,False,2026-09-19/2026-09-25
FTS,2026-09-28,2026-10-02,20200.0,20200.0,19.1,19.15,1945000,False,2026-09-26/2026-10-02
GAS,2026-03-30,2026-04-03,79783.0,80852.0,75896.0,77451.0,9435100,False,2026-03-28/2026-04-03
GAS,2026-04-06,2026-04-10,77937.0,80075.0,73661.0,78423.0,7754100,False,2026-04-04/2026-04-10
GAS,2026-04-13,2026-04-17,78909.0,79881.0,75896.0,77840.0,5610900,False,2026-04-11/2026-04-17
GAS,2026-04-20,2026-04-24,77743.0,79006.0,73758.0,76091.0,6003700,False,2026-04-18/2026-04-24
GAS,2026-04-27,2026-05-01,75799.0,75993.0,70940.0,73078.0,3235000,False,2026-04-25/2026-05-01
GAS,2026-05-04,2026-05-08,74827.0,78229.0,72398.0,72592.0,9680800,False,2026-05-02/2026-05-08
GAS,2026-05-11,2026-05-15,72981.0,86877.0,71329.0,86877.0,18797200,False,2026-05-09/2026-05-15
GAS,2026-05-18,2026-05-22,89113.0,92805.0,78812.0,82504.0,17401200,False,2026-05-16/2026-05-22
GAS,2026-05-25,2026-05-29,79978.0,84934.0,77257.0,84934.0,9853700,False,2026-05-23/2026-05-29
GAS,2026-06-01,2026-06-05,85517.0,86683.0,79492.0,82602.0,7077600,False,2026-05-30/2026-06-05
GAS,2026-06-08,2026-06-12,81241.0,84642.0,79589.0,82699.0,4981700,False,2026-06-06/2026-06-12
GAS,2026-06-15,2026-06-19,80950.0,81921.0,77451.0,78909.0,5609000,False,2026-06-13/2026-06-19
GAS,2026-06-22,2026-06-26,79297.0,80269.0,74244.0,74827.0,6489100,False,2026-06-20/2026-06-26
GAS,2026-06-29,2026-07-03,75022.0,77645.0,73175.0,73175.0,3961700,False,2026-06-27/2026-07-03
GAS,2026-07-06,2026-07-10,73370.0,76285.0,70940.0,73078.0,5423200,False,2026-07-04/2026-07-10
GAS,2026-07-13,2026-07-17,74341.0,76577.0,72398.0,74050.0,5665200,False,2026-07-11/2026-07-17
GAS,2026-07-20,2026-07-24,74439.0,75410.0,62583.0,65304.0,10459000,False,2026-07-18/2026-07-24
GAS,2026-07-27,2026-07-31,65109.0,67830.0,64235.0,66664.0,4377900,False,2026-07-25/2026-07-31
GAS,2026-08-03,2026-08-07,66664.0,72495.0,66178.0,72495.0,5930200,False,2026-08-01/2026-08-07
GAS,2026-08-10,2026-08-14,74730.0,78326.0,72787.0,73856.0,9013300,False,2026-08-08/2026-08-14
GAS,2026-08-17,2026-08-21,74050.0,82213.0,74050.0,81144.0,9161100,False,2026-08-15/2026-08-21
GAS,2026-08-24,2026-08-28,81435.0,85128.0,79686.0,81824.0,9529500,False,2026-08-22/2026-08-28
GAS,2026-08-31,2026-09-04,82893.0,85031.0,80075.0,81630.0,3038900,False,2026-08-29/2026-09-04
GAS,2026-09-07,2026-09-11,81338.0,85128.0,80172.0,80561.0,7160300,False,2026-09-05/2026-09-11
GAS,2026-09-14,2026-09-18,82699.0,90376.0,81630.0,85517.0,12054500,False,2026-09-12/2026-09-18
GAS,2026-09-21,2026-09-25,85031.0,87400.0,80500.0,80500.0,6496100,False,2026-09-19/2026-09-25
GAS,2026-09-28,2026-10-02,81800.0,85700.0,82.0,82.0,3936500,False,2026-09-26/2026-10-02
GEE,2026-03-30,2026-04-03,95318.0,120699.0,94754.0,109588.0,8147300,False,2026-03-28/2026-04-03
GEE,2026-04-06,2026-04-10,109588.0,113367.0,103948.0,110490.0,3884500,False,2026-04-04/2026-04-10
GEE,2026-04-13,2026-04-17,110490.0,113028.0,101241.0,101241.0,3187800,False,2026-04-11/2026-04-17
GEE,2026-04-20,2026-04-24,101805.0,111675.0,95882.0,98702.0,4585500,False,2026-04-18/2026-04-24
GEE,2026-04-27,2026-05-01,99830.0,102087.0,97405.0,98646.0,991700,False,2026-04-25/2026-05-01
GEE,2026-05-04,2026-05-08,99266.0,128887.0,96334.0,126321.0,9754700,False,2026-05-02/2026-05-08
GEE,2026-05-11,2026-05-15,127308.0,135104.0,115465.0,119413.0,9140200,False,2026-05-09/2026-05-15
GEE,2026-05-18,2026-05-22,119906.0,123262.0,106090.0,107373.0,6705900,False,2026-05-16/2026-05-22
GEE,2026-05-25,2026-05-29,107570.0,113492.0,100761.0,100761.0,7640200,False,2026-05-23/2026-05-29
GEE,2026-06-01,2026-06-05,101649.0,106583.0,98787.0,100662.0,5985300,False,2026-05-30/2026-06-05
GEE,2026-06-08,2026-06-12,100662.0,100662.0,90475.0,91963.0,6592900,False,2026-06-06/2026-06-12
GEE,2026-06-15,2026-06-19,92757.0,98015.0,92062.0,92261.0,8483100,False,2026-06-13/2026-06-19
GEE,2026-06-22,2026-06-26,92955.0,92955.0,87300.0,89483.0,6129000,False,2026-06-20/2026-06-26
GEE,2026-06-29,2026-07-03,90475.0,93848.0,87400.0,87499.0,6084700,False,2026-06-27/2026-07-03
GEE,2026-07-06,2026-07-10,88193.0,88193.0,78372.0,79463.0,7473100,False,2026-07-04/2026-07-10
GEE,2026-07-13,2026-07-17,79662.0,83531.0,74900.0,80654.0,5772700,False,2026-07-11/2026-07-17
GEE,2026-07-20,2026-07-24,80257.0,80257.0,64781.0,67360.0,6676300,False,2026-07-18/2026-07-24
GEE,2026-07-27,2026-07-31,67459.0,67658.0,60714.0,66269.0,5350400,False,2026-07-25/2026-07-31
GEE,2026-08-03,2026-08-07,66666.0,71428.0,66368.0,66567.0,5324600,False,2026-08-01/2026-08-07
GEE,2026-08-10,2026-08-14,66963.0,77082.0,66467.0,66963.0,11360700,False,2026-08-08/2026-08-14
GEE,2026-08-17,2026-08-21,67261.0,69344.0,64186.0,67658.0,5847200,False,2026-08-15/2026-08-21
GEE,2026-08-24,2026-08-28,68452.0,68948.0,64086.0,64285.0,7096000,False,2026-08-22/2026-08-28
GEE,2026-08-31,2026-09-04,64285.0,64880.0,62003.0,62003.0,2352200,False,2026-08-29/2026-09-04
GEE,2026-09-07,2026-09-11,62301.0,64285.0,59920.0,61507.0,5142100,False,2026-09-05/2026-09-11
GEE,2026-09-14,2026-09-18,61011.0,67100.0,56547.0,63900.0,9466800,False,2026-09-12/2026-09-18
GEE,2026-09-21,2026-09-25,65000.0,74000.0,61800.0,73900.0,11061600,False,2026-09-19/2026-09-25
GEE,2026-09-28,2026-10-02,75500.0,75500.0,71.5,75.7,5965500,False,2026-09-26/2026-10-02
GEG,2026-03-30,2026-04-03,16048.0,16571.0,15095.0,15095.0,11719300,False,2026-03-28/2026-04-03
GEG,2026-04-06,2026-04-10,15143.0,15190.0,14143.0,14476.0,8576500,False,2026-04-04/2026-04-10
GEG,2026-04-13,2026-04-17,14571.0,15000.0,14476.0,14571.0,4297800,False,2026-04-11/2026-04-17
GEG,2026-04-20,2026-04-24,14714.0,14714.0,13619.0,13905.0,5272900,False,2026-04-18/2026-04-24
GEG,2026-04-27,2026-05-01,13952.0,13952.0,13571.0,13619.0,1046800,False,2026-04-25/2026-05-01
GEG,2026-05-04,2026-05-08,13714.0,13905.0,13524.0,13619.0,2221000,False,2026-05-02/2026-05-08
GEG,2026-05-11,2026-05-15,13619.0,13714.0,13429.0,13476.0,2076000,False,2026-05-09/2026-05-15
GEG,2026-05-18,2026-05-22,13524.0,13571.0,13143.0,13429.0,1991500,False,2026-05-16/2026-05-22
GEG,2026-05-25,2026-05-29,13429.0,13714.0,13238.0,13381.0,2607000,False,2026-05-23/2026-05-29
GEG,2026-06-01,2026-06-05,13476.0,13524.0,13238.0,13238.0,1537800,False,2026-05-30/2026-06-05
GEG,2026-06-08,2026-06-12,13095.0,13500.0,12900.0,13350.0,1500400,False,2026-06-06/2026-06-12
GEG,2026-06-15,2026-06-19,13250.0,13600.0,13250.0,13550.0,1266000,False,2026-06-13/2026-06-19
GEG,2026-06-22,2026-06-26,13550.0,13700.0,13400.0,13700.0,1677600,False,2026-06-20/2026-06-26
GEG,2026-06-29,2026-07-03,13700.0,14700.0,13500.0,13700.0,3000000,False,2026-06-27/2026-07-03
GEG,2026-07-06,2026-07-10,13700.0,13800.0,13150.0,13200.0,1299800,False,2026-07-04/2026-07-10
GEG,2026-07-13,2026-07-17,13200.0,13300.0,12800.0,12800.0,1278600,False,2026-07-11/2026-07-17
GEG,2026-07-20,2026-07-24,12750.0,12800.0,11700.0,11950.0,1355800,False,2026-07-18/2026-07-24
GEG,2026-07-27,2026-07-31,12000.0,12250.0,11700.0,12100.0,906700,False,2026-07-25/2026-07-31
GEG,2026-08-03,2026-08-07,11950.0,12300.0,11950.0,12100.0,1206700,False,2026-08-01/2026-08-07
GEG,2026-08-10,2026-08-14,12200.0,12450.0,12100.0,12400.0,1030700,False,2026-08-08/2026-08-14
GEG,2026-08-17,2026-08-21,12400.0,12750.0,12300.0,12700.0,637800,False,2026-08-15/2026-08-21
GEG,2026-08-24,2026-08-28,12800.0,12800.0,12550.0,12700.0,982900,False,2026-08-22/2026-08-28
GEG,2026-08-31,2026-09-04,12650.0,12850.0,12600.0,12850.0,524500,False,2026-08-29/2026-09-04
GEG,2026-09-07,2026-09-11,12900.0,12900.0,12300.0,12400.0,606000,False,2026-09-05/2026-09-11
GEG,2026-09-14,2026-09-18,12300.0,12400.0,12200.0,12350.0,666600,False,2026-09-12/2026-09-18
GEG,2026-09-21,2026-09-25,12300.0,12400.0,12050.0,12100.0,834600,False,2026-09-19/2026-09-25
GEG,2026-09-28,2026-10-02,12050.0,12100.0,11.9,11.9,419600,False,2026-09-26/2026-10-02
GEX,2026-03-30,2026-04-03,24445.0,26100.0,23928.0,24342.0,37736700,False,2026-03-28/2026-04-03
GEX,2026-04-06,2026-04-10,24480.0,28479.0,24342.0,27652.0,49415100,False,2026-04-04/2026-04-10
GEX,2026-04-13,2026-04-17,27583.0,29134.0,26893.0,26893.0,47857000,False,2026-04-11/2026-04-17
GEX,2026-04-20,2026-04-24,27548.0,28617.0,26617.0,27445.0,45591700,False,2026-04-18/2026-04-24
GEX,2026-04-27,2026-05-01,27652.0,27859.0,26824.0,26962.0,12970200,False,2026-04-25/2026-05-01
GEX,2026-05-04,2026-05-08,27307.0,33550.0,26755.0,33500.0,97835500,False,2026-05-02/2026-05-08
GEX,2026-05-11,2026-05-15,34000.0,36100.0,32850.0,34900.0,97606400,False,2026-05-09/2026-05-15
GEX,2026-05-18,2026-05-22,34600.0,37450.0,32800.0,32800.0,101049400,False,2026-05-16/2026-05-22
GEX,2026-05-25,2026-05-29,32800.0,34950.0,31850.0,32100.0,52503800,False,2026-05-23/2026-05-29
GEX,2026-06-01,2026-06-05,32400.0,33050.0,30800.0,32000.0,42136900,False,2026-05-30/2026-06-05
GEX,2026-06-08,2026-06-12,31700.0,31800.0,29500.0,29500.0,47059000,False,2026-06-06/2026-06-12
GEX,2026-06-15,2026-06-19,30000.0,32250.0,29900.0,30000.0,67507300,False,2026-06-13/2026-06-19
GEX,2026-06-22,2026-06-26,30200.0,31250.0,29800.0,30150.0,42292700,False,2026-06-20/2026-06-26
GEX,2026-06-29,2026-07-03,30400.0,31900.0,30200.0,30550.0,58524900,False,2026-06-27/2026-07-03
GEX,2026-07-06,2026-07-10,30800.0,30800.0,26500.0,26600.0,75523600,False,2026-07-04/2026-07-10
GEX,2026-07-13,2026-07-17,26500.0,26800.0,24000.0,25000.0,49987700,False,2026-07-11/2026-07-17
GEX,2026-07-20,2026-07-24,24800.0,24800.0,20200.0,21800.0,78319600,False,2026-07-18/2026-07-24
GEX,2026-07-27,2026-07-31,22000.0,23050.0,19700.0,22500.0,71922300,False,2026-07-25/2026-07-31
GEX,2026-08-03,2026-08-07,22850.0,25300.0,22750.0,24550.0,66102300,False,2026-08-01/2026-08-07
GEX,2026-08-10,2026-08-14,24900.0,26850.0,24450.0,24650.0,70487800,False,2026-08-08/2026-08-14
GEX,2026-08-17,2026-08-21,24650.0,26250.0,24050.0,26250.0,43867800,False,2026-08-15/2026-08-21
GEX,2026-08-24,2026-08-28,26800.0,27200.0,25700.0,26450.0,49351100,False,2026-08-22/2026-08-28
GEX,2026-08-31,2026-09-04,26400.0,26400.0,25700.0,25950.0,12327600,False,2026-08-29/2026-09-04
GEX,2026-09-07,2026-09-11,26100.0,26100.0,23950.0,23950.0,33374900,False,2026-09-05/2026-09-11
GEX,2026-09-14,2026-09-18,23800.0,25050.0,22300.0,24400.0,70885600,False,2026-09-12/2026-09-18
GEX,2026-09-21,2026-09-25,25000.0,25000.0,23650.0,24000.0,27244300,False,2026-09-19/2026-09-25
GEX,2026-09-28,2026-10-02,24050.0,24150.0,23.95,24.1,18207500,False,2026-09-26/2026-10-02
GIL,2026-03-30,2026-04-03,13500.0,13750.0,13350.0,13350.0,932100,False,2026-03-28/2026-04-03
GIL,2026-04-06,2026-04-10,13550.0,14000.0,13350.0,13850.0,1121200,False,2026-04-04/2026-04-10
GIL,2026-04-13,2026-04-17,13850.0,14150.0,13500.0,13600.0,1152700,False,2026-04-11/2026-04-17
GIL,2026-04-20,2026-04-24,13800.0,13800.0,13200.0,13400.0,797000,False,2026-04-18/2026-04-24
GIL,2026-04-27,2026-05-01,13400.0,13500.0,13000.0,13500.0,357800,False,2026-04-25/2026-05-01
GIL,2026-05-04,2026-05-08,13450.0,13450.0,13150.0,13200.0,441900,False,2026-05-02/2026-05-08
GIL,2026-05-11,2026-05-15,13200.0,13200.0,12800.0,12850.0,638600,False,2026-05-09/2026-05-15
GIL,2026-05-18,2026-05-22,12850.0,13000.0,12200.0,12350.0,925600,False,2026-05-16/2026-05-22
GIL,2026-05-25,2026-05-29,12400.0,12850.0,12150.0,12400.0,770200,False,2026-05-23/2026-05-29
GIL,2026-06-01,2026-06-05,12400.0,12400.0,11750.0,12000.0,554900,False,2026-05-30/2026-06-05
GIL,2026-06-08,2026-06-12,12000.0,12000.0,11550.0,11650.0,408300,False,2026-06-06/2026-06-12
GIL,2026-06-15,2026-06-19,11700.0,12000.0,11450.0,11750.0,492000,False,2026-06-13/2026-06-19
GIL,2026-06-22,2026-06-26,11750.0,11850.0,11400.0,11500.0,394700,False,2026-06-20/2026-06-26
GIL,2026-06-29,2026-07-03,11500.0,11900.0,11400.0,11550.0,323000,False,2026-06-27/2026-07-03
GIL,2026-07-06,2026-07-10,11600.0,11650.0,10650.0,10650.0,1215200,False,2026-07-04/2026-07-10
GIL,2026-07-13,2026-07-17,9910.0,9910.0,7840.0,7840.0,3392200,False,2026-07-11/2026-07-17
GIL,2026-07-20,2026-07-24,7400.0,7780.0,6710.0,6890.0,1805700,False,2026-07-18/2026-07-24
GIL,2026-07-27,2026-07-31,6900.0,6930.0,6410.0,6660.0,1011800,False,2026-07-25/2026-07-31
GIL,2026-08-03,2026-08-07,6660.0,8380.0,6660.0,7660.0,1674900,False,2026-08-01/2026-08-07
GIL,2026-08-10,2026-08-14,7680.0,9260.0,7680.0,8480.0,1807300,False,2026-08-08/2026-08-14
GIL,2026-08-17,2026-08-21,8300.0,8590.0,7610.0,8000.0,445800,False,2026-08-15/2026-08-21
GIL,2026-08-24,2026-08-28,8020.0,8280.0,7800.0,7900.0,632600,False,2026-08-22/2026-08-28
GIL,2026-08-31,2026-09-04,7850.0,8000.0,7700.0,7700.0,181600,False,2026-08-29/2026-09-04
GIL,2026-09-07,2026-09-11,7700.0,7840.0,7400.0,7600.0,950000,False,2026-09-05/2026-09-11
GIL,2026-09-14,2026-09-18,7550.0,8650.0,7480.0,8370.0,1160300,False,2026-09-12/2026-09-18
GIL,2026-09-21,2026-09-25,8280.0,8380.0,8000.0,8120.0,778000,False,2026-09-19/2026-09-25
GIL,2026-09-28,2026-10-02,8120.0,8120.0,7.83,7.92,301800,False,2026-09-26/2026-10-02
GMD,2026-03-30,2026-04-03,75117.0,78615.0,67926.0,68703.0,14271400,False,2026-03-28/2026-04-03
GMD,2026-04-06,2026-04-10,68898.0,72979.0,68217.0,70550.0,7041900,False,2026-04-04/2026-04-10
GMD,2026-04-13,2026-04-17,69481.0,73854.0,68995.0,72493.0,7187800,False,2026-04-11/2026-04-17
GMD,2026-04-20,2026-04-24,72882.0,73562.0,71133.0,72882.0,5968100,False,2026-04-18/2026-04-24
GMD,2026-04-27,2026-05-01,73465.0,73659.0,72299.0,73173.0,1615900,False,2026-04-25/2026-05-01
GMD,2026-05-04,2026-05-08,73659.0,78712.0,72396.0,78421.0,9023600,False,2026-05-02/2026-05-08
GMD,2026-05-11,2026-05-15,78712.0,80170.0,76963.0,77644.0,7246800,False,2026-05-09/2026-05-15
GMD,2026-05-18,2026-05-22,77644.0,78518.0,72900.0,73600.0,5152500,False,2026-05-16/2026-05-22
GMD,2026-05-25,2026-05-29,73500.0,76500.0,72000.0,72300.0,3909900,False,2026-05-23/2026-05-29
GMD,2026-06-01,2026-06-05,72300.0,77200.0,71900.0,76200.0,4278100,False,2026-05-30/2026-06-05
GMD,2026-06-08,2026-06-12,76300.0,77100.0,74600.0,76000.0,3410100,False,2026-06-06/2026-06-12
GMD,2026-06-15,2026-06-19,76600.0,80000.0,75800.0,77000.0,7583100,False,2026-06-13/2026-06-19
GMD,2026-06-22,2026-06-26,76100.0,77200.0,72600.0,73000.0,4744200,False,2026-06-20/2026-06-26
GMD,2026-06-29,2026-07-03,73000.0,76500.0,72400.0,76400.0,5563800,False,2026-06-27/2026-07-03
GMD,2026-07-06,2026-07-10,76300.0,78200.0,73400.0,75300.0,8070000,False,2026-07-04/2026-07-10
GMD,2026-07-13,2026-07-17,75400.0,79300.0,74200.0,77500.0,8261200,False,2026-07-11/2026-07-17
GMD,2026-07-20,2026-07-24,76700.0,77400.0,67000.0,73200.0,9264300,False,2026-07-18/2026-07-24
GMD,2026-07-27,2026-07-31,73000.0,77000.0,71500.0,77000.0,5995500,False,2026-07-25/2026-07-31
GMD,2026-08-03,2026-08-07,76400.0,78400.0,75800.0,77200.0,4307100,False,2026-08-01/2026-08-07
GMD,2026-08-10,2026-08-14,78300.0,82000.0,76400.0,78700.0,8277500,False,2026-08-08/2026-08-14
GMD,2026-08-17,2026-08-21,78700.0,80600.0,77000.0,77400.0,9244900,False,2026-08-15/2026-08-21
GMD,2026-08-24,2026-08-28,77800.0,81300.0,77100.0,79500.0,4955300,False,2026-08-22/2026-08-28
GMD,2026-08-31,2026-09-04,79500.0,79500.0,77300.0,77400.0,1654000,False,2026-08-29/2026-09-04
GMD,2026-09-07,2026-09-11,77500.0,78000.0,74200.0,74600.0,3416300,False,2026-09-05/2026-09-11
GMD,2026-09-14,2026-09-18,74600.0,77600.0,73500.0,77300.0,3619500,False,2026-09-12/2026-09-18
GMD,2026-09-21,2026-09-25,77300.0,79200.0,76200.0,77400.0,3573000,False,2026-09-19/2026-09-25
GMD,2026-09-28,2026-10-02,77800.0,79000.0,77.6,78.1,2107300,False,2026-09-26/2026-10-02
GVR,2026-03-30,2026-04-03,31200.0,33500.0,31150.0,32050.0,17437900,False,2026-03-28/2026-04-03
GVR,2026-04-06,2026-04-10,31900.0,34100.0,30500.0,33650.0,14489700,False,2026-04-04/2026-04-10
GVR,2026-04-13,2026-04-17,33000.0,34150.0,31900.0,33500.0,19936000,False,2026-04-11/2026-04-17
GVR,2026-04-20,2026-04-24,33500.0,33750.0,32100.0,33350.0,12368200,False,2026-04-18/2026-04-24
GVR,2026-04-27,2026-05-01,33300.0,34300.0,32300.0,33700.0,6457100,False,2026-04-25/2026-05-01
GVR,2026-05-04,2026-05-08,34200.0,36900.0,33800.0,35700.0,26018100,False,2026-05-02/2026-05-08
GVR,2026-05-11,2026-05-15,35900.0,37850.0,34200.0,37750.0,24943900,False,2026-05-09/2026-05-15
GVR,2026-05-18,2026-05-22,37700.0,40000.0,34000.0,35300.0,28382700,False,2026-05-16/2026-05-22
GVR,2026-05-25,2026-05-29,34950.0,35500.0,33800.0,34900.0,12350700,False,2026-05-23/2026-05-29
GVR,2026-06-01,2026-06-05,35250.0,36000.0,34200.0,34800.0,10155400,False,2026-05-30/2026-06-05
GVR,2026-06-08,2026-06-12,34200.0,35600.0,33000.0,35000.0,14069300,False,2026-06-06/2026-06-12
GVR,2026-06-15,2026-06-19,35400.0,36200.0,34600.0,35100.0,10275000,False,2026-06-13/2026-06-19
GVR,2026-06-22,2026-06-26,35000.0,35100.0,32050.0,32100.0,12143000,False,2026-06-20/2026-06-26
GVR,2026-06-29,2026-07-03,32100.0,33600.0,32050.0,32500.0,7046900,False,2026-06-27/2026-07-03
GVR,2026-07-06,2026-07-10,32600.0,32650.0,30500.0,30600.0,7704600,False,2026-07-04/2026-07-10
GVR,2026-07-13,2026-07-17,30700.0,30900.0,29250.0,29700.0,6393100,False,2026-07-11/2026-07-17
GVR,2026-07-20,2026-07-24,29700.0,29700.0,26100.0,26200.0,8237700,False,2026-07-18/2026-07-24
GVR,2026-07-27,2026-07-31,26300.0,28400.0,25550.0,27500.0,7811300,False,2026-07-25/2026-07-31
GVR,2026-08-03,2026-08-07,27700.0,29750.0,27650.0,29750.0,7774900,False,2026-08-01/2026-08-07
GVR,2026-08-10,2026-08-14,31800.0,32900.0,31100.0,31200.0,21000200,False,2026-08-08/2026-08-14
GVR,2026-08-17,2026-08-21,31200.0,32900.0,30900.0,32100.0,10338900,False,2026-08-15/2026-08-21
GVR,2026-08-24,2026-08-28,32300.0,34250.0,31750.0,32350.0,15052600,False,2026-08-22/2026-08-28
GVR,2026-08-31,2026-09-04,32350.0,32750.0,31350.0,31500.0,3744600,False,2026-08-29/2026-09-04
GVR,2026-09-07,2026-09-11,31500.0,32250.0,30000.0,30000.0,8803300,False,2026-09-05/2026-09-11
GVR,2026-09-14,2026-09-18,30400.0,33000.0,29750.0,31900.0,11893600,False,2026-09-12/2026-09-18
GVR,2026-09-21,2026-09-25,32400.0,34000.0,31800.0,32900.0,13727600,False,2026-09-19/2026-09-25
GVR,2026-09-28,2026-10-02,32900.0,33450.0,33.3,33.3,11739800,False,2026-09-26/2026-10-02
HAG,2026-03-30,2026-04-03,15950.0,16650.0,15850.0,15950.0,24693700,False,2026-03-28/2026-04-03
HAG,2026-04-06,2026-04-10,15850.0,16300.0,15350.0,16050.0,17844500,False,2026-04-04/2026-04-10
HAG,2026-04-13,2026-04-17,16000.0,17100.0,15850.0,16650.0,38363500,False,2026-04-11/2026-04-17
HAG,2026-04-20,2026-04-24,16650.0,16700.0,16100.0,16300.0,19218000,False,2026-04-18/2026-04-24
HAG,2026-04-27,2026-05-01,16300.0,16400.0,16050.0,16300.0,6980500,False,2026-04-25/2026-05-01
HAG,2026-05-04,2026-05-08,16350.0,16750.0,16150.0,16550.0,17134100,False,2026-05-02/2026-05-08
HAG,2026-05-11,2026-05-15,16550.0,16550.0,16050.0,16100.0,15450900,False,2026-05-09/2026-05-15
HAG,2026-05-18,2026-05-22,16000.0,16000.0,15050.0,15450.0,21258600,False,2026-05-16/2026-05-22
HAG,2026-05-25,2026-05-29,15500.0,15800.0,15300.0,15300.0,9588400,False,2026-05-23/2026-05-29
HAG,2026-06-01,2026-06-05,15300.0,15500.0,15000.0,15450.0,8239200,False,2026-05-30/2026-06-05
HAG,2026-06-08,2026-06-12,15100.0,15400.0,15000.0,15250.0,8780000,False,2026-06-06/2026-06-12
HAG,2026-06-15,2026-06-19,15300.0,15450.0,15050.0,15050.0,15436300,False,2026-06-13/2026-06-19
HAG,2026-06-22,2026-06-26,15150.0,15150.0,14750.0,15000.0,14672300,False,2026-06-20/2026-06-26
HAG,2026-06-29,2026-07-03,14900.0,15300.0,14800.0,14900.0,13928700,False,2026-06-27/2026-07-03
HAG,2026-07-06,2026-07-10,14850.0,14950.0,14500.0,14650.0,8546100,False,2026-07-04/2026-07-10
HAG,2026-07-13,2026-07-17,14650.0,14650.0,14200.0,14550.0,9164900,False,2026-07-11/2026-07-17
HAG,2026-07-20,2026-07-24,14200.0,14450.0,13550.0,14000.0,15763300,False,2026-07-18/2026-07-24
HAG,2026-07-27,2026-07-31,14000.0,14200.0,13400.0,14000.0,11123100,False,2026-07-25/2026-07-31
HAG,2026-08-03,2026-08-07,13950.0,14250.0,13950.0,14050.0,9322500,False,2026-08-01/2026-08-07
HAG,2026-08-10,2026-08-14,14000.0,14500.0,13850.0,14050.0,10050700,False,2026-08-08/2026-08-14
HAG,2026-08-17,2026-08-21,14000.0,14200.0,13900.0,14150.0,6532500,False,2026-08-15/2026-08-21
HAG,2026-08-24,2026-08-28,14200.0,14600.0,14000.0,14200.0,9639500,False,2026-08-22/2026-08-28
HAG,2026-08-31,2026-09-04,14000.0,14150.0,13950.0,14000.0,2297300,False,2026-08-29/2026-09-04
HAG,2026-09-07,2026-09-11,14000.0,14050.0,13600.0,13600.0,8219600,False,2026-09-05/2026-09-11
HAG,2026-09-14,2026-09-18,13600.0,14050.0,13250.0,14050.0,8320300,False,2026-09-12/2026-09-18
HAG,2026-09-21,2026-09-25,14000.0,14050.0,13800.0,13950.0,6287400,False,2026-09-19/2026-09-25
HAG,2026-09-28,2026-10-02,13950.0,14000.0,13.9,14.1,4823800,False,2026-09-26/2026-10-02
HAH,2026-03-30,2026-04-03,51874.0,54948.0,51874.0,52450.0,4195000,False,2026-03-28/2026-04-03
HAH,2026-04-06,2026-04-10,52835.0,54180.0,51874.0,53411.0,3457200,False,2026-04-04/2026-04-10
HAH,2026-04-13,2026-04-17,53315.0,53795.0,51586.0,52258.0,2707100,False,2026-04-11/2026-04-17
HAH,2026-04-20,2026-04-24,52835.0,55140.0,51202.0,53891.0,6164100,False,2026-04-18/2026-04-24
HAH,2026-04-27,2026-05-01,53891.0,53987.0,52258.0,52931.0,961700,False,2026-04-25/2026-05-01
HAH,2026-05-04,2026-05-08,53603.0,56197.0,53123.0,54276.0,4519700,False,2026-05-02/2026-05-08
HAH,2026-05-11,2026-05-15,54372.0,55813.0,54083.0,55236.0,3807500,False,2026-05-09/2026-05-15
HAH,2026-05-18,2026-05-22,54948.0,55717.0,52066.0,52354.0,3790300,False,2026-05-16/2026-05-22
HAH,2026-05-25,2026-05-29,53027.0,53027.0,51682.0,52258.0,2121100,False,2026-05-23/2026-05-29
HAH,2026-06-01,2026-06-05,52258.0,53411.0,49761.0,51970.0,3527700,False,2026-05-30/2026-06-05
HAH,2026-06-08,2026-06-12,51490.0,52643.0,50721.0,51202.0,2496400,False,2026-06-06/2026-06-12
HAH,2026-06-15,2026-06-19,51778.0,54083.0,51682.0,51874.0,3325900,False,2026-06-13/2026-06-19
HAH,2026-06-22,2026-06-26,51682.0,51970.0,49088.0,50817.0,3465000,False,2026-06-20/2026-06-26
HAH,2026-06-29,2026-07-03,50817.0,50817.0,49280.0,49857.0,3227500,False,2026-06-27/2026-07-03
HAH,2026-07-06,2026-07-10,49857.0,50433.0,48128.0,49472.0,3632800,False,2026-07-04/2026-07-10
HAH,2026-07-13,2026-07-17,49953.0,49953.0,45300.0,46200.0,2314000,False,2026-07-11/2026-07-17
HAH,2026-07-20,2026-07-24,45800.0,46000.0,43050.0,45000.0,2753600,False,2026-07-18/2026-07-24
HAH,2026-07-27,2026-07-31,44750.0,45900.0,43100.0,45250.0,2104300,False,2026-07-25/2026-07-31
HAH,2026-08-03,2026-08-07,45300.0,47400.0,45050.0,46200.0,2675200,False,2026-08-01/2026-08-07
HAH,2026-08-10,2026-08-14,46200.0,47400.0,45600.0,45900.0,3692100,False,2026-08-08/2026-08-14
HAH,2026-08-17,2026-08-21,45900.0,48650.0,45600.0,48400.0,5352700,False,2026-08-15/2026-08-21
HAH,2026-08-24,2026-08-28,48500.0,48800.0,47150.0,48000.0,3038500,False,2026-08-22/2026-08-28
HAH,2026-08-31,2026-09-04,48000.0,48000.0,47000.0,47200.0,983800,False,2026-08-29/2026-09-04
HAH,2026-09-07,2026-09-11,47300.0,47500.0,46000.0,46000.0,2531000,False,2026-09-05/2026-09-11
HAH,2026-09-14,2026-09-18,46300.0,48300.0,42900.0,47950.0,4392100,False,2026-09-12/2026-09-18
HAH,2026-09-21,2026-09-25,47500.0,51700.0,46600.0,51700.0,6685500,False,2026-09-19/2026-09-25
HAH,2026-09-28,2026-10-02,52000.0,53200.0,51.7,52.2,5765100,False,2026-09-26/2026-10-02
HAP,2026-03-30,2026-04-03,7420.0,7840.0,7150.0,7400.0,44500,False,2026-03-28/2026-04-03
HAP,2026-04-06,2026-04-10,7320.0,7780.0,7230.0,7500.0,87100,False,2026-04-04/2026-04-10
HAP,2026-04-13,2026-04-17,7500.0,7500.0,7100.0,7250.0,95600,False,2026-04-11/2026-04-17
HAP,2026-04-20,2026-04-24,7120.0,7200.0,6760.0,7140.0,70900,False,2026-04-18/2026-04-24
HAP,2026-04-27,2026-05-01,7100.0,7100.0,6800.0,6850.0,8800,False,2026-04-25/2026-05-01
HAP,2026-05-04,2026-05-08,6840.0,7000.0,6500.0,6980.0,75400,False,2026-05-02/2026-05-08
HAP,2026-05-11,2026-05-15,6980.0,7150.0,6700.0,7140.0,58400,False,2026-05-09/2026-05-15
HAP,2026-05-18,2026-05-22,6820.0,7130.0,6700.0,7000.0,21300,False,2026-05-16/2026-05-22
HAP,2026-05-25,2026-05-29,7000.0,7000.0,6600.0,7000.0,45100,False,2026-05-23/2026-05-29
HAP,2026-06-01,2026-06-05,6980.0,6990.0,6370.0,6790.0,39700,False,2026-05-30/2026-06-05
HAP,2026-06-08,2026-06-12,6780.0,6790.0,6070.0,6080.0,102200,False,2026-06-06/2026-06-12
HAP,2026-06-15,2026-06-19,6500.0,6840.0,6200.0,6810.0,87600,False,2026-06-13/2026-06-19
HAP,2026-06-22,2026-06-26,6790.0,7220.0,6500.0,6890.0,363800,False,2026-06-20/2026-06-26
HAP,2026-06-29,2026-07-03,6720.0,7000.0,6500.0,6990.0,513400,False,2026-06-27/2026-07-03
HAP,2026-07-06,2026-07-10,6990.0,7400.0,6720.0,7110.0,407800,False,2026-07-04/2026-07-10
HAP,2026-07-13,2026-07-17,7110.0,7300.0,6900.0,7210.0,482700,False,2026-07-11/2026-07-17
HAP,2026-07-20,2026-07-24,7210.0,7210.0,6750.0,7100.0,445800,False,2026-07-18/2026-07-24
HAP,2026-07-27,2026-07-31,7020.0,7230.0,6820.0,7180.0,84300,False,2026-07-25/2026-07-31
HAP,2026-08-03,2026-08-07,7180.0,7190.0,6900.0,7150.0,247600,False,2026-08-01/2026-08-07
HAP,2026-08-10,2026-08-14,7150.0,7610.0,6880.0,7230.0,292300,False,2026-08-08/2026-08-14
HAP,2026-08-17,2026-08-21,7030.0,7400.0,7020.0,7370.0,408900,False,2026-08-15/2026-08-21
HAP,2026-08-24,2026-08-28,7370.0,7500.0,7110.0,7470.0,143000,False,2026-08-22/2026-08-28
HAP,2026-08-31,2026-09-04,7210.0,7390.0,7150.0,7320.0,39600,False,2026-08-29/2026-09-04
HAP,2026-09-07,2026-09-11,7320.0,7500.0,7050.0,7400.0,91900,False,2026-09-05/2026-09-11
HAP,2026-09-14,2026-09-18,7070.0,7380.0,7000.0,7000.0,457500,False,2026-09-12/2026-09-18
HAP,2026-09-21,2026-09-25,7000.0,7450.0,6930.0,7280.0,793000,False,2026-09-19/2026-09-25
HAP,2026-09-28,2026-10-02,7230.0,7230.0,7.02,7.02,12000,False,2026-09-26/2026-10-02
HAR,2026-03-30,2026-04-03,3210.0,3410.0,3210.0,3380.0,815700,False,2026-03-28/2026-04-03
HAR,2026-04-06,2026-04-10,3350.0,3520.0,3350.0,3520.0,867800,False,2026-04-04/2026-04-10
HAR,2026-04-13,2026-04-17,3520.0,3690.0,3480.0,3570.0,918400,False,2026-04-11/2026-04-17
HAR,2026-04-20,2026-04-24,3570.0,3620.0,3500.0,3510.0,989700,False,2026-04-18/2026-04-24
HAR,2026-04-27,2026-05-01,3510.0,3530.0,3450.0,3500.0,163800,False,2026-04-25/2026-05-01
HAR,2026-05-04,2026-05-08,3530.0,3540.0,3380.0,3420.0,660800,False,2026-05-02/2026-05-08
HAR,2026-05-11,2026-05-15,3420.0,3680.0,3410.0,3650.0,758100,False,2026-05-09/2026-05-15
HAR,2026-05-18,2026-05-22,3650.0,3680.0,3280.0,3440.0,562200,False,2026-05-16/2026-05-22
HAR,2026-05-25,2026-05-29,3400.0,3490.0,3200.0,3300.0,332900,False,2026-05-23/2026-05-29
HAR,2026-06-01,2026-06-05,3360.0,3480.0,3320.0,3370.0,168900,False,2026-05-30/2026-06-05
HAR,2026-06-08,2026-06-12,3350.0,3380.0,3200.0,3300.0,211200,False,2026-06-06/2026-06-12
HAR,2026-06-15,2026-06-19,3310.0,3380.0,3300.0,3340.0,342900,False,2026-06-13/2026-06-19
HAR,2026-06-22,2026-06-26,3330.0,3330.0,3220.0,3220.0,217000,False,2026-06-20/2026-06-26
HAR,2026-06-29,2026-07-03,3230.0,3250.0,3100.0,3200.0,204400,False,2026-06-27/2026-07-03
HAR,2026-07-06,2026-07-10,3180.0,3270.0,3100.0,3200.0,188300,False,2026-07-04/2026-07-10
HAR,2026-07-13,2026-07-17,3200.0,3270.0,3060.0,3080.0,191900,False,2026-07-11/2026-07-17
HAR,2026-07-20,2026-07-24,3080.0,3130.0,2780.0,2930.0,386400,False,2026-07-18/2026-07-24
HAR,2026-07-27,2026-07-31,2850.0,2950.0,2800.0,2950.0,151300,False,2026-07-25/2026-07-31
HAR,2026-08-03,2026-08-07,2950.0,3040.0,2860.0,2890.0,119700,False,2026-08-01/2026-08-07
HAR,2026-08-10,2026-08-14,2890.0,2970.0,2670.0,2670.0,414600,False,2026-08-08/2026-08-14
HAR,2026-08-17,2026-08-21,2690.0,2800.0,2580.0,2670.0,266500,False,2026-08-15/2026-08-21
HAR,2026-08-24,2026-08-28,2700.0,2720.0,2660.0,2670.0,171200,False,2026-08-22/2026-08-28
HAR,2026-08-31,2026-09-04,2710.0,2710.0,2490.0,2540.0,210300,False,2026-08-29/2026-09-04
HAR,2026-09-07,2026-09-11,2550.0,2590.0,2490.0,2510.0,235000,False,2026-09-05/2026-09-11
HAR,2026-09-14,2026-09-18,2520.0,2550.0,2350.0,2430.0,276400,False,2026-09-12/2026-09-18
HAR,2026-09-21,2026-09-25,2440.0,2470.0,2350.0,2420.0,277600,False,2026-09-19/2026-09-25
HAR,2026-09-28,2026-10-02,2420.0,2420.0,2.23,2.26,339700,False,2026-09-26/2026-10-02
HAX,2026-03-30,2026-04-03,10500.0,10850.0,10350.0,10450.0,1648300,False,2026-03-28/2026-04-03
HAX,2026-04-06,2026-04-10,10450.0,10700.0,10150.0,10500.0,1419700,False,2026-04-04/2026-04-10
HAX,2026-04-13,2026-04-17,10500.0,10700.0,10400.0,10550.0,1294000,False,2026-04-11/2026-04-17
HAX,2026-04-20,2026-04-24,10500.0,10600.0,10150.0,10250.0,1735500,False,2026-04-18/2026-04-24
HAX,2026-04-27,2026-05-01,10250.0,10350.0,10100.0,10250.0,441600,False,2026-04-25/2026-05-01
HAX,2026-05-04,2026-05-08,10250.0,10400.0,10250.0,10350.0,793000,False,2026-05-02/2026-05-08
HAX,2026-05-11,2026-05-15,10350.0,10350.0,10050.0,10100.0,1017100,False,2026-05-09/2026-05-15
HAX,2026-05-18,2026-05-22,10100.0,10150.0,9800.0,9890.0,954900,False,2026-05-16/2026-05-22
HAX,2026-05-25,2026-05-29,9910.0,10300.0,9900.0,9990.0,448300,False,2026-05-23/2026-05-29
HAX,2026-06-01,2026-06-05,9990.0,10100.0,9870.0,9940.0,444600,False,2026-05-30/2026-06-05
HAX,2026-06-08,2026-06-12,9900.0,9940.0,9630.0,9790.0,476400,False,2026-06-06/2026-06-12
HAX,2026-06-15,2026-06-19,9740.0,9840.0,9740.0,9740.0,415200,False,2026-06-13/2026-06-19
HAX,2026-06-22,2026-06-26,9740.0,9810.0,9480.0,9520.0,511300,False,2026-06-20/2026-06-26
HAX,2026-06-29,2026-07-03,9460.0,9770.0,9200.0,9670.0,711600,False,2026-06-27/2026-07-03
HAX,2026-07-06,2026-07-10,9670.0,9690.0,9410.0,9450.0,360000,False,2026-07-04/2026-07-10
HAX,2026-07-13,2026-07-17,9430.0,9450.0,9010.0,9070.0,605600,False,2026-07-11/2026-07-17
HAX,2026-07-20,2026-07-24,9050.0,9080.0,8240.0,8400.0,1167900,False,2026-07-18/2026-07-24
HAX,2026-07-27,2026-07-31,8400.0,8600.0,8140.0,8570.0,619800,False,2026-07-25/2026-07-31
HAX,2026-08-03,2026-08-07,8560.0,9090.0,8560.0,9090.0,929500,False,2026-08-01/2026-08-07
HAX,2026-08-10,2026-08-14,9100.0,9270.0,8900.0,9000.0,583200,False,2026-08-08/2026-08-14
HAX,2026-08-17,2026-08-21,9000.0,9250.0,8850.0,9230.0,445900,False,2026-08-15/2026-08-21
HAX,2026-08-24,2026-08-28,9240.0,9250.0,8600.0,9190.0,373500,False,2026-08-22/2026-08-28
HAX,2026-08-31,2026-09-04,9110.0,9180.0,8910.0,8920.0,159000,False,2026-08-29/2026-09-04
HAX,2026-09-07,2026-09-11,8920.0,8920.0,8430.0,8440.0,439900,False,2026-09-05/2026-09-11
HAX,2026-09-14,2026-09-18,8490.0,8710.0,8050.0,8700.0,525900,False,2026-09-12/2026-09-18
HAX,2026-09-21,2026-09-25,8770.0,8770.0,8450.0,8700.0,444800,False,2026-09-19/2026-09-25
HAX,2026-09-28,2026-10-02,8700.0,8730.0,8.41,8.49,167300,False,2026-09-26/2026-10-02
HCM,2026-03-30,2026-04-03,18554.0,21229.0,18554.0,20841.0,82883200,False,2026-03-28/2026-04-03
HCM,2026-04-06,2026-04-10,20711.0,22351.0,20280.0,21833.0,79290900,False,2026-04-04/2026-04-10
HCM,2026-04-13,2026-04-17,21574.0,24206.0,21445.0,23300.0,117304000,False,2026-04-11/2026-04-17
HCM,2026-04-20,2026-04-24,23214.0,24508.0,22523.0,22610.0,68014400,False,2026-04-18/2026-04-24
HCM,2026-04-27,2026-05-01,22696.0,23386.0,22264.0,23084.0,10361100,False,2026-04-25/2026-05-01
HCM,2026-05-04,2026-05-08,23257.0,24724.0,22437.0,24120.0,56087800,False,2026-05-02/2026-05-08
HCM,2026-05-11,2026-05-15,24163.0,24940.0,23516.0,24810.0,45316600,False,2026-05-09/2026-05-15
HCM,2026-05-18,2026-05-22,24594.0,26277.0,24120.0,24594.0,58365400,False,2026-05-16/2026-05-22
HCM,2026-05-25,2026-05-29,24508.0,24767.0,23473.0,23688.0,23513600,False,2026-05-23/2026-05-29
HCM,2026-06-01,2026-06-05,23645.0,23818.0,22912.0,23300.0,17739900,False,2026-05-30/2026-06-05
HCM,2026-06-08,2026-06-12,23300.0,24206.0,22869.0,23300.0,22117800,False,2026-06-06/2026-06-12
HCM,2026-06-15,2026-06-19,23731.0,24853.0,23559.0,24379.0,20789500,False,2026-06-13/2026-06-19
HCM,2026-06-22,2026-06-26,24594.0,24638.0,23127.0,23214.0,15606300,False,2026-06-20/2026-06-26
HCM,2026-06-29,2026-07-03,23300.0,25155.0,23257.0,24638.0,25445800,False,2026-06-27/2026-07-03
HCM,2026-07-06,2026-07-10,24853.0,25026.0,23429.0,23990.0,23631900,False,2026-07-04/2026-07-10
HCM,2026-07-13,2026-07-17,23947.0,26300.0,22955.0,25400.0,40921400,False,2026-07-11/2026-07-17
HCM,2026-07-20,2026-07-24,25400.0,26200.0,24100.0,25600.0,31036800,False,2026-07-18/2026-07-24
HCM,2026-07-27,2026-07-31,25650.0,25900.0,24200.0,25000.0,21811600,False,2026-07-25/2026-07-31
HCM,2026-08-03,2026-08-07,25050.0,26250.0,24900.0,25350.0,21479600,False,2026-08-01/2026-08-07
HCM,2026-08-10,2026-08-14,25400.0,27350.0,25200.0,25200.0,29929900,False,2026-08-08/2026-08-14
HCM,2026-08-17,2026-08-21,25200.0,26600.0,24750.0,26300.0,16373000,False,2026-08-15/2026-08-21
HCM,2026-08-24,2026-08-28,26500.0,27000.0,26000.0,26050.0,22229200,False,2026-08-22/2026-08-28
HCM,2026-08-31,2026-09-04,26050.0,26500.0,25850.0,26400.0,5884500,False,2026-08-29/2026-09-04
HCM,2026-09-07,2026-09-11,26500.0,27050.0,25000.0,25500.0,21077800,False,2026-09-05/2026-09-11
HCM,2026-09-14,2026-09-18,25200.0,25900.0,24200.0,25500.0,17671500,False,2026-09-12/2026-09-18
HCM,2026-09-21,2026-09-25,25800.0,25800.0,24800.0,24900.0,11223500,False,2026-09-19/2026-09-25
HCM,2026-09-28,2026-10-02,24900.0,25000.0,23.8,23.8,9999200,False,2026-09-26/2026-10-02
HDB,2026-03-30,2026-04-03,24800.0,26000.0,24550.0,25600.0,73543400,False,2026-03-28/2026-04-03
HDB,2026-04-06,2026-04-10,25500.0,26700.0,25050.0,26150.0,72082600,False,2026-04-04/2026-04-10
HDB,2026-04-13,2026-04-17,26000.0,26500.0,25750.0,26200.0,51885800,False,2026-04-11/2026-04-17
HDB,2026-04-20,2026-04-24,26200.0,27100.0,26200.0,26900.0,65285100,False,2026-04-18/2026-04-24
HDB,2026-04-27,2026-05-01,26700.0,26950.0,26200.0,26600.0,18024100,False,2026-04-25/2026-05-01
HDB,2026-05-04,2026-05-08,26600.0,27800.0,26000.0,27350.0,71483900,False,2026-05-02/2026-05-08
HDB,2026-05-11,2026-05-15,27350.0,28100.0,26800.0,27550.0,67136200,False,2026-05-09/2026-05-15
HDB,2026-05-18,2026-05-22,27350.0,27550.0,25150.0,25850.0,61854600,False,2026-05-16/2026-05-22
HDB,2026-05-25,2026-05-29,25900.0,27000.0,25550.0,25900.0,60839800,False,2026-05-23/2026-05-29
HDB,2026-06-01,2026-06-05,25850.0,25850.0,24800.0,25500.0,45323600,False,2026-05-30/2026-06-05
HDB,2026-06-08,2026-06-12,25250.0,25450.0,24950.0,25200.0,33187000,False,2026-06-06/2026-06-12
HDB,2026-06-15,2026-06-19,25400.0,25400.0,24950.0,25150.0,43333300,False,2026-06-13/2026-06-19
HDB,2026-06-22,2026-06-26,25100.0,26100.0,25000.0,25400.0,49640700,False,2026-06-20/2026-06-26
HDB,2026-06-29,2026-07-03,25400.0,26950.0,25400.0,26950.0,62496500,False,2026-06-27/2026-07-03
HDB,2026-07-06,2026-07-10,26900.0,27800.0,26750.0,27000.0,62029200,False,2026-07-04/2026-07-10
HDB,2026-07-13,2026-07-17,26800.0,27400.0,26000.0,27250.0,57117800,False,2026-07-11/2026-07-17
HDB,2026-07-20,2026-07-24,27150.0,27250.0,25150.0,25850.0,66896300,False,2026-07-18/2026-07-24
HDB,2026-07-27,2026-07-31,25800.0,26000.0,24450.0,25200.0,51223900,False,2026-07-25/2026-07-31
HDB,2026-08-03,2026-08-07,25300.0,26900.0,25250.0,26550.0,45872300,False,2026-08-01/2026-08-07
HDB,2026-08-10,2026-08-14,26650.0,27600.0,26200.0,26450.0,50430400,False,2026-08-08/2026-08-14
HDB,2026-08-17,2026-08-21,26400.0,27300.0,26200.0,27300.0,45200500,False,2026-08-15/2026-08-21
HDB,2026-08-24,2026-08-28,27650.0,28050.0,26850.0,27800.0,59433200,False,2026-08-22/2026-08-28
HDB,2026-08-31,2026-09-04,27750.0,27850.0,26950.0,27200.0,18822000,False,2026-08-29/2026-09-04
HDB,2026-09-07,2026-09-11,27200.0,27650.0,26600.0,26800.0,44177700,False,2026-09-05/2026-09-11
HDB,2026-09-14,2026-09-18,26700.0,28050.0,26500.0,27500.0,67735100,False,2026-09-12/2026-09-18
HDB,2026-09-21,2026-09-25,27650.0,28650.0,27100.0,27800.0,59157300,False,2026-09-19/2026-09-25
HDB,2026-09-28,2026-10-02,27900.0,27900.0,27.4,27.5,26797600,False,2026-09-26/2026-10-02
HDC,2026-03-30,2026-04-03,15963.0,16876.0,15963.0,16094.0,15179400,False,2026-03-28/2026-04-03
HDC,2026-04-06,2026-04-10,16007.0,17137.0,15267.0,16615.0,16746300,False,2026-04-04/2026-04-10
HDC,2026-04-13,2026-04-17,16224.0,17050.0,15963.0,16137.0,13223600,False,2026-04-11/2026-04-17
HDC,2026-04-20,2026-04-24,16180.0,16746.0,15963.0,16267.0,10881100,False,2026-04-18/2026-04-24
HDC,2026-04-27,2026-05-01,16485.0,16702.0,16007.0,16615.0,5050300,False,2026-04-25/2026-05-01
HDC,2026-05-04,2026-05-08,16789.0,17094.0,16137.0,16137.0,11076800,False,2026-05-02/2026-05-08
HDC,2026-05-11,2026-05-15,16180.0,16659.0,15920.0,16441.0,9108400,False,2026-05-09/2026-05-15
HDC,2026-05-18,2026-05-22,16441.0,16876.0,14832.0,15659.0,12889100,False,2026-05-16/2026-05-22
HDC,2026-05-25,2026-05-29,15659.0,16137.0,15224.0,15224.0,5524400,False,2026-05-23/2026-05-29
HDC,2026-06-01,2026-06-05,15354.0,15485.0,14702.0,15093.0,3611200,False,2026-05-30/2026-06-05
HDC,2026-06-08,2026-06-12,14789.0,15833.0,14789.0,15398.0,3702700,False,2026-06-06/2026-06-12
HDC,2026-06-15,2026-06-19,15485.0,16659.0,15485.0,15950.0,11588400,False,2026-06-13/2026-06-19
HDC,2026-06-22,2026-06-26,15950.0,16300.0,14800.0,14900.0,6094800,False,2026-06-20/2026-06-26
HDC,2026-06-29,2026-07-03,14750.0,15150.0,14700.0,14950.0,3514400,False,2026-06-27/2026-07-03
HDC,2026-07-06,2026-07-10,14800.0,15100.0,14000.0,14650.0,4699700,False,2026-07-04/2026-07-10
HDC,2026-07-13,2026-07-17,14500.0,14600.0,13200.0,13200.0,5618700,False,2026-07-11/2026-07-17
HDC,2026-07-20,2026-07-24,12850.0,13150.0,11650.0,11700.0,8982100,False,2026-07-18/2026-07-24
HDC,2026-07-27,2026-07-31,11700.0,11800.0,10400.0,11400.0,7869000,False,2026-07-25/2026-07-31
HDC,2026-08-03,2026-08-07,11500.0,12200.0,11350.0,11700.0,5245800,False,2026-08-01/2026-08-07
HDC,2026-08-10,2026-08-14,11800.0,12250.0,11500.0,11850.0,5536200,False,2026-08-08/2026-08-14
HDC,2026-08-17,2026-08-21,11850.0,12200.0,11400.0,12150.0,4390000,False,2026-08-15/2026-08-21
HDC,2026-08-24,2026-08-28,12300.0,12750.0,12100.0,12100.0,5907500,False,2026-08-22/2026-08-28
HDC,2026-08-31,2026-09-04,12000.0,12050.0,11700.0,11700.0,1526600,False,2026-08-29/2026-09-04
HDC,2026-09-07,2026-09-11,11700.0,12050.0,11000.0,11350.0,4721600,False,2026-09-05/2026-09-11
HDC,2026-09-14,2026-09-18,11350.0,11650.0,11000.0,11450.0,4129200,False,2026-09-12/2026-09-18
HDC,2026-09-21,2026-09-25,11500.0,12000.0,11150.0,11150.0,4448200,False,2026-09-19/2026-09-25
HDC,2026-09-28,2026-10-02,11250.0,11250.0,10.3,10.65,3858300,False,2026-09-26/2026-10-02
HDG,2026-03-30,2026-04-03,26420.0,27466.0,26148.0,26375.0,13524000,False,2026-03-28/2026-04-03
HDG,2026-04-06,2026-04-10,26193.0,26511.0,24420.0,25466.0,13997700,False,2026-04-04/2026-04-10
HDG,2026-04-13,2026-04-17,25829.0,26511.0,25147.0,25375.0,10424000,False,2026-04-11/2026-04-17
HDG,2026-04-20,2026-04-24,25375.0,25875.0,23692.0,24192.0,10728500,False,2026-04-18/2026-04-24
HDG,2026-04-27,2026-05-01,24192.0,24283.0,23237.0,23556.0,4293800,False,2026-04-25/2026-05-01
HDG,2026-05-04,2026-05-08,23556.0,23919.0,22646.0,22828.0,10457100,False,2026-05-02/2026-05-08
HDG,2026-05-11,2026-05-15,22828.0,22919.0,22464.0,22510.0,5661900,False,2026-05-09/2026-05-15
HDG,2026-05-18,2026-05-22,22464.0,22601.0,20645.0,21055.0,9954600,False,2026-05-16/2026-05-22
HDG,2026-05-25,2026-05-29,21464.0,22009.0,21100.0,21282.0,6603700,False,2026-05-23/2026-05-29
HDG,2026-06-01,2026-06-05,21282.0,21464.0,20736.0,21100.0,6502800,False,2026-05-30/2026-06-05
HDG,2026-06-08,2026-06-12,21100.0,21400.0,20700.0,21150.0,3324300,False,2026-06-06/2026-06-12
HDG,2026-06-15,2026-06-19,21450.0,21900.0,20800.0,20800.0,6966700,False,2026-06-13/2026-06-19
HDG,2026-06-22,2026-06-26,21100.0,21850.0,20550.0,20550.0,8689400,False,2026-06-20/2026-06-26
HDG,2026-06-29,2026-07-03,20800.0,20900.0,19500.0,20000.0,6867700,False,2026-06-27/2026-07-03
HDG,2026-07-06,2026-07-10,20050.0,20200.0,18000.0,18900.0,17251700,False,2026-07-04/2026-07-10
HDG,2026-07-13,2026-07-17,18900.0,19350.0,17750.0,17800.0,7849700,False,2026-07-11/2026-07-17
HDG,2026-07-20,2026-07-24,17800.0,17800.0,16000.0,16300.0,8355600,False,2026-07-18/2026-07-24
HDG,2026-07-27,2026-07-31,16500.0,16700.0,15200.0,16150.0,8222600,False,2026-07-25/2026-07-31
HDG,2026-08-03,2026-08-07,16350.0,17000.0,16150.0,16550.0,5477500,False,2026-08-01/2026-08-07
HDG,2026-08-10,2026-08-14,16600.0,17200.0,16200.0,16200.0,6336400,False,2026-08-08/2026-08-14
HDG,2026-08-17,2026-08-21,16150.0,16450.0,15600.0,16350.0,3826800,False,2026-08-15/2026-08-21
HDG,2026-08-24,2026-08-28,16500.0,16950.0,16350.0,16650.0,5889600,False,2026-08-22/2026-08-28
HDG,2026-08-31,2026-09-04,16600.0,17700.0,16500.0,17500.0,5211600,False,2026-08-29/2026-09-04
HDG,2026-09-07,2026-09-11,17500.0,17500.0,15900.0,15950.0,6053300,False,2026-09-05/2026-09-11
HDG,2026-09-14,2026-09-18,15950.0,16500.0,15500.0,16100.0,3681300,False,2026-09-12/2026-09-18
HDG,2026-09-21,2026-09-25,16200.0,16450.0,15850.0,15850.0,3646400,False,2026-09-19/2026-09-25
HDG,2026-09-28,2026-10-02,15850.0,15900.0,15.35,15.35,2531900,False,2026-09-26/2026-10-02
HHP,2026-03-30,2026-04-03,12375.0,12656.0,11016.0,11438.0,4924600,False,2026-03-28/2026-04-03
HHP,2026-04-06,2026-04-10,11438.0,11813.0,11297.0,11578.0,2872300,False,2026-04-04/2026-04-10
HHP,2026-04-13,2026-04-17,11625.0,11906.0,11250.0,11906.0,4564200,False,2026-04-11/2026-04-17
HHP,2026-04-20,2026-04-24,11813.0,12188.0,11719.0,11953.0,6461800,False,2026-04-18/2026-04-24
HHP,2026-04-27,2026-05-01,11906.0,12375.0,11719.0,12375.0,2040200,False,2026-04-25/2026-05-01
HHP,2026-05-04,2026-05-08,12281.0,13781.0,12094.0,13313.0,7625200,False,2026-05-02/2026-05-08
HHP,2026-05-11,2026-05-15,13500.0,13688.0,12938.0,13547.0,6415600,False,2026-05-09/2026-05-15
HHP,2026-05-18,2026-05-22,13500.0,14344.0,12891.0,13875.0,8068000,False,2026-05-16/2026-05-22
HHP,2026-05-25,2026-05-29,13781.0,14156.0,13219.0,13828.0,7131100,False,2026-05-23/2026-05-29
HHP,2026-06-01,2026-06-05,13781.0,13828.0,13031.0,13406.0,2884000,False,2026-05-30/2026-06-05
HHP,2026-06-08,2026-06-12,13219.0,14109.0,12609.0,13781.0,5701700,False,2026-06-06/2026-06-12
HHP,2026-06-15,2026-06-19,13781.0,13828.0,12750.0,13359.0,3816600,False,2026-06-13/2026-06-19
HHP,2026-06-22,2026-06-26,13313.0,13734.0,13031.0,13734.0,4820800,False,2026-06-20/2026-06-26
HHP,2026-06-29,2026-07-03,13688.0,14203.0,13313.0,13500.0,2817100,False,2026-06-27/2026-07-03
HHP,2026-07-06,2026-07-10,13453.0,14531.0,13078.0,13594.0,5445600,False,2026-07-04/2026-07-10
HHP,2026-07-13,2026-07-17,13594.0,14156.0,13078.0,14156.0,5252600,False,2026-07-11/2026-07-17
HHP,2026-07-20,2026-07-24,14109.0,14484.0,13594.0,14250.0,4214400,False,2026-07-18/2026-07-24
HHP,2026-07-27,2026-07-31,14250.0,14672.0,14016.0,14297.0,5282900,False,2026-07-25/2026-07-31
HHP,2026-08-03,2026-08-07,14250.0,14438.0,14016.0,14391.0,4245900,False,2026-08-01/2026-08-07
HHP,2026-08-10,2026-08-14,14391.0,16406.0,13406.0,14391.0,11603100,False,2026-08-08/2026-08-14
HHP,2026-08-17,2026-08-21,14250.0,15200.0,13828.0,15100.0,6326300,False,2026-08-15/2026-08-21
HHP,2026-08-24,2026-08-28,15150.0,16300.0,14950.0,16200.0,6126500,False,2026-08-22/2026-08-28
HHP,2026-08-31,2026-09-04,16150.0,16450.0,16000.0,16350.0,1279300,False,2026-08-29/2026-09-04
HHP,2026-09-07,2026-09-11,16350.0,17350.0,16250.0,17100.0,5038000,False,2026-09-05/2026-09-11
HHP,2026-09-14,2026-09-18,17100.0,17250.0,16750.0,17200.0,4996100,False,2026-09-12/2026-09-18
HHP,2026-09-21,2026-09-25,17200.0,17800.0,16850.0,17700.0,7221900,False,2026-09-19/2026-09-25
HHP,2026-09-28,2026-10-02,17700.0,18100.0,17.5,17.65,2468200,False,2026-09-26/2026-10-02
HHS,2026-03-30,2026-04-03,12800.0,14250.0,12750.0,13350.0,24324800,False,2026-03-28/2026-04-03
HHS,2026-04-06,2026-04-10,13000.0,14450.0,12300.0,14000.0,22030700,False,2026-04-04/2026-04-10
HHS,2026-04-13,2026-04-17,13750.0,14300.0,13150.0,13500.0,17224800,False,2026-04-11/2026-04-17
HHS,2026-04-20,2026-04-24,13400.0,13550.0,12450.0,13300.0,16876600,False,2026-04-18/2026-04-24
HHS,2026-04-27,2026-05-01,13300.0,13600.0,13000.0,13000.0,6292000,False,2026-04-25/2026-05-01
HHS,2026-05-04,2026-05-08,13100.0,13750.0,12600.0,12950.0,13062500,False,2026-05-02/2026-05-08
HHS,2026-05-11,2026-05-15,13100.0,13300.0,12650.0,13000.0,12606800,False,2026-05-09/2026-05-15
HHS,2026-05-18,2026-05-22,12800.0,13500.0,11600.0,11950.0,24163400,False,2026-05-16/2026-05-22
HHS,2026-05-25,2026-05-29,11850.0,12350.0,11350.0,11500.0,8537800,False,2026-05-23/2026-05-29
HHS,2026-06-01,2026-06-05,11600.0,11700.0,11100.0,11200.0,6510500,False,2026-05-30/2026-06-05
HHS,2026-06-08,2026-06-12,11100.0,11500.0,10850.0,11150.0,5076200,False,2026-06-06/2026-06-12
HHS,2026-06-15,2026-06-19,11300.0,12100.0,11150.0,11500.0,6543000,False,2026-06-13/2026-06-19
HHS,2026-06-22,2026-06-26,11500.0,11700.0,11100.0,11150.0,3917700,False,2026-06-20/2026-06-26
HHS,2026-06-29,2026-07-03,11200.0,11400.0,11050.0,11150.0,4100900,False,2026-06-27/2026-07-03
HHS,2026-07-06,2026-07-10,11200.0,11250.0,10450.0,10750.0,5759400,False,2026-07-04/2026-07-10
HHS,2026-07-13,2026-07-17,10800.0,11250.0,10300.0,10500.0,5443400,False,2026-07-11/2026-07-17
HHS,2026-07-20,2026-07-24,10400.0,10600.0,9360.0,9880.0,6163600,False,2026-07-18/2026-07-24
HHS,2026-07-27,2026-07-31,9790.0,9890.0,8830.0,9520.0,3971100,False,2026-07-25/2026-07-31
HHS,2026-08-03,2026-08-07,9640.0,10450.0,9530.0,9750.0,5992500,False,2026-08-01/2026-08-07
HHS,2026-08-10,2026-08-14,9890.0,10200.0,9700.0,9950.0,4323000,False,2026-08-08/2026-08-14
HHS,2026-08-17,2026-08-21,9950.0,10450.0,9560.0,10450.0,4984600,False,2026-08-15/2026-08-21
HHS,2026-08-24,2026-08-28,10450.0,11100.0,10250.0,11050.0,8418900,False,2026-08-22/2026-08-28
HHS,2026-08-31,2026-09-04,10800.0,10950.0,10650.0,10850.0,2288000,False,2026-08-29/2026-09-04
HHS,2026-09-07,2026-09-11,10850.0,10900.0,10000.0,10000.0,5034200,False,2026-09-05/2026-09-11
HHS,2026-09-14,2026-09-18,9880.0,10300.0,9550.0,10050.0,4521400,False,2026-09-12/2026-09-18
HHS,2026-09-21,2026-09-25,10100.0,10100.0,9460.0,9600.0,4028900,False,2026-09-19/2026-09-25
HHS,2026-09-28,2026-10-02,9590.0,9590.0,9.21,9.3,3012300,False,2026-09-26/2026-10-02
HHV,2026-03-30,2026-04-03,11363.0,11934.0,11221.0,11268.0,27745400,False,2026-03-28/2026-04-03
HHV,2026-04-06,2026-04-10,11506.0,12504.0,11078.0,12124.0,50688500,False,2026-04-04/2026-04-10
HHV,2026-04-13,2026-04-17,12029.0,12790.0,11981.0,12076.0,46386000,False,2026-04-11/2026-04-17
HHV,2026-04-20,2026-04-24,12076.0,12504.0,11648.0,12076.0,34207800,False,2026-04-18/2026-04-24
HHV,2026-04-27,2026-05-01,12171.0,12219.0,11886.0,11886.0,8039700,False,2026-04-25/2026-05-01
HHV,2026-05-04,2026-05-08,11981.0,12314.0,11506.0,11744.0,34220500,False,2026-05-02/2026-05-08
HHV,2026-05-11,2026-05-15,11839.0,11839.0,11458.0,11458.0,20236300,False,2026-05-09/2026-05-15
HHV,2026-05-18,2026-05-22,11458.0,11601.0,10935.0,11363.0,21138300,False,2026-05-16/2026-05-22
HHV,2026-05-25,2026-05-29,11363.0,11506.0,11078.0,11078.0,11569900,False,2026-05-23/2026-05-29
HHV,2026-06-01,2026-06-05,11125.0,11221.0,10935.0,10983.0,10016400,False,2026-05-30/2026-06-05
HHV,2026-06-08,2026-06-12,10840.0,11030.0,10698.0,10840.0,11113200,False,2026-06-06/2026-06-12
HHV,2026-06-15,2026-06-19,10935.0,11221.0,10888.0,10888.0,13004100,False,2026-06-13/2026-06-19
HHV,2026-06-22,2026-06-26,10935.0,10935.0,10555.0,10602.0,12585900,False,2026-06-20/2026-06-26
HHV,2026-06-29,2026-07-03,10650.0,11173.0,10602.0,10745.0,19818600,False,2026-06-27/2026-07-03
HHV,2026-07-06,2026-07-10,10840.0,10888.0,10507.0,10700.0,14671000,False,2026-07-04/2026-07-10
HHV,2026-07-13,2026-07-17,10650.0,10700.0,10200.0,10300.0,12456500,False,2026-07-11/2026-07-17
HHV,2026-07-20,2026-07-24,10100.0,10300.0,9750.0,9970.0,15374000,False,2026-07-18/2026-07-24
HHV,2026-07-27,2026-07-31,10000.0,10200.0,9500.0,9960.0,10309000,False,2026-07-25/2026-07-31
HHV,2026-08-03,2026-08-07,9960.0,10350.0,9960.0,10050.0,12386300,False,2026-08-01/2026-08-07
HHV,2026-08-10,2026-08-14,10100.0,10500.0,10000.0,10050.0,17165700,False,2026-08-08/2026-08-14
HHV,2026-08-17,2026-08-21,10050.0,10150.0,9880.0,10150.0,10209300,False,2026-08-15/2026-08-21
HHV,2026-08-24,2026-08-28,10200.0,10450.0,10000.0,10050.0,17295200,False,2026-08-22/2026-08-28
HHV,2026-08-31,2026-09-04,10050.0,10150.0,9960.0,9980.0,5233700,False,2026-08-29/2026-09-04
HHV,2026-09-07,2026-09-11,9980.0,10000.0,9540.0,9540.0,11352700,False,2026-09-05/2026-09-11
HHV,2026-09-14,2026-09-18,9540.0,9600.0,9210.0,9410.0,10867700,False,2026-09-12/2026-09-18
HHV,2026-09-21,2026-09-25,9440.0,9520.0,9110.0,9110.0,8215700,False,2026-09-19/2026-09-25
HHV,2026-09-28,2026-10-02,9120.0,9180.0,9.03,9.06,6468700,False,2026-09-26/2026-10-02
HID,2026-03-30,2026-04-03,4950.0,5990.0,4700.0,4760.0,6975000,False,2026-03-28/2026-04-03
HID,2026-04-06,2026-04-10,4850.0,5380.0,4760.0,5000.0,2750700,False,2026-04-04/2026-04-10
HID,2026-04-13,2026-04-17,4900.0,5100.0,4600.0,4980.0,2613400,False,2026-04-11/2026-04-17
HID,2026-04-20,2026-04-24,4760.0,5050.0,4500.0,4800.0,2512600,False,2026-04-18/2026-04-24
HID,2026-04-27,2026-05-01,4900.0,4900.0,4540.0,4560.0,1187900,False,2026-04-25/2026-05-01
HID,2026-05-04,2026-05-08,4550.0,4800.0,4350.0,4390.0,2207800,False,2026-05-02/2026-05-08
HID,2026-05-11,2026-05-15,4420.0,4650.0,4210.0,4650.0,1450100,False,2026-05-09/2026-05-15
HID,2026-05-18,2026-05-22,4960.0,4960.0,4260.0,4320.0,2043000,False,2026-05-16/2026-05-22
HID,2026-05-25,2026-05-29,4350.0,4450.0,4100.0,4100.0,2555000,False,2026-05-23/2026-05-29
HID,2026-06-01,2026-06-05,4130.0,4450.0,4050.0,4210.0,1362900,False,2026-05-30/2026-06-05
HID,2026-06-08,2026-06-12,4210.0,4320.0,4070.0,4150.0,1266500,False,2026-06-06/2026-06-12
HID,2026-06-15,2026-06-19,4180.0,4500.0,4170.0,4260.0,2170500,False,2026-06-13/2026-06-19
HID,2026-06-22,2026-06-26,4160.0,4280.0,4100.0,4190.0,940700,False,2026-06-20/2026-06-26
HID,2026-06-29,2026-07-03,3990.0,4200.0,3990.0,4150.0,1236100,False,2026-06-27/2026-07-03
HID,2026-07-06,2026-07-10,4150.0,4180.0,4000.0,4070.0,1049900,False,2026-07-04/2026-07-10
HID,2026-07-13,2026-07-17,4090.0,4090.0,3500.0,3640.0,1739900,False,2026-07-11/2026-07-17
HID,2026-07-20,2026-07-24,3640.0,3670.0,3200.0,3330.0,974100,False,2026-07-18/2026-07-24
HID,2026-07-27,2026-07-31,3330.0,3490.0,3150.0,3490.0,756500,False,2026-07-25/2026-07-31
HID,2026-08-03,2026-08-07,3730.0,3990.0,3300.0,3370.0,2670500,False,2026-08-01/2026-08-07
HID,2026-08-10,2026-08-14,3400.0,3750.0,3280.0,3420.0,1662800,False,2026-08-08/2026-08-14
HID,2026-08-17,2026-08-21,3350.0,3500.0,3320.0,3400.0,961700,False,2026-08-15/2026-08-21
HID,2026-08-24,2026-08-28,3440.0,3470.0,3310.0,3390.0,673100,False,2026-08-22/2026-08-28
HID,2026-08-31,2026-09-04,3390.0,3420.0,3320.0,3350.0,251800,False,2026-08-29/2026-09-04
HID,2026-09-07,2026-09-11,3420.0,4340.0,3420.0,4330.0,4521600,False,2026-09-05/2026-09-11
HID,2026-09-14,2026-09-18,4120.0,6040.0,4120.0,5650.0,8140300,False,2026-09-12/2026-09-18
HID,2026-09-21,2026-09-25,5570.0,6000.0,4640.0,5140.0,7373500,False,2026-09-19/2026-09-25
HID,2026-09-28,2026-10-02,5000.0,5120.0,4.21,4.21,2616600,False,2026-09-26/2026-10-02
HII,2026-03-30,2026-04-03,5281.0,5291.0,4958.0,5034.0,692400,False,2026-03-28/2026-04-03
HII,2026-04-06,2026-04-10,5025.0,5234.0,4901.0,5110.0,425600,False,2026-04-04/2026-04-10
HII,2026-04-13,2026-04-17,5110.0,5262.0,5034.0,5101.0,910700,False,2026-04-11/2026-04-17
HII,2026-04-20,2026-04-24,5101.0,5186.0,4996.0,5072.0,363500,False,2026-04-18/2026-04-24
HII,2026-04-27,2026-05-01,5044.0,5472.0,4939.0,5472.0,1234700,False,2026-04-25/2026-05-01
HII,2026-05-04,2026-05-08,5852.0,6690.0,5852.0,6176.0,3340500,False,2026-05-02/2026-05-08
HII,2026-05-11,2026-05-15,6233.0,6699.0,5948.0,6233.0,1391400,False,2026-05-09/2026-05-15
HII,2026-05-18,2026-05-22,6205.0,6328.0,5443.0,5615.0,1346800,False,2026-05-16/2026-05-22
HII,2026-05-25,2026-05-29,5529.0,5871.0,5529.0,5624.0,956600,False,2026-05-23/2026-05-29
HII,2026-06-01,2026-06-05,5624.0,5757.0,5624.0,5710.0,455100,False,2026-05-30/2026-06-05
HII,2026-06-08,2026-06-12,5710.0,6109.0,5710.0,6000.0,1200000,False,2026-06-06/2026-06-12
HII,2026-06-15,2026-06-19,5980.0,6030.0,5770.0,5800.0,694400,False,2026-06-13/2026-06-19
HII,2026-06-22,2026-06-26,5850.0,5870.0,5620.0,5710.0,636100,False,2026-06-20/2026-06-26
HII,2026-06-29,2026-07-03,5710.0,5860.0,5520.0,5850.0,623000,False,2026-06-27/2026-07-03
HII,2026-07-06,2026-07-10,5850.0,6000.0,5640.0,5740.0,605900,False,2026-07-04/2026-07-10
HII,2026-07-13,2026-07-17,5740.0,5900.0,5550.0,5870.0,587300,False,2026-07-11/2026-07-17
HII,2026-07-20,2026-07-24,5880.0,6120.0,5610.0,6120.0,1626700,False,2026-07-18/2026-07-24
HII,2026-07-27,2026-07-31,6540.0,7090.0,5910.0,7090.0,1791000,False,2026-07-25/2026-07-31
HII,2026-08-03,2026-08-07,7580.0,9250.0,7580.0,8600.0,6329100,False,2026-08-01/2026-08-07
HII,2026-08-10,2026-08-14,8650.0,9750.0,8510.0,8600.0,4412600,False,2026-08-08/2026-08-14
HII,2026-08-17,2026-08-21,8640.0,8970.0,8510.0,8840.0,1948700,False,2026-08-15/2026-08-21
HII,2026-08-24,2026-08-28,8870.0,9500.0,8290.0,8800.0,3211100,False,2026-08-22/2026-08-28
HII,2026-08-31,2026-09-04,8880.0,8980.0,8820.0,8910.0,739200,False,2026-08-29/2026-09-04
HII,2026-09-07,2026-09-11,8940.0,11000.0,8930.0,10300.0,4603300,False,2026-09-05/2026-09-11
HII,2026-09-14,2026-09-18,10250.0,11500.0,10150.0,10600.0,4681100,False,2026-09-12/2026-09-18
HII,2026-09-21,2026-09-25,10600.0,11800.0,10400.0,10550.0,3785900,False,2026-09-19/2026-09-25
HII,2026-09-28,2026-10-02,10450.0,10450.0,9.22,9.45,2202800,False,2026-09-26/2026-10-02
HPG,2026-03-30,2026-04-03,23341.0,24547.0,23163.0,23788.0,177721800,False,2026-03-28/2026-04-03
HPG,2026-04-06,2026-04-10,23788.0,25528.0,23743.0,24993.0,187640300,False,2026-04-04/2026-04-10
HPG,2026-04-13,2026-04-17,24859.0,25707.0,24770.0,24993.0,164064200,False,2026-04-11/2026-04-17
HPG,2026-04-20,2026-04-24,25127.0,26287.0,24547.0,24904.0,218370500,False,2026-04-18/2026-04-24
HPG,2026-04-27,2026-05-01,24814.0,24993.0,24636.0,24770.0,31310700,False,2026-04-25/2026-05-01
HPG,2026-05-04,2026-05-08,24770.0,24948.0,24279.0,24859.0,131765400,False,2026-05-02/2026-05-08
HPG,2026-05-11,2026-05-15,24995.0,24995.0,24041.0,24132.0,154259000,False,2026-05-09/2026-05-15
HPG,2026-05-18,2026-05-22,24086.0,24268.0,23405.0,23950.0,149937700,False,2026-05-16/2026-05-22
HPG,2026-05-25,2026-05-29,24250.0,24500.0,23900.0,24000.0,102861500,False,2026-05-23/2026-05-29
HPG,2026-06-01,2026-06-05,24000.0,24150.0,23600.0,23750.0,79727900,False,2026-05-30/2026-06-05
HPG,2026-06-08,2026-06-12,23650.0,23750.0,23200.0,23200.0,66166200,False,2026-06-06/2026-06-12
HPG,2026-06-15,2026-06-19,23550.0,24350.0,23550.0,23600.0,101976200,False,2026-06-13/2026-06-19
HPG,2026-06-22,2026-06-26,23700.0,23850.0,23300.0,23500.0,75811200,False,2026-06-20/2026-06-26
HPG,2026-06-29,2026-07-03,23550.0,23700.0,23250.0,23250.0,88991400,False,2026-06-27/2026-07-03
HPG,2026-07-06,2026-07-10,23400.0,23600.0,22950.0,22950.0,71188600,False,2026-07-04/2026-07-10
HPG,2026-07-13,2026-07-17,22950.0,22950.0,21800.0,21850.0,116142300,False,2026-07-11/2026-07-17
HPG,2026-07-20,2026-07-24,21750.0,21750.0,20150.0,20800.0,178515400,False,2026-07-18/2026-07-24
HPG,2026-07-27,2026-07-31,20900.0,22050.0,20100.0,21700.0,137648000,False,2026-07-25/2026-07-31
HPG,2026-08-03,2026-08-07,21700.0,22650.0,21650.0,22000.0,122493200,False,2026-08-01/2026-08-07
HPG,2026-08-10,2026-08-14,22250.0,22350.0,21200.0,21250.0,99498700,False,2026-08-08/2026-08-14
HPG,2026-08-17,2026-08-21,21250.0,21750.0,20900.0,21700.0,90430300,False,2026-08-15/2026-08-21
HPG,2026-08-24,2026-08-28,22000.0,22400.0,21750.0,22100.0,110357700,False,2026-08-22/2026-08-28
HPG,2026-08-31,2026-09-04,22000.0,22000.0,21550.0,21700.0,40906500,False,2026-08-29/2026-09-04
HPG,2026-09-07,2026-09-11,21800.0,22200.0,21300.0,21300.0,91201300,False,2026-09-05/2026-09-11
HPG,2026-09-14,2026-09-18,21300.0,21550.0,20750.0,21550.0,96959700,False,2026-09-12/2026-09-18
HPG,2026-09-21,2026-09-25,21550.0,21600.0,20650.0,20650.0,64846900,False,2026-09-19/2026-09-25
HPG,2026-09-28,2026-10-02,20750.0,20800.0,20.15,20.15,56309000,False,2026-09-26/2026-10-02
HPX,2026-03-30,2026-04-03,4830.0,4860.0,4700.0,4740.0,1547500,False,2026-03-28/2026-04-03
HPX,2026-04-06,2026-04-10,4720.0,5150.0,4670.0,5090.0,2397200,False,2026-04-04/2026-04-10
HPX,2026-04-13,2026-04-17,5100.0,5100.0,4840.0,4900.0,1701400,False,2026-04-11/2026-04-17
HPX,2026-04-20,2026-04-24,4900.0,4950.0,4770.0,4820.0,1400900,False,2026-04-18/2026-04-24
HPX,2026-04-27,2026-05-01,4820.0,4900.0,4760.0,4870.0,742900,False,2026-04-25/2026-05-01
HPX,2026-05-04,2026-05-08,4880.0,4920.0,4620.0,4620.0,1920600,False,2026-05-02/2026-05-08
HPX,2026-05-11,2026-05-15,4650.0,4680.0,4480.0,4510.0,1697700,False,2026-05-09/2026-05-15
HPX,2026-05-18,2026-05-22,4510.0,4520.0,4300.0,4390.0,2052600,False,2026-05-16/2026-05-22
HPX,2026-05-25,2026-05-29,4390.0,4500.0,4330.0,4400.0,1469800,False,2026-05-23/2026-05-29
HPX,2026-06-01,2026-06-05,4400.0,4530.0,4340.0,4350.0,1278400,False,2026-05-30/2026-06-05
HPX,2026-06-08,2026-06-12,4340.0,4380.0,4270.0,4350.0,1434600,False,2026-06-06/2026-06-12
HPX,2026-06-15,2026-06-19,4350.0,4360.0,4290.0,4300.0,1198200,False,2026-06-13/2026-06-19
HPX,2026-06-22,2026-06-26,4300.0,4350.0,4170.0,4210.0,1268400,False,2026-06-20/2026-06-26
HPX,2026-06-29,2026-07-03,4210.0,4290.0,4120.0,4210.0,1482700,False,2026-06-27/2026-07-03
HPX,2026-07-06,2026-07-10,4500.0,4720.0,4310.0,4480.0,6698800,False,2026-07-04/2026-07-10
HPX,2026-07-13,2026-07-17,4460.0,4460.0,4200.0,4330.0,3358900,False,2026-07-11/2026-07-17
HPX,2026-07-20,2026-07-24,4330.0,4330.0,3910.0,4100.0,4091400,False,2026-07-18/2026-07-24
HPX,2026-07-27,2026-07-31,4100.0,4250.0,3940.0,4170.0,2444700,False,2026-07-25/2026-07-31
HPX,2026-08-03,2026-08-07,4200.0,4470.0,4190.0,4290.0,7513200,False,2026-08-01/2026-08-07
HPX,2026-08-10,2026-08-14,4380.0,4460.0,4240.0,4240.0,3453300,False,2026-08-08/2026-08-14
HPX,2026-08-17,2026-08-21,4300.0,4350.0,4100.0,4200.0,3242100,False,2026-08-15/2026-08-21
HPX,2026-08-24,2026-08-28,4220.0,4240.0,4110.0,4150.0,5168200,False,2026-08-22/2026-08-28
HPX,2026-08-31,2026-09-04,4140.0,4150.0,4070.0,4130.0,2551700,False,2026-08-29/2026-09-04
HPX,2026-09-07,2026-09-11,4130.0,4130.0,3990.0,3990.0,1245800,False,2026-09-05/2026-09-11
HPX,2026-09-14,2026-09-18,3970.0,4210.0,3920.0,4210.0,3603900,False,2026-09-12/2026-09-18
HPX,2026-09-21,2026-09-25,4190.0,4210.0,4020.0,4070.0,5570200,False,2026-09-19/2026-09-25
HPX,2026-09-28,2026-10-02,4050.0,4080.0,3.95,4.0,1807800,False,2026-09-26/2026-10-02
HQC,2026-03-30,2026-04-03,2620.0,2710.0,2560.0,2560.0,13569800,False,2026-03-28/2026-04-03
HQC,2026-04-06,2026-04-10,2560.0,2730.0,2510.0,2630.0,16154300,False,2026-04-04/2026-04-10
HQC,2026-04-13,2026-04-17,2600.0,2690.0,2590.0,2590.0,12001500,False,2026-04-11/2026-04-17
HQC,2026-04-20,2026-04-24,2600.0,2620.0,2560.0,2570.0,9550700,False,2026-04-18/2026-04-24
HQC,2026-04-27,2026-05-01,2570.0,2620.0,2560.0,2610.0,3313000,False,2026-04-25/2026-05-01
HQC,2026-05-04,2026-05-08,2610.0,2640.0,2500.0,2500.0,13203300,False,2026-05-02/2026-05-08
HQC,2026-05-11,2026-05-15,2520.0,2590.0,2460.0,2500.0,9259000,False,2026-05-09/2026-05-15
HQC,2026-05-18,2026-05-22,2540.0,2540.0,2350.0,2430.0,10477500,False,2026-05-16/2026-05-22
HQC,2026-05-25,2026-05-29,2440.0,2470.0,2410.0,2410.0,7530500,False,2026-05-23/2026-05-29
HQC,2026-06-01,2026-06-05,2540.0,2900.0,2530.0,2620.0,45344500,False,2026-05-30/2026-06-05
HQC,2026-06-08,2026-06-12,2620.0,2920.0,2570.0,2680.0,37677500,False,2026-06-06/2026-06-12
HQC,2026-06-15,2026-06-19,2700.0,2740.0,2600.0,2610.0,18789200,False,2026-06-13/2026-06-19
HQC,2026-06-22,2026-06-26,2600.0,2610.0,2520.0,2520.0,11671500,False,2026-06-20/2026-06-26
HQC,2026-06-29,2026-07-03,2560.0,2580.0,2500.0,2500.0,7472600,False,2026-06-27/2026-07-03
HQC,2026-07-06,2026-07-10,2500.0,2550.0,2440.0,2490.0,9273100,False,2026-07-04/2026-07-10
HQC,2026-07-13,2026-07-17,2500.0,2500.0,2310.0,2360.0,9291000,False,2026-07-11/2026-07-17
HQC,2026-07-20,2026-07-24,2350.0,2380.0,2060.0,2150.0,12259400,False,2026-07-18/2026-07-24
HQC,2026-07-27,2026-07-31,2160.0,2220.0,2040.0,2130.0,10835400,False,2026-07-25/2026-07-31
HQC,2026-08-03,2026-08-07,2140.0,2240.0,2140.0,2170.0,8980700,False,2026-08-01/2026-08-07
HQC,2026-08-10,2026-08-14,2170.0,2360.0,2170.0,2200.0,22365100,False,2026-08-08/2026-08-14
HQC,2026-08-17,2026-08-21,2200.0,2230.0,2130.0,2190.0,8607400,False,2026-08-15/2026-08-21
HQC,2026-08-24,2026-08-28,2200.0,2230.0,2150.0,2170.0,8443800,False,2026-08-22/2026-08-28
HQC,2026-08-31,2026-09-04,2130.0,2170.0,2130.0,2160.0,2739100,False,2026-08-29/2026-09-04
HQC,2026-09-07,2026-09-11,2150.0,2170.0,1940.0,1950.0,21553600,False,2026-09-05/2026-09-11
HQC,2026-09-14,2026-09-18,1950.0,1960.0,1810.0,1920.0,11735600,False,2026-09-12/2026-09-18
HQC,2026-09-21,2026-09-25,1930.0,1940.0,1890.0,1910.0,8068200,False,2026-09-19/2026-09-25
HQC,2026-09-28,2026-10-02,1900.0,1910.0,1.84,1.85,6040900,False,2026-09-26/2026-10-02
HSG,2026-03-30,2026-04-03,11213.0,11636.0,11136.0,11367.0,14858300,False,2026-03-28/2026-04-03
HSG,2026-04-06,2026-04-10,11367.0,12020.0,11136.0,11751.0,14365000,False,2026-04-04/2026-04-10
HSG,2026-04-13,2026-04-17,11520.0,12749.0,11520.0,12288.0,32801700,False,2026-04-11/2026-04-17
HSG,2026-04-20,2026-04-24,12327.0,12672.0,11904.0,12135.0,23651400,False,2026-04-18/2026-04-24
HSG,2026-04-27,2026-05-01,12135.0,12480.0,12135.0,12250.0,7137500,False,2026-04-25/2026-05-01
HSG,2026-05-04,2026-05-08,12400.0,12850.0,12300.0,12450.0,18364200,False,2026-05-02/2026-05-08
HSG,2026-05-11,2026-05-15,12450.0,12450.0,12000.0,12100.0,14696900,False,2026-05-09/2026-05-15
HSG,2026-05-18,2026-05-22,12000.0,12700.0,11650.0,12600.0,17782000,False,2026-05-16/2026-05-22
HSG,2026-05-25,2026-05-29,12600.0,13000.0,12400.0,12450.0,23145900,False,2026-05-23/2026-05-29
HSG,2026-06-01,2026-06-05,12450.0,12500.0,11950.0,12000.0,13213800,False,2026-05-30/2026-06-05
HSG,2026-06-08,2026-06-12,11700.0,11900.0,11500.0,11700.0,14156600,False,2026-06-06/2026-06-12
HSG,2026-06-15,2026-06-19,11800.0,12350.0,11800.0,11950.0,13618700,False,2026-06-13/2026-06-19
HSG,2026-06-22,2026-06-26,11950.0,12050.0,11550.0,11600.0,11235800,False,2026-06-20/2026-06-26
HSG,2026-06-29,2026-07-03,11600.0,11800.0,11500.0,11550.0,11287200,False,2026-06-27/2026-07-03
HSG,2026-07-06,2026-07-10,11550.0,11750.0,11250.0,11350.0,16061700,False,2026-07-04/2026-07-10
HSG,2026-07-13,2026-07-17,11400.0,11750.0,11200.0,11300.0,18602800,False,2026-07-11/2026-07-17
HSG,2026-07-20,2026-07-24,11150.0,11250.0,10150.0,10450.0,14694400,False,2026-07-18/2026-07-24
HSG,2026-07-27,2026-07-31,10450.0,11000.0,9700.0,10700.0,11610000,False,2026-07-25/2026-07-31
HSG,2026-08-03,2026-08-07,10600.0,11000.0,10600.0,10750.0,8181600,False,2026-08-01/2026-08-07
HSG,2026-08-10,2026-08-14,10850.0,11100.0,10550.0,10550.0,9340200,False,2026-08-08/2026-08-14
HSG,2026-08-17,2026-08-21,10650.0,10850.0,10450.0,10850.0,6355600,False,2026-08-15/2026-08-21
HSG,2026-08-24,2026-08-28,10950.0,11150.0,10850.0,10900.0,14979900,False,2026-08-22/2026-08-28
HSG,2026-08-31,2026-09-04,10900.0,10900.0,10600.0,10600.0,6381700,False,2026-08-29/2026-09-04
HSG,2026-09-07,2026-09-11,10600.0,10750.0,10200.0,10200.0,10422900,False,2026-09-05/2026-09-11
HSG,2026-09-14,2026-09-18,10250.0,10300.0,10000.0,10150.0,11532300,False,2026-09-12/2026-09-18
HSG,2026-09-21,2026-09-25,10250.0,10250.0,9990.0,10000.0,8603000,False,2026-09-19/2026-09-25
HSG,2026-09-28,2026-10-02,10000.0,10150.0,9.99,10.0,5869300,False,2026-09-26/2026-10-02
HSL,2026-03-30,2026-04-03,4970.0,5110.0,4900.0,5000.0,408400,False,2026-03-28/2026-04-03
HSL,2026-04-06,2026-04-10,4900.0,5320.0,4900.0,5000.0,2171500,False,2026-04-04/2026-04-10
HSL,2026-04-13,2026-04-17,5010.0,5590.0,5000.0,5040.0,2326200,False,2026-04-11/2026-04-17
HSL,2026-04-20,2026-04-24,5050.0,5430.0,5000.0,5350.0,1275000,False,2026-04-18/2026-04-24
HSL,2026-04-27,2026-05-01,5400.0,5400.0,5060.0,5180.0,361000,False,2026-04-25/2026-05-01
HSL,2026-05-04,2026-05-08,5180.0,5260.0,4740.0,4960.0,1500800,False,2026-05-02/2026-05-08
HSL,2026-05-11,2026-05-15,4960.0,5090.0,4810.0,4970.0,1589000,False,2026-05-09/2026-05-15
HSL,2026-05-18,2026-05-22,4970.0,5000.0,4700.0,4870.0,521300,False,2026-05-16/2026-05-22
HSL,2026-05-25,2026-05-29,4960.0,4960.0,4700.0,4820.0,1094600,False,2026-05-23/2026-05-29
HSL,2026-06-01,2026-06-05,4800.0,5250.0,4720.0,5250.0,2379400,False,2026-05-30/2026-06-05
HSL,2026-06-08,2026-06-12,5610.0,7300.0,5610.0,6900.0,7930600,False,2026-06-06/2026-06-12
HSL,2026-06-15,2026-06-19,6800.0,7800.0,6420.0,7500.0,5800100,False,2026-06-13/2026-06-19
HSL,2026-06-22,2026-06-26,7700.0,8020.0,7020.0,7020.0,2943200,False,2026-06-20/2026-06-26
HSL,2026-06-29,2026-07-03,7290.0,8200.0,7000.0,7780.0,2440900,False,2026-06-27/2026-07-03
HSL,2026-07-06,2026-07-10,7800.0,9950.0,7700.0,9950.0,7392600,False,2026-07-04/2026-07-10
HSL,2026-07-13,2026-07-17,10300.0,10500.0,8240.0,8680.0,3009200,False,2026-07-11/2026-07-17
HSL,2026-07-20,2026-07-24,8700.0,8970.0,7250.0,8290.0,2051900,False,2026-07-18/2026-07-24
HSL,2026-07-27,2026-07-31,8050.0,8550.0,7400.0,8290.0,1918700,False,2026-07-25/2026-07-31
HSL,2026-08-03,2026-08-07,8290.0,9380.0,8150.0,8640.0,1424700,False,2026-08-01/2026-08-07
HSL,2026-08-10,2026-08-14,8950.0,8950.0,8300.0,8590.0,624600,False,2026-08-08/2026-08-14
HSL,2026-08-17,2026-08-21,8690.0,9400.0,8410.0,9400.0,1301500,False,2026-08-15/2026-08-21
HSL,2026-08-24,2026-08-28,9400.0,10500.0,9260.0,10450.0,4032300,False,2026-08-22/2026-08-28
HSL,2026-08-31,2026-09-04,10950.0,10950.0,9700.0,10150.0,1222700,False,2026-08-29/2026-09-04
HSL,2026-09-07,2026-09-11,10300.0,10550.0,9400.0,9400.0,1882500,False,2026-09-05/2026-09-11
HSL,2026-09-14,2026-09-18,9400.0,9400.0,8490.0,9100.0,1528300,False,2026-09-12/2026-09-18
HSL,2026-09-21,2026-09-25,9100.0,9400.0,8610.0,9080.0,754100,False,2026-09-19/2026-09-25
HSL,2026-09-28,2026-10-02,8900.0,9070.0,8.81,8.83,247900,False,2026-09-26/2026-10-02
HT1,2026-03-30,2026-04-03,14576.0,15113.0,14333.0,14576.0,1343600,False,2026-03-28/2026-04-03
HT1,2026-04-06,2026-04-10,14528.0,15454.0,14138.0,14966.0,1876300,False,2026-04-04/2026-04-10
HT1,2026-04-13,2026-04-17,14820.0,15649.0,14625.0,14723.0,2366100,False,2026-04-11/2026-04-17
HT1,2026-04-20,2026-04-24,14820.0,15161.0,14528.0,14674.0,1682300,False,2026-04-18/2026-04-24
HT1,2026-04-27,2026-05-01,14674.0,14771.0,14235.0,14430.0,537800,False,2026-04-25/2026-05-01
HT1,2026-05-04,2026-05-08,14625.0,14625.0,13991.0,14040.0,1919300,False,2026-05-02/2026-05-08
HT1,2026-05-11,2026-05-15,14186.0,14186.0,13455.0,13455.0,1478600,False,2026-05-09/2026-05-15
HT1,2026-05-18,2026-05-22,13504.0,13748.0,13163.0,13455.0,1221100,False,2026-05-16/2026-05-22
HT1,2026-05-25,2026-05-29,13455.0,13650.0,13260.0,13260.0,601900,False,2026-05-23/2026-05-29
HT1,2026-06-01,2026-06-05,13260.0,13894.0,13163.0,13358.0,843200,False,2026-05-30/2026-06-05
HT1,2026-06-08,2026-06-12,13309.0,13601.0,12968.0,13260.0,624000,False,2026-06-06/2026-06-12
HT1,2026-06-15,2026-06-19,13211.0,13650.0,13211.0,13504.0,668800,False,2026-06-13/2026-06-19
HT1,2026-06-22,2026-06-26,13553.0,13553.0,13211.0,13309.0,814300,False,2026-06-20/2026-06-26
HT1,2026-06-29,2026-07-03,13065.0,13309.0,13016.0,13016.0,711700,False,2026-06-27/2026-07-03
HT1,2026-07-06,2026-07-10,13016.0,13163.0,12626.0,12773.0,881900,False,2026-07-04/2026-07-10
HT1,2026-07-13,2026-07-17,12919.0,12919.0,12139.0,12188.0,1090000,False,2026-07-11/2026-07-17
HT1,2026-07-20,2026-07-24,12188.0,12236.0,11554.0,11895.0,726400,False,2026-07-18/2026-07-24
HT1,2026-07-27,2026-07-31,11993.0,12041.0,11164.0,11895.0,619700,False,2026-07-25/2026-07-31
HT1,2026-08-03,2026-08-07,11895.0,13650.0,11895.0,12626.0,1476500,False,2026-08-01/2026-08-07
HT1,2026-08-10,2026-08-14,12870.0,13309.0,12480.0,12675.0,1110300,False,2026-08-08/2026-08-14
HT1,2026-08-17,2026-08-21,12675.0,12773.0,12285.0,12578.0,1008100,False,2026-08-15/2026-08-21
HT1,2026-08-24,2026-08-28,12724.0,12724.0,12285.0,12285.0,713700,False,2026-08-22/2026-08-28
HT1,2026-08-31,2026-09-04,12285.0,12431.0,12090.0,12188.0,242400,False,2026-08-29/2026-09-04
HT1,2026-09-07,2026-09-11,12139.0,12285.0,11603.0,11798.0,1184300,False,2026-09-05/2026-09-11
HT1,2026-09-14,2026-09-18,11798.0,12100.0,11651.0,11800.0,928600,False,2026-09-12/2026-09-18
HT1,2026-09-21,2026-09-25,11650.0,12650.0,11650.0,11900.0,2389100,False,2026-09-19/2026-09-25
HT1,2026-09-28,2026-10-02,11950.0,12150.0,11.8,11.85,404700,False,2026-09-26/2026-10-02
HTN,2026-03-30,2026-04-03,4836.0,5136.0,4669.0,4756.0,1622100,False,2026-03-28/2026-04-03
HTN,2026-04-06,2026-04-10,4756.0,5016.0,4622.0,4869.0,761600,False,2026-04-04/2026-04-10
HTN,2026-04-13,2026-04-17,4869.0,4936.0,4736.0,4869.0,702300,False,2026-04-11/2026-04-17
HTN,2026-04-20,2026-04-24,4863.0,5616.0,4849.0,5336.0,2399700,False,2026-04-18/2026-04-24
HTN,2026-04-27,2026-05-01,5336.0,5870.0,5336.0,5810.0,984700,False,2026-04-25/2026-05-01
HTN,2026-05-04,2026-05-08,5796.0,5796.0,5176.0,5336.0,1301400,False,2026-05-02/2026-05-08
HTN,2026-05-11,2026-05-15,5336.0,5483.0,5236.0,5469.0,549200,False,2026-05-09/2026-05-15
HTN,2026-05-18,2026-05-22,5503.0,5536.0,4956.0,4956.0,793000,False,2026-05-16/2026-05-22
HTN,2026-05-25,2026-05-29,4976.0,5189.0,4976.0,4983.0,312700,False,2026-05-23/2026-05-29
HTN,2026-06-01,2026-06-05,4989.0,5163.0,4736.0,4903.0,677000,False,2026-05-30/2026-06-05
HTN,2026-06-08,2026-06-12,4923.0,4936.0,4469.0,4769.0,559000,False,2026-06-06/2026-06-12
HTN,2026-06-15,2026-06-19,4736.0,4849.0,4669.0,4762.0,334500,False,2026-06-13/2026-06-19
HTN,2026-06-22,2026-06-26,4669.0,4776.0,4469.0,4736.0,907100,False,2026-06-20/2026-06-26
HTN,2026-06-29,2026-07-03,4736.0,4903.0,4669.0,4729.0,340700,False,2026-06-27/2026-07-03
HTN,2026-07-06,2026-07-10,4829.0,4829.0,4536.0,4669.0,263700,False,2026-07-04/2026-07-10
HTN,2026-07-13,2026-07-17,4609.0,4669.0,4536.0,4662.0,536800,False,2026-07-11/2026-07-17
HTN,2026-07-20,2026-07-24,4849.0,4849.0,4376.0,4476.0,424200,False,2026-07-18/2026-07-24
HTN,2026-07-27,2026-07-31,4369.0,4596.0,4282.0,4576.0,583500,False,2026-07-25/2026-07-31
HTN,2026-08-03,2026-08-07,4576.0,4876.0,4509.0,4849.0,822800,False,2026-08-01/2026-08-07
HTN,2026-08-10,2026-08-14,4849.0,5323.0,4849.0,5076.0,982000,False,2026-08-08/2026-08-14
HTN,2026-08-17,2026-08-21,5056.0,5870.0,5056.0,5870.0,2083700,False,2026-08-15/2026-08-21
HTN,2026-08-24,2026-08-28,5896.0,6277.0,5636.0,6203.0,2671600,False,2026-08-22/2026-08-28
HTN,2026-08-31,2026-09-04,6110.0,6337.0,6110.0,6210.0,983200,False,2026-08-29/2026-09-04
HTN,2026-09-07,2026-09-11,6190.0,6870.0,6190.0,6650.0,3476000,False,2026-09-05/2026-09-11
HTN,2026-09-14,2026-09-18,6650.0,6810.0,6500.0,6810.0,1662000,False,2026-09-12/2026-09-18
HTN,2026-09-21,2026-09-25,6900.0,7040.0,6470.0,7040.0,1245700,False,2026-09-19/2026-09-25
HTN,2026-09-28,2026-10-02,7430.0,7430.0,7.0,7.38,920700,False,2026-09-26/2026-10-02
HVH,2026-03-30,2026-04-03,10986.0,11031.0,10713.0,10759.0,573600,False,2026-03-28/2026-04-03
HVH,2026-04-06,2026-04-10,10759.0,10849.0,10486.0,10804.0,611000,False,2026-04-04/2026-04-10
HVH,2026-04-13,2026-04-17,10804.0,11303.0,10622.0,10713.0,679700,False,2026-04-11/2026-04-17
HVH,2026-04-20,2026-04-24,10713.0,10759.0,10441.0,10622.0,724300,False,2026-04-18/2026-04-24
HVH,2026-04-27,2026-05-01,10577.0,10668.0,10441.0,10577.0,270500,False,2026-04-25/2026-05-01
HVH,2026-05-04,2026-05-08,10577.0,10713.0,10350.0,10486.0,876600,False,2026-05-02/2026-05-08
HVH,2026-05-11,2026-05-15,10486.0,10577.0,9805.0,10441.0,767900,False,2026-05-09/2026-05-15
HVH,2026-05-18,2026-05-22,10441.0,10486.0,10078.0,10395.0,705400,False,2026-05-16/2026-05-22
HVH,2026-05-25,2026-05-29,10350.0,10500.0,10168.0,10400.0,694100,False,2026-05-23/2026-05-29
HVH,2026-06-01,2026-06-05,10400.0,10450.0,10100.0,10250.0,666000,False,2026-05-30/2026-06-05
HVH,2026-06-08,2026-06-12,10250.0,10250.0,10000.0,10150.0,593700,False,2026-06-06/2026-06-12
HVH,2026-06-15,2026-06-19,10150.0,10300.0,9990.0,10200.0,692600,False,2026-06-13/2026-06-19
HVH,2026-06-22,2026-06-26,10200.0,10250.0,10000.0,10200.0,581600,False,2026-06-20/2026-06-26
HVH,2026-06-29,2026-07-03,10150.0,10250.0,10050.0,10200.0,609300,False,2026-06-27/2026-07-03
HVH,2026-07-06,2026-07-10,10200.0,10250.0,10050.0,10150.0,571100,False,2026-07-04/2026-07-10
HVH,2026-07-13,2026-07-17,10100.0,10150.0,9460.0,10050.0,663700,False,2026-07-11/2026-07-17
HVH,2026-07-20,2026-07-24,10100.0,10950.0,9300.0,10750.0,1294900,False,2026-07-18/2026-07-24
HVH,2026-07-27,2026-07-31,10850.0,12000.0,10600.0,11800.0,1504900,False,2026-07-25/2026-07-31
HVH,2026-08-03,2026-08-07,11750.0,11900.0,10100.0,10350.0,1338300,False,2026-08-01/2026-08-07
HVH,2026-08-10,2026-08-14,10350.0,10550.0,9950.0,10000.0,764300,False,2026-08-08/2026-08-14
HVH,2026-08-17,2026-08-21,10000.0,11600.0,9950.0,11200.0,2045300,False,2026-08-15/2026-08-21
HVH,2026-08-24,2026-08-28,11200.0,11300.0,10350.0,10900.0,1914600,False,2026-08-22/2026-08-28
HVH,2026-08-31,2026-09-04,10900.0,11200.0,10650.0,11100.0,566100,False,2026-08-29/2026-09-04
HVH,2026-09-07,2026-09-11,11050.0,11250.0,10800.0,10950.0,1304000,False,2026-09-05/2026-09-11
HVH,2026-09-14,2026-09-18,10850.0,11050.0,10400.0,10650.0,1145600,False,2026-09-12/2026-09-18
HVH,2026-09-21,2026-09-25,10650.0,10800.0,10450.0,10700.0,749400,False,2026-09-19/2026-09-25
HVH,2026-09-28,2026-10-02,10700.0,10750.0,10.2,10.25,577200,False,2026-09-26/2026-10-02
HVN,2026-03-30,2026-04-03,21450.0,22500.0,21150.0,21600.0,5935100,False,2026-03-28/2026-04-03
HVN,2026-04-06,2026-04-10,21600.0,22800.0,21350.0,22500.0,4051800,False,2026-04-04/2026-04-10
HVN,2026-04-13,2026-04-17,22000.0,23350.0,22000.0,22850.0,4009300,False,2026-04-11/2026-04-17
HVN,2026-04-20,2026-04-24,22900.0,23000.0,22300.0,22650.0,2897400,False,2026-04-18/2026-04-24
HVN,2026-04-27,2026-05-01,22650.0,22800.0,22400.0,22600.0,805000,False,2026-04-25/2026-05-01
HVN,2026-05-04,2026-05-08,22900.0,22900.0,22250.0,22250.0,2914800,False,2026-05-02/2026-05-08
HVN,2026-05-11,2026-05-15,22350.0,22350.0,21000.0,21350.0,3874700,False,2026-05-09/2026-05-15
HVN,2026-05-18,2026-05-22,21000.0,21850.0,20900.0,20950.0,2892900,False,2026-05-16/2026-05-22
HVN,2026-05-25,2026-05-29,21300.0,22000.0,21250.0,21400.0,1828000,False,2026-05-23/2026-05-29
HVN,2026-06-01,2026-06-05,21600.0,21600.0,21100.0,21300.0,1088400,False,2026-05-30/2026-06-05
HVN,2026-06-08,2026-06-12,21050.0,21300.0,21000.0,21150.0,1193400,False,2026-06-06/2026-06-12
HVN,2026-06-15,2026-06-19,22600.0,24500.0,22600.0,23200.0,10743000,False,2026-06-13/2026-06-19
HVN,2026-06-22,2026-06-26,23000.0,23500.0,22450.0,23000.0,3876400,False,2026-06-20/2026-06-26
HVN,2026-06-29,2026-07-03,22600.0,25300.0,22600.0,25300.0,7090400,False,2026-06-27/2026-07-03
HVN,2026-07-06,2026-07-10,25450.0,26500.0,24950.0,25400.0,9987000,False,2026-07-04/2026-07-10
HVN,2026-07-13,2026-07-17,26100.0,26100.0,23600.0,23800.0,6626400,False,2026-07-11/2026-07-17
HVN,2026-07-20,2026-07-24,23200.0,23500.0,21050.0,21200.0,6416400,False,2026-07-18/2026-07-24
HVN,2026-07-27,2026-07-31,21850.0,22500.0,21250.0,21500.0,3508800,False,2026-07-25/2026-07-31
HVN,2026-08-03,2026-08-07,22000.0,25100.0,21700.0,23850.0,8036200,False,2026-08-01/2026-08-07
HVN,2026-08-10,2026-08-14,23900.0,24500.0,23000.0,23300.0,3591300,False,2026-08-08/2026-08-14
HVN,2026-08-17,2026-08-21,23300.0,23500.0,22500.0,23050.0,2202000,False,2026-08-15/2026-08-21
HVN,2026-08-24,2026-08-28,23850.0,23850.0,22600.0,22950.0,2402900,False,2026-08-22/2026-08-28
HVN,2026-08-31,2026-09-04,22550.0,22750.0,22500.0,22500.0,946900,False,2026-08-29/2026-09-04
HVN,2026-09-07,2026-09-11,22500.0,23150.0,21200.0,21200.0,4458100,False,2026-09-05/2026-09-11
HVN,2026-09-14,2026-09-18,21450.0,21450.0,20000.0,20900.0,5889000,False,2026-09-12/2026-09-18
HVN,2026-09-21,2026-09-25,21200.0,21300.0,20250.0,20300.0,2193400,False,2026-09-19/2026-09-25
HVN,2026-09-28,2026-10-02,20300.0,21400.0,20.5,20.55,2252700,False,2026-09-26/2026-10-02
IDI,2026-03-30,2026-04-03,6850.0,6940.0,6590.0,6610.0,3516500,False,2026-03-28/2026-04-03
IDI,2026-04-06,2026-04-10,6610.0,6840.0,6560.0,6670.0,2197700,False,2026-04-04/2026-04-10
IDI,2026-04-13,2026-04-17,6640.0,6840.0,6610.0,6650.0,1728600,False,2026-04-11/2026-04-17
IDI,2026-04-20,2026-04-24,6670.0,6720.0,6300.0,6450.0,1771600,False,2026-04-18/2026-04-24
IDI,2026-04-27,2026-05-01,6500.0,6560.0,6380.0,6390.0,1486100,False,2026-04-25/2026-05-01
IDI,2026-05-04,2026-05-08,6410.0,6700.0,6270.0,6270.0,3445600,False,2026-05-02/2026-05-08
IDI,2026-05-11,2026-05-15,6270.0,6340.0,5900.0,5910.0,2935500,False,2026-05-09/2026-05-15
IDI,2026-05-18,2026-05-22,5940.0,6030.0,5490.0,5750.0,1636200,False,2026-05-16/2026-05-22
IDI,2026-05-25,2026-05-29,5810.0,5820.0,5700.0,5710.0,1088700,False,2026-05-23/2026-05-29
IDI,2026-06-01,2026-06-05,5780.0,5980.0,5700.0,5740.0,1634700,False,2026-05-30/2026-06-05
IDI,2026-06-08,2026-06-12,5700.0,5840.0,5600.0,5680.0,1976900,False,2026-06-06/2026-06-12
IDI,2026-06-15,2026-06-19,5690.0,5840.0,5670.0,5710.0,1183600,False,2026-06-13/2026-06-19
IDI,2026-06-22,2026-06-26,5710.0,5820.0,5600.0,5630.0,830400,False,2026-06-20/2026-06-26
IDI,2026-06-29,2026-07-03,5640.0,5710.0,5580.0,5580.0,773300,False,2026-06-27/2026-07-03
IDI,2026-07-06,2026-07-10,5590.0,5640.0,5400.0,5450.0,960900,False,2026-07-04/2026-07-10
IDI,2026-07-13,2026-07-17,5450.0,5470.0,5090.0,5170.0,1716900,False,2026-07-11/2026-07-17
IDI,2026-07-20,2026-07-24,5170.0,5200.0,4600.0,4730.0,1813100,False,2026-07-18/2026-07-24
IDI,2026-07-27,2026-07-31,4760.0,5000.0,4550.0,4800.0,1054500,False,2026-07-25/2026-07-31
IDI,2026-08-03,2026-08-07,4800.0,5100.0,4750.0,4980.0,2074900,False,2026-08-01/2026-08-07
IDI,2026-08-10,2026-08-14,4790.0,5100.0,4790.0,4900.0,1112400,False,2026-08-08/2026-08-14
IDI,2026-08-17,2026-08-21,4880.0,4920.0,4790.0,4910.0,570600,False,2026-08-15/2026-08-21
IDI,2026-08-24,2026-08-28,4950.0,5130.0,4880.0,5000.0,1234400,False,2026-08-22/2026-08-28
IDI,2026-08-31,2026-09-04,5000.0,5000.0,4880.0,4900.0,473600,False,2026-08-29/2026-09-04
IDI,2026-09-07,2026-09-11,4870.0,4920.0,4600.0,4760.0,1059100,False,2026-09-05/2026-09-11
IDI,2026-09-14,2026-09-18,4700.0,4810.0,4650.0,4750.0,459500,False,2026-09-12/2026-09-18
IDI,2026-09-21,2026-09-25,4750.0,4830.0,4600.0,4620.0,578700,False,2026-09-19/2026-09-25
IDI,2026-09-28,2026-10-02,4660.0,4660.0,4.51,4.52,328200,False,2026-09-26/2026-10-02
IJC,2026-03-30,2026-04-03,9571.0,9855.0,9448.0,9571.0,10836900,False,2026-03-28/2026-04-03
IJC,2026-04-06,2026-04-10,9524.0,10329.0,9429.0,9950.0,15356500,False,2026-04-04/2026-04-10
IJC,2026-04-13,2026-04-17,9903.0,10329.0,9808.0,9855.0,16950600,False,2026-04-11/2026-04-17
IJC,2026-04-20,2026-04-24,9855.0,9998.0,9524.0,9619.0,10205000,False,2026-04-18/2026-04-24
IJC,2026-04-27,2026-05-01,9619.0,9619.0,9476.0,9619.0,2059400,False,2026-04-25/2026-05-01
IJC,2026-05-04,2026-05-08,9619.0,9808.0,9476.0,9524.0,6027000,False,2026-05-02/2026-05-08
IJC,2026-05-11,2026-05-15,9571.0,9619.0,9439.0,9467.0,6844100,False,2026-05-09/2026-05-15
IJC,2026-05-18,2026-05-22,9448.0,9476.0,9003.0,9221.0,10287700,False,2026-05-16/2026-05-22
IJC,2026-05-25,2026-05-29,9277.0,9401.0,9078.0,9116.0,5945200,False,2026-05-23/2026-05-29
IJC,2026-06-01,2026-06-05,9126.0,9287.0,9003.0,9031.0,4197800,False,2026-05-30/2026-06-05
IJC,2026-06-08,2026-06-12,8879.0,9202.0,8813.0,9003.0,4808100,False,2026-06-06/2026-06-12
IJC,2026-06-15,2026-06-19,9069.0,9192.0,9031.0,9059.0,3117500,False,2026-06-13/2026-06-19
IJC,2026-06-22,2026-06-26,9107.0,9154.0,8927.0,9050.0,2739500,False,2026-06-20/2026-06-26
IJC,2026-06-29,2026-07-03,9060.0,9340.0,8890.0,8910.0,4728800,False,2026-06-27/2026-07-03
IJC,2026-07-06,2026-07-10,8940.0,8950.0,8530.0,8550.0,6038300,False,2026-07-04/2026-07-10
IJC,2026-07-13,2026-07-17,8540.0,8540.0,7600.0,7860.0,8758500,False,2026-07-11/2026-07-17
IJC,2026-07-20,2026-07-24,7710.0,7900.0,7010.0,7050.0,11653100,False,2026-07-18/2026-07-24
IJC,2026-07-27,2026-07-31,7100.0,7230.0,6410.0,7180.0,12253500,False,2026-07-25/2026-07-31
IJC,2026-08-03,2026-08-07,7200.0,7600.0,7180.0,7420.0,8455800,False,2026-08-01/2026-08-07
IJC,2026-08-10,2026-08-14,7370.0,8190.0,7370.0,7430.0,18608500,False,2026-08-08/2026-08-14
IJC,2026-08-17,2026-08-21,7430.0,7550.0,7120.0,7290.0,7666400,False,2026-08-15/2026-08-21
IJC,2026-08-24,2026-08-28,7400.0,7760.0,7300.0,7410.0,6887700,False,2026-08-22/2026-08-28
IJC,2026-08-31,2026-09-04,7350.0,7400.0,7150.0,7200.0,2881900,False,2026-08-29/2026-09-04
IJC,2026-09-07,2026-09-11,7200.0,7230.0,6770.0,6770.0,6798200,False,2026-09-05/2026-09-11
IJC,2026-09-14,2026-09-18,6800.0,6980.0,6770.0,6920.0,6025700,False,2026-09-12/2026-09-18
IJC,2026-09-21,2026-09-25,6900.0,6970.0,6720.0,6720.0,3531500,False,2026-09-19/2026-09-25
IJC,2026-09-28,2026-10-02,6770.0,6770.0,6.69,6.71,3358200,False,2026-09-26/2026-10-02
ITC,2026-03-30,2026-04-03,10691.0,10917.0,10419.0,10510.0,403600,False,2026-03-28/2026-04-03
ITC,2026-04-06,2026-04-10,10510.0,11778.0,10283.0,11280.0,824100,False,2026-04-04/2026-04-10
ITC,2026-04-13,2026-04-17,11325.0,11325.0,10691.0,10872.0,414700,False,2026-04-11/2026-04-17
ITC,2026-04-20,2026-04-24,10827.0,10917.0,10464.0,10646.0,270400,False,2026-04-18/2026-04-24
ITC,2026-04-27,2026-05-01,10781.0,11370.0,10646.0,11144.0,572900,False,2026-04-25/2026-05-01
ITC,2026-05-04,2026-05-08,11234.0,11234.0,10510.0,10646.0,447500,False,2026-05-02/2026-05-08
ITC,2026-05-11,2026-05-15,10691.0,11144.0,10555.0,11008.0,577000,False,2026-05-09/2026-05-15
ITC,2026-05-18,2026-05-22,10963.0,11280.0,10781.0,10827.0,359200,False,2026-05-16/2026-05-22
ITC,2026-05-25,2026-05-29,10827.0,11597.0,10781.0,11234.0,1066800,False,2026-05-23/2026-05-29
ITC,2026-06-01,2026-06-05,11234.0,12186.0,11053.0,11416.0,1472900,False,2026-05-30/2026-06-05
ITC,2026-06-08,2026-06-12,11325.0,11416.0,10872.0,11053.0,410700,False,2026-06-06/2026-06-12
ITC,2026-06-15,2026-06-19,11189.0,11189.0,10736.0,10736.0,376900,False,2026-06-13/2026-06-19
ITC,2026-06-22,2026-06-26,10917.0,10917.0,10193.0,10419.0,615800,False,2026-06-20/2026-06-26
ITC,2026-06-29,2026-07-03,10419.0,10646.0,10328.0,10419.0,279300,False,2026-06-27/2026-07-03
ITC,2026-07-06,2026-07-10,10464.0,10510.0,10193.0,10374.0,264200,False,2026-07-04/2026-07-10
ITC,2026-07-13,2026-07-17,10374.0,10374.0,9830.0,10193.0,262200,False,2026-07-11/2026-07-17
ITC,2026-07-20,2026-07-24,10102.0,10102.0,9006.0,9151.0,394300,False,2026-07-18/2026-07-24
ITC,2026-07-27,2026-07-31,9151.0,9513.0,8154.0,9287.0,817000,False,2026-07-25/2026-07-31
ITC,2026-08-03,2026-08-07,9287.0,9649.0,9060.0,9377.0,278100,False,2026-08-01/2026-08-07
ITC,2026-08-10,2026-08-14,9377.0,9604.0,9241.0,9241.0,172500,False,2026-08-08/2026-08-14
ITC,2026-08-17,2026-08-21,9377.0,9558.0,9060.0,9287.0,242400,False,2026-08-15/2026-08-21
ITC,2026-08-24,2026-08-28,9422.0,9468.0,9060.0,9196.0,339900,False,2026-08-22/2026-08-28
ITC,2026-08-31,2026-09-04,9105.0,9287.0,9060.0,9060.0,129600,False,2026-08-29/2026-09-04
ITC,2026-09-07,2026-09-11,9110.0,9400.0,8800.0,8870.0,224600,False,2026-09-05/2026-09-11
ITC,2026-09-14,2026-09-18,8870.0,8980.0,8580.0,8970.0,169000,False,2026-09-12/2026-09-18
ITC,2026-09-21,2026-09-25,8990.0,8990.0,8700.0,8840.0,102800,False,2026-09-19/2026-09-25
ITC,2026-09-28,2026-10-02,8840.0,8840.0,8.72,8.79,113000,False,2026-09-26/2026-10-02
ITD,2026-03-30,2026-04-03,13673.0,13970.0,13461.0,13843.0,70700,False,2026-03-28/2026-04-03
ITD,2026-04-06,2026-04-10,13673.0,13970.0,13461.0,13801.0,55000,False,2026-04-04/2026-04-10
ITD,2026-04-13,2026-04-17,13801.0,13843.0,13673.0,13758.0,61700,False,2026-04-11/2026-04-17
ITD,2026-04-20,2026-04-24,13843.0,13885.0,13588.0,13801.0,19700,False,2026-04-18/2026-04-24
ITD,2026-04-27,2026-05-01,13673.0,13885.0,13546.0,13885.0,17600,False,2026-04-25/2026-05-01
ITD,2026-05-04,2026-05-08,13885.0,13885.0,13503.0,13673.0,122800,False,2026-05-02/2026-05-08
ITD,2026-05-11,2026-05-15,13673.0,13716.0,13333.0,13588.0,19800,False,2026-05-09/2026-05-15
ITD,2026-05-18,2026-05-22,13418.0,13716.0,13333.0,13673.0,77300,False,2026-05-16/2026-05-22
ITD,2026-05-25,2026-05-29,13588.0,13631.0,13164.0,13546.0,3881700,False,2026-05-23/2026-05-29
ITD,2026-06-01,2026-06-05,13588.0,13673.0,12484.0,13333.0,165500,False,2026-05-30/2026-06-05
ITD,2026-06-08,2026-06-12,12994.0,13503.0,12229.0,13249.0,406000,False,2026-06-06/2026-06-12
ITD,2026-06-15,2026-06-19,12612.0,13716.0,12484.0,13249.0,279700,False,2026-06-13/2026-06-19
ITD,2026-06-22,2026-06-26,13206.0,13206.0,12569.0,13036.0,32900,False,2026-06-20/2026-06-26
ITD,2026-06-29,2026-07-03,13164.0,13376.0,12654.0,13121.0,49800,False,2026-06-27/2026-07-03
ITD,2026-07-06,2026-07-10,12781.0,13121.0,12314.0,12909.0,39100,False,2026-07-04/2026-07-10
ITD,2026-07-13,2026-07-17,12612.0,12909.0,11805.0,12654.0,33300,False,2026-07-11/2026-07-17
ITD,2026-07-20,2026-07-24,12612.0,12612.0,11890.0,12442.0,102800,False,2026-07-18/2026-07-24
ITD,2026-07-27,2026-07-31,12144.0,12144.0,11210.0,11847.0,33900,False,2026-07-25/2026-07-31
ITD,2026-08-03,2026-08-07,11847.0,12650.0,11450.0,12000.0,61500,False,2026-08-01/2026-08-07
ITD,2026-08-10,2026-08-14,12000.0,12950.0,11800.0,12300.0,43900,False,2026-08-08/2026-08-14
ITD,2026-08-17,2026-08-21,12000.0,12200.0,11150.0,11900.0,58900,False,2026-08-15/2026-08-21
ITD,2026-08-24,2026-08-28,11900.0,11950.0,11450.0,11850.0,119700,False,2026-08-22/2026-08-28
ITD,2026-08-31,2026-09-04,11800.0,11800.0,11500.0,11800.0,14500,False,2026-08-29/2026-09-04
ITD,2026-09-07,2026-09-11,11600.0,11800.0,11300.0,11300.0,34900,False,2026-09-05/2026-09-11
ITD,2026-09-14,2026-09-18,11550.0,11550.0,11000.0,11300.0,7400,False,2026-09-12/2026-09-18
ITD,2026-09-21,2026-09-25,11300.0,11300.0,10300.0,10950.0,35300,False,2026-09-19/2026-09-25
ITD,2026-09-28,2026-10-02,10850.0,10950.0,10.85,10.9,31700,False,2026-09-26/2026-10-02
JVC,2026-03-30,2026-04-03,4600.0,4600.0,4240.0,4280.0,1185600,False,2026-03-28/2026-04-03
JVC,2026-04-06,2026-04-10,4280.0,4460.0,4240.0,4350.0,535500,False,2026-04-04/2026-04-10
JVC,2026-04-13,2026-04-17,4350.0,4390.0,4240.0,4280.0,622800,False,2026-04-11/2026-04-17
JVC,2026-04-20,2026-04-24,4280.0,4350.0,4200.0,4210.0,582300,False,2026-04-18/2026-04-24
JVC,2026-04-27,2026-05-01,4290.0,4290.0,4170.0,4170.0,249900,False,2026-04-25/2026-05-01
JVC,2026-05-04,2026-05-08,4180.0,4250.0,3800.0,3800.0,744100,False,2026-05-02/2026-05-08
JVC,2026-05-11,2026-05-15,3900.0,4050.0,3830.0,3900.0,689600,False,2026-05-09/2026-05-15
JVC,2026-05-18,2026-05-22,3900.0,3960.0,3780.0,3780.0,455200,False,2026-05-16/2026-05-22
JVC,2026-05-25,2026-05-29,3810.0,3810.0,3600.0,3600.0,519500,False,2026-05-23/2026-05-29
JVC,2026-06-01,2026-06-05,3600.0,4210.0,3530.0,3790.0,999200,False,2026-05-30/2026-06-05
JVC,2026-06-08,2026-06-12,3860.0,4000.0,3720.0,3800.0,406900,False,2026-06-06/2026-06-12
JVC,2026-06-15,2026-06-19,3800.0,3850.0,3680.0,3690.0,617900,False,2026-06-13/2026-06-19
JVC,2026-06-22,2026-06-26,3770.0,3770.0,3550.0,3560.0,454700,False,2026-06-20/2026-06-26
JVC,2026-06-29,2026-07-03,3600.0,3620.0,3460.0,3460.0,384600,False,2026-06-27/2026-07-03
JVC,2026-07-06,2026-07-10,3460.0,3520.0,3280.0,3300.0,527000,False,2026-07-04/2026-07-10
JVC,2026-07-13,2026-07-17,3300.0,3300.0,3080.0,3180.0,491700,False,2026-07-11/2026-07-17
JVC,2026-07-20,2026-07-24,3230.0,3230.0,2970.0,3000.0,687400,False,2026-07-18/2026-07-24
JVC,2026-07-27,2026-07-31,3030.0,3050.0,2880.0,2970.0,449100,False,2026-07-25/2026-07-31
JVC,2026-08-03,2026-08-07,2970.0,3140.0,2940.0,3050.0,495600,False,2026-08-01/2026-08-07
JVC,2026-08-10,2026-08-14,3000.0,3110.0,3000.0,3030.0,751600,False,2026-08-08/2026-08-14
JVC,2026-08-17,2026-08-21,3030.0,3040.0,2900.0,2940.0,502400,False,2026-08-15/2026-08-21
JVC,2026-08-24,2026-08-28,2950.0,3050.0,2920.0,2940.0,484400,False,2026-08-22/2026-08-28
JVC,2026-08-31,2026-09-04,2940.0,2960.0,2900.0,2940.0,240100,False,2026-08-29/2026-09-04
JVC,2026-09-07,2026-09-11,2940.0,3000.0,2850.0,2900.0,469700,False,2026-09-05/2026-09-11
JVC,2026-09-14,2026-09-18,2860.0,2900.0,2750.0,2780.0,753900,False,2026-09-12/2026-09-18
JVC,2026-09-21,2026-09-25,2780.0,2810.0,2660.0,2670.0,649000,False,2026-09-19/2026-09-25
JVC,2026-09-28,2026-10-02,2700.0,2700.0,2.48,2.48,504600,False,2026-09-26/2026-10-02
KBC,2026-03-30,2026-04-03,30100.0,32550.0,29800.0,32000.0,16624200,False,2026-03-28/2026-04-03
KBC,2026-04-06,2026-04-10,31750.0,34250.0,31300.0,33950.0,15167100,False,2026-04-04/2026-04-10
KBC,2026-04-13,2026-04-17,33900.0,35200.0,32850.0,35050.0,20297100,False,2026-04-11/2026-04-17
KBC,2026-04-20,2026-04-24,35100.0,35950.0,33650.0,34200.0,16499300,False,2026-04-18/2026-04-24
KBC,2026-04-27,2026-05-01,34250.0,34800.0,33750.0,33900.0,3900300,False,2026-04-25/2026-05-01
KBC,2026-05-04,2026-05-08,33850.0,35200.0,33600.0,33600.0,22072300,False,2026-05-02/2026-05-08
KBC,2026-05-11,2026-05-15,33100.0,33450.0,32000.0,32050.0,20737600,False,2026-05-09/2026-05-15
KBC,2026-05-18,2026-05-22,31650.0,32450.0,29700.0,31500.0,14873400,False,2026-05-16/2026-05-22
KBC,2026-05-25,2026-05-29,31450.0,31600.0,29850.0,30500.0,9101300,False,2026-05-23/2026-05-29
KBC,2026-06-01,2026-06-05,30800.0,30950.0,29150.0,29500.0,8820000,False,2026-05-30/2026-06-05
KBC,2026-06-08,2026-06-12,29050.0,31200.0,28200.0,30700.0,11272900,False,2026-06-06/2026-06-12
KBC,2026-06-15,2026-06-19,31000.0,31200.0,29600.0,30000.0,10394300,False,2026-06-13/2026-06-19
KBC,2026-06-22,2026-06-26,30200.0,30200.0,28650.0,29400.0,7469400,False,2026-06-20/2026-06-26
KBC,2026-06-29,2026-07-03,29500.0,30500.0,29000.0,29250.0,8918000,False,2026-06-27/2026-07-03
KBC,2026-07-06,2026-07-10,29100.0,29200.0,28250.0,28600.0,5595300,False,2026-07-04/2026-07-10
KBC,2026-07-13,2026-07-17,28600.0,28650.0,27700.0,28050.0,5931200,False,2026-07-11/2026-07-17
KBC,2026-07-20,2026-07-24,27700.0,28000.0,26200.0,27850.0,8497000,False,2026-07-18/2026-07-24
KBC,2026-07-27,2026-07-31,27800.0,28350.0,27100.0,27800.0,6127500,False,2026-07-25/2026-07-31
KBC,2026-08-03,2026-08-07,27700.0,28950.0,27400.0,28000.0,6646400,False,2026-08-01/2026-08-07
KBC,2026-08-10,2026-08-14,27950.0,28500.0,26650.0,26950.0,6877400,False,2026-08-08/2026-08-14
KBC,2026-08-17,2026-08-21,26750.0,27450.0,26600.0,27350.0,6065800,False,2026-08-15/2026-08-21
KBC,2026-08-24,2026-08-28,27350.0,27900.0,27250.0,27400.0,8130500,False,2026-08-22/2026-08-28
KBC,2026-08-31,2026-09-04,27300.0,27300.0,26850.0,27100.0,2188600,False,2026-08-29/2026-09-04
KBC,2026-09-07,2026-09-11,27050.0,27250.0,26500.0,26500.0,4094400,False,2026-09-05/2026-09-11
KBC,2026-09-14,2026-09-18,26250.0,26600.0,25650.0,26000.0,8079900,False,2026-09-12/2026-09-18
KBC,2026-09-21,2026-09-25,26050.0,26300.0,25700.0,25950.0,4645400,False,2026-09-19/2026-09-25
KBC,2026-09-28,2026-10-02,25900.0,25900.0,25.15,25.4,3493900,False,2026-09-26/2026-10-02
KDC,2026-03-30,2026-04-03,49000.0,49950.0,48100.0,48950.0,682400,False,2026-03-28/2026-04-03
KDC,2026-04-06,2026-04-10,48950.0,49100.0,46000.0,48800.0,983300,False,2026-04-04/2026-04-10
KDC,2026-04-13,2026-04-17,48500.0,49200.0,47050.0,48000.0,1272800,False,2026-04-11/2026-04-17
KDC,2026-04-20,2026-04-24,47850.0,48600.0,43550.0,44700.0,2894100,False,2026-04-18/2026-04-24
KDC,2026-04-27,2026-05-01,41600.0,43800.0,38700.0,43800.0,3408800,False,2026-04-25/2026-05-01
KDC,2026-05-04,2026-05-08,43900.0,48300.0,43000.0,47900.0,4467900,False,2026-05-02/2026-05-08
KDC,2026-05-11,2026-05-15,47500.0,49000.0,46900.0,48600.0,4673900,False,2026-05-09/2026-05-15
KDC,2026-05-18,2026-05-22,48600.0,49100.0,47500.0,48400.0,2541300,False,2026-05-16/2026-05-22
KDC,2026-05-25,2026-05-29,48600.0,51000.0,47950.0,50000.0,2936900,False,2026-05-23/2026-05-29
KDC,2026-06-01,2026-06-05,50700.0,51500.0,49550.0,51000.0,3712700,False,2026-05-30/2026-06-05
KDC,2026-06-08,2026-06-12,51000.0,51300.0,49250.0,49900.0,5617600,False,2026-06-06/2026-06-12
KDC,2026-06-15,2026-06-19,50500.0,51600.0,49850.0,50700.0,4079600,False,2026-06-13/2026-06-19
KDC,2026-06-22,2026-06-26,50600.0,50900.0,48850.0,50100.0,2256000,False,2026-06-20/2026-06-26
KDC,2026-06-29,2026-07-03,49900.0,50200.0,49500.0,49800.0,1610200,False,2026-06-27/2026-07-03
KDC,2026-07-06,2026-07-10,49700.0,50000.0,48350.0,49900.0,474500,False,2026-07-04/2026-07-10
KDC,2026-07-13,2026-07-17,49900.0,50000.0,46250.0,49600.0,624800,False,2026-07-11/2026-07-17
KDC,2026-07-20,2026-07-24,48150.0,49800.0,48100.0,48700.0,352900,False,2026-07-18/2026-07-24
KDC,2026-07-27,2026-07-31,48700.0,50400.0,46300.0,50100.0,538400,False,2026-07-25/2026-07-31
KDC,2026-08-03,2026-08-07,50200.0,52000.0,48100.0,51600.0,784600,False,2026-08-01/2026-08-07
KDC,2026-08-10,2026-08-14,52000.0,52000.0,50900.0,51400.0,308300,False,2026-08-08/2026-08-14
KDC,2026-08-17,2026-08-21,51400.0,51800.0,50500.0,51700.0,396500,False,2026-08-15/2026-08-21
KDC,2026-08-24,2026-08-28,51800.0,52500.0,51300.0,51900.0,1243400,False,2026-08-22/2026-08-28
KDC,2026-08-31,2026-09-04,51500.0,52300.0,51200.0,51900.0,73600,False,2026-08-29/2026-09-04
KDC,2026-09-07,2026-09-11,51500.0,51800.0,50900.0,51300.0,312400,False,2026-09-05/2026-09-11
KDC,2026-09-14,2026-09-18,51000.0,51500.0,50600.0,51100.0,421300,False,2026-09-12/2026-09-18
KDC,2026-09-21,2026-09-25,50600.0,51300.0,50200.0,50900.0,603700,False,2026-09-19/2026-09-25
KDC,2026-09-28,2026-10-02,50900.0,51000.0,50.5,50.9,292700,False,2026-09-26/2026-10-02
KDH,2026-03-30,2026-04-03,25700.0,26800.0,25300.0,25300.0,20986200,False,2026-03-28/2026-04-03
KDH,2026-04-06,2026-04-10,25300.0,26950.0,24200.0,26200.0,22079000,False,2026-04-04/2026-04-10
KDH,2026-04-13,2026-04-17,25900.0,26950.0,25900.0,26050.0,21390300,False,2026-04-11/2026-04-17
KDH,2026-04-20,2026-04-24,26050.0,26250.0,25200.0,25600.0,14272400,False,2026-04-18/2026-04-24
KDH,2026-04-27,2026-05-01,25600.0,25750.0,25250.0,25400.0,9140400,False,2026-04-25/2026-05-01
KDH,2026-05-04,2026-05-08,25600.0,25750.0,24000.0,24250.0,33178300,False,2026-05-02/2026-05-08
KDH,2026-05-11,2026-05-15,24250.0,24350.0,23100.0,23400.0,27223800,False,2026-05-09/2026-05-15
KDH,2026-05-18,2026-05-22,23200.0,23550.0,21600.0,22200.0,25004000,False,2026-05-16/2026-05-22
KDH,2026-05-25,2026-05-29,22400.0,23650.0,22350.0,22550.0,19244600,False,2026-05-23/2026-05-29
KDH,2026-06-01,2026-06-05,22600.0,23250.0,22550.0,22900.0,12139600,False,2026-05-30/2026-06-05
KDH,2026-06-08,2026-06-12,22700.0,24150.0,22550.0,23100.0,24284700,False,2026-06-06/2026-06-12
KDH,2026-06-15,2026-06-19,23400.0,24050.0,22850.0,23000.0,21540800,False,2026-06-13/2026-06-19
KDH,2026-06-22,2026-06-26,23100.0,23200.0,21550.0,21600.0,17740700,False,2026-06-20/2026-06-26
KDH,2026-06-29,2026-07-03,21600.0,22100.0,21200.0,21300.0,14336100,False,2026-06-27/2026-07-03
KDH,2026-07-06,2026-07-10,21300.0,21400.0,20000.0,20300.0,15527500,False,2026-07-04/2026-07-10
KDH,2026-07-13,2026-07-17,20200.0,20200.0,18400.0,18450.0,25811900,False,2026-07-11/2026-07-17
KDH,2026-07-20,2026-07-24,18300.0,18400.0,17350.0,17400.0,31965700,False,2026-07-18/2026-07-24
KDH,2026-07-27,2026-07-31,17550.0,17850.0,16200.0,17450.0,25810100,False,2026-07-25/2026-07-31
KDH,2026-08-03,2026-08-07,17500.0,18700.0,17450.0,17950.0,25326600,False,2026-08-01/2026-08-07
KDH,2026-08-10,2026-08-14,18000.0,18400.0,17450.0,17700.0,26727600,False,2026-08-08/2026-08-14
KDH,2026-08-17,2026-08-21,17700.0,18200.0,17050.0,18000.0,21540300,False,2026-08-15/2026-08-21
KDH,2026-08-24,2026-08-28,18200.0,18800.0,18000.0,18200.0,30143600,False,2026-08-22/2026-08-28
KDH,2026-08-31,2026-09-04,18050.0,18100.0,17250.0,17300.0,13647100,False,2026-08-29/2026-09-04
KDH,2026-09-07,2026-09-11,17300.0,17650.0,16200.0,16300.0,21426100,False,2026-09-05/2026-09-11
KDH,2026-09-14,2026-09-18,16300.0,16300.0,15200.0,15800.0,25660800,False,2026-09-12/2026-09-18
KDH,2026-09-21,2026-09-25,15900.0,16250.0,15500.0,15700.0,16796200,False,2026-09-19/2026-09-25
KDH,2026-09-28,2026-10-02,15700.0,15700.0,15.25,15.35,13254600,False,2026-09-26/2026-10-02
KHG,2026-03-30,2026-04-03,5500.0,5640.0,5350.0,5390.0,41719000,False,2026-03-28/2026-04-03
KHG,2026-04-06,2026-04-10,5370.0,5640.0,5250.0,5600.0,37821600,False,2026-04-04/2026-04-10
KHG,2026-04-13,2026-04-17,5580.0,5720.0,5490.0,5540.0,39416800,False,2026-04-11/2026-04-17
KHG,2026-04-20,2026-04-24,5550.0,5550.0,5320.0,5450.0,27350200,False,2026-04-18/2026-04-24
KHG,2026-04-27,2026-05-01,5450.0,5480.0,5350.0,5430.0,10116700,False,2026-04-25/2026-05-01
KHG,2026-05-04,2026-05-08,5440.0,5520.0,5360.0,5360.0,29167500,False,2026-05-02/2026-05-08
KHG,2026-05-11,2026-05-15,5400.0,5400.0,5240.0,5270.0,29954200,False,2026-05-09/2026-05-15
KHG,2026-05-18,2026-05-22,5250.0,5270.0,4870.0,5050.0,20003900,False,2026-05-16/2026-05-22
KHG,2026-05-25,2026-05-29,5050.0,5080.0,4880.0,5020.0,15914200,False,2026-05-23/2026-05-29
KHG,2026-06-01,2026-06-05,5020.0,5040.0,4900.0,5000.0,16065000,False,2026-05-30/2026-06-05
KHG,2026-06-08,2026-06-12,4970.0,5130.0,4890.0,5050.0,21271700,False,2026-06-06/2026-06-12
KHG,2026-06-15,2026-06-19,5090.0,5090.0,4960.0,5010.0,20937100,False,2026-06-13/2026-06-19
KHG,2026-06-22,2026-06-26,5000.0,5010.0,4910.0,4920.0,15427700,False,2026-06-20/2026-06-26
KHG,2026-06-29,2026-07-03,4920.0,4950.0,4890.0,4920.0,12211700,False,2026-06-27/2026-07-03
KHG,2026-07-06,2026-07-10,4920.0,5230.0,4810.0,5090.0,21892900,False,2026-07-04/2026-07-10
KHG,2026-07-13,2026-07-17,5090.0,5090.0,4720.0,4890.0,23098000,False,2026-07-11/2026-07-17
KHG,2026-07-20,2026-07-24,4870.0,4900.0,4650.0,4790.0,18584500,False,2026-07-18/2026-07-24
KHG,2026-07-27,2026-07-31,4780.0,4790.0,4640.0,4720.0,12697000,False,2026-07-25/2026-07-31
KHG,2026-08-03,2026-08-07,4750.0,4800.0,4700.0,4750.0,12315300,False,2026-08-01/2026-08-07
KHG,2026-08-10,2026-08-14,4750.0,4900.0,4720.0,4740.0,10324500,False,2026-08-08/2026-08-14
KHG,2026-08-17,2026-08-21,4750.0,4880.0,4720.0,4850.0,9970100,False,2026-08-15/2026-08-21
KHG,2026-08-24,2026-08-28,4930.0,4930.0,4820.0,4850.0,9711100,False,2026-08-22/2026-08-28
KHG,2026-08-31,2026-09-04,4830.0,4870.0,4800.0,4870.0,2404900,False,2026-08-29/2026-09-04
KHG,2026-09-07,2026-09-11,4870.0,4880.0,4670.0,4680.0,6832300,False,2026-09-05/2026-09-11
KHG,2026-09-14,2026-09-18,4680.0,4680.0,4500.0,4550.0,5834000,False,2026-09-12/2026-09-18
KHG,2026-09-21,2026-09-25,4550.0,4720.0,4450.0,4720.0,9303300,False,2026-09-19/2026-09-25
KHG,2026-09-28,2026-10-02,4680.0,4730.0,4.63,4.67,6742500,False,2026-09-26/2026-10-02
KLB,2026-03-30,2026-04-03,9977.0,11563.0,9938.0,11215.0,1663800,False,2026-03-28/2026-04-03
KLB,2026-04-06,2026-04-10,11369.0,11369.0,10596.0,10944.0,2089900,False,2026-04-04/2026-04-10
KLB,2026-04-13,2026-04-17,10944.0,11331.0,10789.0,10905.0,1047100,False,2026-04-11/2026-04-17
KLB,2026-04-20,2026-04-24,10944.0,11408.0,10828.0,11176.0,2272500,False,2026-04-18/2026-04-24
KLB,2026-04-27,2026-05-01,11524.0,11524.0,11060.0,11331.0,459100,False,2026-04-25/2026-05-01
KLB,2026-05-04,2026-05-08,11331.0,11601.0,11098.0,11215.0,2490400,False,2026-05-02/2026-05-08
KLB,2026-05-11,2026-05-15,11137.0,11137.0,10789.0,10944.0,1384700,False,2026-05-09/2026-05-15
KLB,2026-05-18,2026-05-22,10944.0,11137.0,10673.0,10866.0,1136800,False,2026-05-16/2026-05-22
KLB,2026-05-25,2026-05-29,10905.0,11369.0,10750.0,10982.0,1671100,False,2026-05-23/2026-05-29
KLB,2026-06-01,2026-06-05,10982.0,11253.0,10905.0,11060.0,1029500,False,2026-05-30/2026-06-05
KLB,2026-06-08,2026-06-12,11098.0,11331.0,10750.0,11098.0,1955800,False,2026-06-06/2026-06-12
KLB,2026-06-15,2026-06-19,11253.0,11756.0,11098.0,11369.0,2500700,False,2026-06-13/2026-06-19
KLB,2026-06-22,2026-06-26,11524.0,12993.0,11524.0,12955.0,5387400,False,2026-06-20/2026-06-26
KLB,2026-06-29,2026-07-03,12993.0,13100.0,12529.0,12850.0,5576500,False,2026-06-27/2026-07-03
KLB,2026-07-06,2026-07-10,12800.0,13500.0,11950.0,12800.0,4032300,False,2026-07-04/2026-07-10
KLB,2026-07-13,2026-07-17,12600.0,12950.0,12100.0,12850.0,2759800,False,2026-07-11/2026-07-17
KLB,2026-07-20,2026-07-24,12400.0,12850.0,11000.0,11500.0,2673700,False,2026-07-18/2026-07-24
KLB,2026-07-27,2026-07-31,11550.0,11600.0,10800.0,11300.0,2117500,False,2026-07-25/2026-07-31
KLB,2026-08-03,2026-08-07,11300.0,13250.0,11300.0,13100.0,3210100,False,2026-08-01/2026-08-07
KLB,2026-08-10,2026-08-14,13050.0,13500.0,12100.0,12200.0,2961200,False,2026-08-08/2026-08-14
KLB,2026-08-17,2026-08-21,12350.0,12600.0,12000.0,12550.0,1276400,False,2026-08-15/2026-08-21
KLB,2026-08-24,2026-08-28,12650.0,12650.0,12150.0,12200.0,1091600,False,2026-08-22/2026-08-28
KLB,2026-08-31,2026-09-04,12200.0,12300.0,12150.0,12300.0,379600,False,2026-08-29/2026-09-04
KLB,2026-09-07,2026-09-11,12300.0,12400.0,11600.0,12050.0,1518400,False,2026-09-05/2026-09-11
KLB,2026-09-14,2026-09-18,12000.0,12900.0,11800.0,12800.0,2003900,False,2026-09-12/2026-09-18
KLB,2026-09-21,2026-09-25,12800.0,13200.0,12400.0,12400.0,2564600,False,2026-09-19/2026-09-25
KLB,2026-09-28,2026-10-02,12450.0,12500.0,11.7,11.7,943600,False,2026-09-26/2026-10-02
KOS,2026-03-30,2026-04-03,39050.0,39800.0,38350.0,38500.0,1708700,False,2026-03-28/2026-04-03
KOS,2026-04-06,2026-04-10,38500.0,38900.0,38500.0,38700.0,1802200,False,2026-04-04/2026-04-10
KOS,2026-04-13,2026-04-17,38700.0,39200.0,38700.0,38850.0,2224700,False,2026-04-11/2026-04-17
KOS,2026-04-20,2026-04-24,38950.0,39300.0,36350.0,38100.0,1976400,False,2026-04-18/2026-04-24
KOS,2026-04-27,2026-05-01,38100.0,38500.0,36800.0,38100.0,820600,False,2026-04-25/2026-05-01
KOS,2026-05-04,2026-05-08,38000.0,39800.0,36450.0,38600.0,3121300,False,2026-05-02/2026-05-08
KOS,2026-05-11,2026-05-15,38600.0,39050.0,38600.0,38800.0,2366100,False,2026-05-09/2026-05-15
KOS,2026-05-18,2026-05-22,38800.0,38800.0,37700.0,38300.0,1627400,False,2026-05-16/2026-05-22
KOS,2026-05-25,2026-05-29,38300.0,38300.0,36800.0,38000.0,1517000,False,2026-05-23/2026-05-29
KOS,2026-06-01,2026-06-05,38000.0,38950.0,37000.0,38750.0,2145000,False,2026-05-30/2026-06-05
KOS,2026-06-08,2026-06-12,38800.0,38800.0,38000.0,38100.0,1618500,False,2026-06-06/2026-06-12
KOS,2026-06-15,2026-06-19,38100.0,38550.0,36000.0,37000.0,1752100,False,2026-06-13/2026-06-19
KOS,2026-06-22,2026-06-26,37000.0,37300.0,36000.0,37100.0,1668600,False,2026-06-20/2026-06-26
KOS,2026-06-29,2026-07-03,36750.0,37100.0,36350.0,36700.0,1362600,False,2026-06-27/2026-07-03
KOS,2026-07-06,2026-07-10,36600.0,38100.0,36000.0,38050.0,1341800,False,2026-07-04/2026-07-10
KOS,2026-07-13,2026-07-17,38000.0,38050.0,33800.0,36300.0,780400,False,2026-07-11/2026-07-17
KOS,2026-07-20,2026-07-24,35600.0,36150.0,35050.0,35400.0,783400,False,2026-07-18/2026-07-24
KOS,2026-07-27,2026-07-31,35700.0,35800.0,33250.0,35500.0,265700,False,2026-07-25/2026-07-31
KOS,2026-08-03,2026-08-07,35400.0,35400.0,33300.0,35100.0,850800,False,2026-08-01/2026-08-07
KOS,2026-08-10,2026-08-14,34200.0,35200.0,34000.0,34950.0,993500,False,2026-08-08/2026-08-14
KOS,2026-08-17,2026-08-21,34900.0,35200.0,34250.0,34950.0,1090100,False,2026-08-15/2026-08-21
KOS,2026-08-24,2026-08-28,34800.0,34900.0,32550.0,34100.0,2313000,False,2026-08-22/2026-08-28
KOS,2026-08-31,2026-09-04,34100.0,34100.0,33200.0,34100.0,542900,False,2026-08-29/2026-09-04
KOS,2026-09-07,2026-09-11,34000.0,34100.0,32600.0,33250.0,808800,False,2026-09-05/2026-09-11
KOS,2026-09-14,2026-09-18,33700.0,33850.0,29300.0,30050.0,1473200,False,2026-09-12/2026-09-18
KOS,2026-09-21,2026-09-25,30000.0,30100.0,21000.0,21000.0,358500,False,2026-09-19/2026-09-25
KOS,2026-09-28,2026-10-02,19550.0,19550.0,16.95,16.95,19200,False,2026-09-26/2026-10-02
KSB,2026-03-30,2026-04-03,16000.0,16400.0,15650.0,16100.0,5137800,False,2026-03-28/2026-04-03
KSB,2026-04-06,2026-04-10,16000.0,16700.0,15500.0,16350.0,7507600,False,2026-04-04/2026-04-10
KSB,2026-04-13,2026-04-17,16250.0,17100.0,16150.0,16250.0,7540500,False,2026-04-11/2026-04-17
KSB,2026-04-20,2026-04-24,16300.0,16400.0,15750.0,16000.0,4026600,False,2026-04-18/2026-04-24
KSB,2026-04-27,2026-05-01,16100.0,16150.0,15850.0,16100.0,1018800,False,2026-04-25/2026-05-01
KSB,2026-05-04,2026-05-08,16000.0,16300.0,15800.0,15800.0,3955100,False,2026-05-02/2026-05-08
KSB,2026-05-11,2026-05-15,15800.0,15900.0,15550.0,15550.0,2544300,False,2026-05-09/2026-05-15
KSB,2026-05-18,2026-05-22,15600.0,15900.0,15000.0,15450.0,3242500,False,2026-05-16/2026-05-22
KSB,2026-05-25,2026-05-29,15500.0,15500.0,14950.0,15000.0,2418500,False,2026-05-23/2026-05-29
KSB,2026-06-01,2026-06-05,15000.0,15400.0,14750.0,14950.0,2653100,False,2026-05-30/2026-06-05
KSB,2026-06-08,2026-06-12,14850.0,15050.0,14600.0,14900.0,2364400,False,2026-06-06/2026-06-12
KSB,2026-06-15,2026-06-19,15000.0,15250.0,14950.0,14950.0,2202100,False,2026-06-13/2026-06-19
KSB,2026-06-22,2026-06-26,14700.0,15100.0,14400.0,14700.0,3658600,False,2026-06-20/2026-06-26
KSB,2026-06-29,2026-07-03,14700.0,14950.0,14550.0,14700.0,2215700,False,2026-06-27/2026-07-03
KSB,2026-07-06,2026-07-10,14700.0,14700.0,14150.0,14350.0,2780900,False,2026-07-04/2026-07-10
KSB,2026-07-13,2026-07-17,14350.0,14350.0,13250.0,13700.0,2591000,False,2026-07-11/2026-07-17
KSB,2026-07-20,2026-07-24,13650.0,13700.0,12800.0,13450.0,3865200,False,2026-07-18/2026-07-24
KSB,2026-07-27,2026-07-31,13450.0,13500.0,12700.0,13100.0,3797700,False,2026-07-25/2026-07-31
KSB,2026-08-03,2026-08-07,13200.0,13950.0,13100.0,13200.0,3586400,False,2026-08-01/2026-08-07
KSB,2026-08-10,2026-08-14,13450.0,14700.0,13300.0,13750.0,9860100,False,2026-08-08/2026-08-14
KSB,2026-08-17,2026-08-21,13800.0,14100.0,13300.0,13850.0,4284300,False,2026-08-15/2026-08-21
KSB,2026-08-24,2026-08-28,13900.0,14150.0,13550.0,13650.0,3090800,False,2026-08-22/2026-08-28
KSB,2026-08-31,2026-09-04,13600.0,13650.0,13200.0,13350.0,1298100,False,2026-08-29/2026-09-04
KSB,2026-09-07,2026-09-11,13350.0,13350.0,12900.0,13050.0,2304900,False,2026-09-05/2026-09-11
KSB,2026-09-14,2026-09-18,13000.0,13200.0,12650.0,13200.0,2093200,False,2026-09-12/2026-09-18
KSB,2026-09-21,2026-09-25,13150.0,13200.0,12550.0,12850.0,1891400,False,2026-09-19/2026-09-25
KSB,2026-09-28,2026-10-02,12850.0,12950.0,12.7,12.8,1113500,False,2026-09-26/2026-10-02
LCG,2026-03-30,2026-04-03,8968.0,9291.0,8801.0,8829.0,8830900,False,2026-03-28/2026-04-03
LCG,2026-04-06,2026-04-10,8866.0,9753.0,8736.0,9384.0,12308900,False,2026-04-04/2026-04-10
LCG,2026-04-13,2026-04-17,9291.0,9707.0,9226.0,9245.0,9919500,False,2026-04-11/2026-04-17
LCG,2026-04-20,2026-04-24,9245.0,9522.0,9078.0,9291.0,7587000,False,2026-04-18/2026-04-24
LCG,2026-04-27,2026-05-01,9337.0,9384.0,9171.0,9199.0,2803000,False,2026-04-25/2026-05-01
LCG,2026-05-04,2026-05-08,9199.0,9384.0,8829.0,8894.0,9481500,False,2026-05-02/2026-05-08
LCG,2026-05-11,2026-05-15,8894.0,8986.0,8681.0,8690.0,7114300,False,2026-05-09/2026-05-15
LCG,2026-05-18,2026-05-22,8653.0,8690.0,8367.0,8515.0,5974800,False,2026-05-16/2026-05-22
LCG,2026-05-25,2026-05-29,8579.0,8579.0,8367.0,8441.0,4326600,False,2026-05-23/2026-05-29
LCG,2026-06-01,2026-06-05,8441.0,8515.0,8357.0,8376.0,4356000,False,2026-05-30/2026-06-05
LCG,2026-06-08,2026-06-12,8320.0,8515.0,8043.0,8468.0,5871200,False,2026-06-06/2026-06-12
LCG,2026-06-15,2026-06-19,8505.0,8709.0,8490.0,8550.0,5154300,False,2026-06-13/2026-06-19
LCG,2026-06-22,2026-06-26,8560.0,8620.0,8250.0,8350.0,3122500,False,2026-06-20/2026-06-26
LCG,2026-06-29,2026-07-03,8350.0,8740.0,8350.0,8500.0,4168500,False,2026-06-27/2026-07-03
LCG,2026-07-06,2026-07-10,8500.0,8600.0,8280.0,8300.0,2667900,False,2026-07-04/2026-07-10
LCG,2026-07-13,2026-07-17,8300.0,8330.0,7900.0,8050.0,3692700,False,2026-07-11/2026-07-17
LCG,2026-07-20,2026-07-24,8000.0,8040.0,6580.0,7000.0,5702500,False,2026-07-18/2026-07-24
LCG,2026-07-27,2026-07-31,7020.0,7150.0,6550.0,7030.0,3570100,False,2026-07-25/2026-07-31
LCG,2026-08-03,2026-08-07,7050.0,7340.0,7050.0,7170.0,3995400,False,2026-08-01/2026-08-07
LCG,2026-08-10,2026-08-14,7200.0,7580.0,7050.0,7050.0,4940700,False,2026-08-08/2026-08-14
LCG,2026-08-17,2026-08-21,7120.0,7200.0,7000.0,7180.0,2810700,False,2026-08-15/2026-08-21
LCG,2026-08-24,2026-08-28,7250.0,7350.0,7120.0,7130.0,4868400,False,2026-08-22/2026-08-28
LCG,2026-08-31,2026-09-04,7130.0,7280.0,7070.0,7110.0,2902300,False,2026-08-29/2026-09-04
LCG,2026-09-07,2026-09-11,7120.0,7130.0,6850.0,6850.0,4416600,False,2026-09-05/2026-09-11
LCG,2026-09-14,2026-09-18,6850.0,6920.0,6680.0,6780.0,3103600,False,2026-09-12/2026-09-18
LCG,2026-09-21,2026-09-25,6830.0,6850.0,6610.0,6630.0,2659400,False,2026-09-19/2026-09-25
LCG,2026-09-28,2026-10-02,6610.0,6700.0,6.51,6.51,2512100,False,2026-09-26/2026-10-02
LDG,2026-03-30,2026-04-03,3430.0,3700.0,3390.0,3600.0,6524000,False,2026-03-28/2026-04-03
LDG,2026-04-06,2026-04-10,3560.0,3850.0,3430.0,3670.0,4265700,False,2026-04-04/2026-04-10
LDG,2026-04-13,2026-04-17,3670.0,3700.0,3500.0,3510.0,3299200,False,2026-04-11/2026-04-17
LDG,2026-04-20,2026-04-24,3580.0,3620.0,3400.0,3420.0,3055400,False,2026-04-18/2026-04-24
LDG,2026-04-27,2026-05-01,3440.0,3500.0,3380.0,3420.0,1325200,False,2026-04-25/2026-05-01
LDG,2026-05-04,2026-05-08,3420.0,3450.0,3220.0,3270.0,4168200,False,2026-05-02/2026-05-08
LDG,2026-05-11,2026-05-15,3180.0,3280.0,3150.0,3210.0,3902700,False,2026-05-09/2026-05-15
LDG,2026-05-18,2026-05-22,3210.0,3220.0,2920.0,3020.0,3559100,False,2026-05-16/2026-05-22
LDG,2026-05-25,2026-05-29,3020.0,3060.0,2750.0,2830.0,3782300,False,2026-05-23/2026-05-29
LDG,2026-06-01,2026-06-05,2800.0,2920.0,2720.0,2720.0,2742000,False,2026-05-30/2026-06-05
LDG,2026-06-08,2026-06-12,2720.0,3490.0,2650.0,3350.0,10439600,False,2026-06-06/2026-06-12
LDG,2026-06-15,2026-06-19,3500.0,3800.0,3350.0,3610.0,13415400,False,2026-06-13/2026-06-19
LDG,2026-06-22,2026-06-26,3620.0,3700.0,3080.0,3360.0,7643600,False,2026-06-20/2026-06-26
LDG,2026-06-29,2026-07-03,3370.0,3440.0,3140.0,3140.0,3426600,False,2026-06-27/2026-07-03
LDG,2026-07-06,2026-07-10,3140.0,3220.0,3030.0,3030.0,3064100,False,2026-07-04/2026-07-10
LDG,2026-07-13,2026-07-17,3030.0,3030.0,2800.0,2870.0,3628400,False,2026-07-11/2026-07-17
LDG,2026-07-20,2026-07-24,2860.0,2900.0,2630.0,2720.0,2660000,False,2026-07-18/2026-07-24
LDG,2026-07-27,2026-07-31,2720.0,2780.0,2540.0,2680.0,2483300,False,2026-07-25/2026-07-31
LDG,2026-08-03,2026-08-07,2700.0,3040.0,2670.0,2820.0,3823400,False,2026-08-01/2026-08-07
LDG,2026-08-10,2026-08-14,2820.0,2990.0,2770.0,2770.0,2315800,False,2026-08-08/2026-08-14
LDG,2026-08-17,2026-08-21,2790.0,2850.0,2650.0,2730.0,1990300,False,2026-08-15/2026-08-21
LDG,2026-08-24,2026-08-28,2770.0,2830.0,2680.0,2700.0,2592700,False,2026-08-22/2026-08-28
LDG,2026-08-31,2026-09-04,2690.0,2710.0,2660.0,2670.0,815800,False,2026-08-29/2026-09-04
LDG,2026-09-07,2026-09-11,2680.0,2700.0,2520.0,2520.0,2077800,False,2026-09-05/2026-09-11
LDG,2026-09-14,2026-09-18,2520.0,2590.0,2390.0,2570.0,3630600,False,2026-09-12/2026-09-18
LDG,2026-09-21,2026-09-25,2740.0,2920.0,2470.0,2520.0,5547900,False,2026-09-19/2026-09-25
LDG,2026-09-28,2026-10-02,2520.0,2530.0,2.43,2.45,1765700,False,2026-09-26/2026-10-02
LHG,2026-03-30,2026-04-03,25944.0,26593.0,25666.0,25990.0,318300,False,2026-03-28/2026-04-03
LHG,2026-04-06,2026-04-10,25990.0,26685.0,25805.0,26268.0,365000,False,2026-04-04/2026-04-10
LHG,2026-04-13,2026-04-17,26222.0,26454.0,25944.0,26361.0,431100,False,2026-04-11/2026-04-17
LHG,2026-04-20,2026-04-24,26129.0,26685.0,26037.0,26407.0,349200,False,2026-04-18/2026-04-24
LHG,2026-04-27,2026-05-01,26593.0,26593.0,26129.0,26361.0,104100,False,2026-04-25/2026-05-01
LHG,2026-05-04,2026-05-08,26407.0,26500.0,25944.0,25990.0,390900,False,2026-05-02/2026-05-08
LHG,2026-05-11,2026-05-15,25990.0,26222.0,25666.0,25759.0,499400,False,2026-05-09/2026-05-15
LHG,2026-05-18,2026-05-22,25712.0,25851.0,25203.0,25295.0,415500,False,2026-05-16/2026-05-22
LHG,2026-05-25,2026-05-29,25249.0,25573.0,25017.0,25527.0,480900,False,2026-05-23/2026-05-29
LHG,2026-06-01,2026-06-05,25527.0,26222.0,25481.0,25990.0,324100,False,2026-05-30/2026-06-05
LHG,2026-06-08,2026-06-12,26129.0,26315.0,25573.0,26176.0,265200,False,2026-06-06/2026-06-12
LHG,2026-06-15,2026-06-19,26454.0,26454.0,25990.0,26176.0,123300,False,2026-06-13/2026-06-19
LHG,2026-06-22,2026-06-26,25851.0,26176.0,25712.0,25851.0,157000,False,2026-06-20/2026-06-26
LHG,2026-06-29,2026-07-03,25759.0,27056.0,25759.0,26593.0,336400,False,2026-06-27/2026-07-03
LHG,2026-07-06,2026-07-10,26593.0,27288.0,26315.0,26778.0,391200,False,2026-07-04/2026-07-10
LHG,2026-07-13,2026-07-17,27010.0,27010.0,25759.0,26083.0,355700,False,2026-07-11/2026-07-17
LHG,2026-07-20,2026-07-24,25944.0,25990.0,24647.0,25620.0,330600,False,2026-07-18/2026-07-24
LHG,2026-07-27,2026-07-31,25666.0,25898.0,25017.0,25388.0,305200,False,2026-07-25/2026-07-31
LHG,2026-08-03,2026-08-07,25203.0,26268.0,25064.0,25944.0,645500,False,2026-08-01/2026-08-07
LHG,2026-08-10,2026-08-14,26268.0,27288.0,25990.0,26407.0,807600,False,2026-08-08/2026-08-14
LHG,2026-08-17,2026-08-21,26500.0,26639.0,25500.0,25850.0,476000,False,2026-08-15/2026-08-21
LHG,2026-08-24,2026-08-28,26150.0,26300.0,25700.0,26000.0,579900,False,2026-08-22/2026-08-28
LHG,2026-08-31,2026-09-04,26100.0,26300.0,25400.0,26200.0,181800,False,2026-08-29/2026-09-04
LHG,2026-09-07,2026-09-11,26500.0,27000.0,26100.0,26750.0,384300,False,2026-09-05/2026-09-11
LHG,2026-09-14,2026-09-18,26900.0,27050.0,26100.0,26800.0,190300,False,2026-09-12/2026-09-18
LHG,2026-09-21,2026-09-25,26950.0,27400.0,26500.0,27250.0,237000,False,2026-09-19/2026-09-25
LHG,2026-09-28,2026-10-02,26950.0,27250.0,26.0,26.65,91700,False,2026-09-26/2026-10-02
LPB,2026-03-30,2026-04-03,39499.0,41105.0,38932.0,40728.0,6876900,False,2026-03-28/2026-04-03
LPB,2026-04-06,2026-04-10,41105.0,47248.0,40964.0,46586.0,13214300,False,2026-04-04/2026-04-10
LPB,2026-04-13,2026-04-17,46681.0,47342.0,43468.0,43468.0,6754500,False,2026-04-11/2026-04-17
LPB,2026-04-20,2026-04-24,44129.0,46114.0,43279.0,43751.0,6314700,False,2026-04-18/2026-04-24
LPB,2026-04-27,2026-05-01,43751.0,44838.0,42665.0,44696.0,2297900,False,2026-04-25/2026-05-01
LPB,2026-05-04,2026-05-08,44696.0,50083.0,43846.0,48949.0,7896700,False,2026-05-02/2026-05-08
LPB,2026-05-11,2026-05-15,48949.0,55091.0,47531.0,51500.0,8206600,False,2026-05-09/2026-05-15
LPB,2026-05-18,2026-05-22,51500.0,54500.0,51000.0,53200.0,6424300,False,2026-05-16/2026-05-22
LPB,2026-05-25,2026-05-29,53200.0,55000.0,52000.0,52000.0,4928400,False,2026-05-23/2026-05-29
LPB,2026-06-01,2026-06-05,52000.0,52400.0,45100.0,45650.0,6690800,False,2026-05-30/2026-06-05
LPB,2026-06-08,2026-06-12,46900.0,48300.0,45100.0,45500.0,3116000,False,2026-06-06/2026-06-12
LPB,2026-06-15,2026-06-19,45600.0,49600.0,45450.0,48000.0,4349300,False,2026-06-13/2026-06-19
LPB,2026-06-22,2026-06-26,49300.0,58500.0,48100.0,53000.0,32633100,False,2026-06-20/2026-06-26
LPB,2026-06-29,2026-07-03,53000.0,55400.0,50800.0,51000.0,9384900,False,2026-06-27/2026-07-03
LPB,2026-07-06,2026-07-10,51000.0,54200.0,51000.0,53400.0,8605300,False,2026-07-04/2026-07-10
LPB,2026-07-13,2026-07-17,53300.0,54000.0,50100.0,52900.0,16381300,False,2026-07-11/2026-07-17
LPB,2026-07-20,2026-07-24,52900.0,56000.0,51900.0,52400.0,18077300,False,2026-07-18/2026-07-24
LPB,2026-07-27,2026-07-31,53500.0,56000.0,51700.0,51800.0,18833400,False,2026-07-25/2026-07-31
LPB,2026-08-03,2026-08-07,52100.0,54300.0,51300.0,52900.0,13136900,False,2026-08-01/2026-08-07
LPB,2026-08-10,2026-08-14,52900.0,54500.0,52000.0,52400.0,15684100,False,2026-08-08/2026-08-14
LPB,2026-08-17,2026-08-21,52900.0,52900.0,48500.0,50000.0,15585300,False,2026-08-15/2026-08-21
LPB,2026-08-24,2026-08-28,51000.0,51000.0,48500.0,49950.0,16132200,False,2026-08-22/2026-08-28
LPB,2026-08-31,2026-09-04,49950.0,50000.0,48000.0,49000.0,5202300,False,2026-08-29/2026-09-04
LPB,2026-09-07,2026-09-11,49000.0,50000.0,46500.0,46700.0,11350600,False,2026-09-05/2026-09-11
LPB,2026-09-14,2026-09-18,46750.0,48400.0,45700.0,48000.0,11781200,False,2026-09-12/2026-09-18
LPB,2026-09-21,2026-09-25,48100.0,48100.0,45900.0,46450.0,7946100,False,2026-09-19/2026-09-25
LPB,2026-09-28,2026-10-02,46700.0,46700.0,43.6,44.0,6092200,False,2026-09-26/2026-10-02
LSS,2026-03-30,2026-04-03,8600.0,8680.0,8430.0,8430.0,475700,False,2026-03-28/2026-04-03
LSS,2026-04-06,2026-04-10,8430.0,8500.0,8380.0,8460.0,359600,False,2026-04-04/2026-04-10
LSS,2026-04-13,2026-04-17,8450.0,8700.0,8420.0,8510.0,396700,False,2026-04-11/2026-04-17
LSS,2026-04-20,2026-04-24,8510.0,8550.0,8400.0,8490.0,311100,False,2026-04-18/2026-04-24
LSS,2026-04-27,2026-05-01,8480.0,8480.0,8370.0,8400.0,251300,False,2026-04-25/2026-05-01
LSS,2026-05-04,2026-05-08,8400.0,8490.0,8330.0,8370.0,419000,False,2026-05-02/2026-05-08
LSS,2026-05-11,2026-05-15,8390.0,8430.0,8280.0,8380.0,322400,False,2026-05-09/2026-05-15
LSS,2026-05-18,2026-05-22,8350.0,8430.0,8210.0,8260.0,317700,False,2026-05-16/2026-05-22
LSS,2026-05-25,2026-05-29,8270.0,8370.0,8200.0,8200.0,339100,False,2026-05-23/2026-05-29
LSS,2026-06-01,2026-06-05,8160.0,8330.0,8150.0,8200.0,389400,False,2026-05-30/2026-06-05
LSS,2026-06-08,2026-06-12,8200.0,8230.0,8090.0,8200.0,164300,False,2026-06-06/2026-06-12
LSS,2026-06-15,2026-06-19,8200.0,8200.0,8090.0,8150.0,212100,False,2026-06-13/2026-06-19
LSS,2026-06-22,2026-06-26,8140.0,8430.0,8140.0,8240.0,450100,False,2026-06-20/2026-06-26
LSS,2026-06-29,2026-07-03,8230.0,8340.0,8150.0,8290.0,149400,False,2026-06-27/2026-07-03
LSS,2026-07-06,2026-07-10,8290.0,8290.0,8120.0,8230.0,184300,False,2026-07-04/2026-07-10
LSS,2026-07-13,2026-07-17,8190.0,8320.0,8110.0,8240.0,181700,False,2026-07-11/2026-07-17
LSS,2026-07-20,2026-07-24,8240.0,8240.0,7980.0,8200.0,289000,False,2026-07-18/2026-07-24
LSS,2026-07-27,2026-07-31,8200.0,8200.0,7830.0,8000.0,300900,False,2026-07-25/2026-07-31
LSS,2026-08-03,2026-08-07,7980.0,8000.0,7880.0,7990.0,184600,False,2026-08-01/2026-08-07
LSS,2026-08-10,2026-08-14,7990.0,8100.0,7900.0,7990.0,258400,False,2026-08-08/2026-08-14
LSS,2026-08-17,2026-08-21,7840.0,8000.0,7830.0,7990.0,199000,False,2026-08-15/2026-08-21
LSS,2026-08-24,2026-08-28,8100.0,8100.0,7920.0,8070.0,252600,False,2026-08-22/2026-08-28
LSS,2026-08-31,2026-09-04,8050.0,8070.0,7980.0,8040.0,127100,False,2026-08-29/2026-09-04
LSS,2026-09-07,2026-09-11,8040.0,8040.0,7780.0,7970.0,142600,False,2026-09-05/2026-09-11
LSS,2026-09-14,2026-09-18,7820.0,7940.0,7550.0,7690.0,308200,False,2026-09-12/2026-09-18
LSS,2026-09-21,2026-09-25,7790.0,8000.0,7570.0,8000.0,205700,False,2026-09-19/2026-09-25
LSS,2026-09-28,2026-10-02,7710.0,7880.0,7.71,7.8,198500,False,2026-09-26/2026-10-02
MBB,2026-03-30,2026-04-03,20665.0,21706.0,20544.0,20785.0,85494300,False,2026-03-28/2026-04-03
MBB,2026-04-06,2026-04-10,20825.0,21706.0,20384.0,21385.0,105680000,False,2026-04-04/2026-04-10
MBB,2026-04-13,2026-04-17,21105.0,21506.0,20985.0,21185.0,64284400,False,2026-04-11/2026-04-17
MBB,2026-04-20,2026-04-24,21185.0,21626.0,20905.0,20985.0,59106700,False,2026-04-18/2026-04-24
MBB,2026-04-27,2026-05-01,20985.0,21025.0,20705.0,20865.0,25862800,False,2026-04-25/2026-05-01
MBB,2026-05-04,2026-05-08,20945.0,21265.0,20625.0,20945.0,77646300,False,2026-05-02/2026-05-08
MBB,2026-05-11,2026-05-15,20985.0,21105.0,20504.0,20544.0,76197100,False,2026-05-09/2026-05-15
MBB,2026-05-18,2026-05-22,20544.0,20544.0,19623.0,19743.0,121682500,False,2026-05-16/2026-05-22
MBB,2026-05-25,2026-05-29,19864.0,20544.0,19824.0,20024.0,59242100,False,2026-05-23/2026-05-29
MBB,2026-06-01,2026-06-05,20104.0,20184.0,19743.0,20024.0,49389900,False,2026-05-30/2026-06-05
MBB,2026-06-08,2026-06-12,19944.0,20184.0,19663.0,19904.0,56198100,False,2026-06-06/2026-06-12
MBB,2026-06-15,2026-06-19,20064.0,20304.0,20024.0,20024.0,52997400,False,2026-06-13/2026-06-19
MBB,2026-06-22,2026-06-26,20064.0,20264.0,19743.0,19824.0,53392300,False,2026-06-20/2026-06-26
MBB,2026-06-29,2026-07-03,19904.0,20745.0,19864.0,20504.0,74219600,False,2026-06-27/2026-07-03
MBB,2026-07-06,2026-07-10,20584.0,20945.0,20224.0,20533.0,67180100,False,2026-07-04/2026-07-10
MBB,2026-07-13,2026-07-17,20492.0,20533.0,19575.0,19784.0,66195800,False,2026-07-11/2026-07-17
MBB,2026-07-20,2026-07-24,19659.0,19742.0,17993.0,18242.0,84433900,False,2026-07-18/2026-07-24
MBB,2026-07-27,2026-07-31,18284.0,19284.0,17784.0,18742.0,63200200,False,2026-07-25/2026-07-31
MBB,2026-08-03,2026-08-07,18951.0,20408.0,18951.0,20117.0,72765800,False,2026-08-01/2026-08-07
MBB,2026-08-10,2026-08-14,20117.0,20550.0,19950.0,20000.0,79669800,False,2026-08-08/2026-08-14
MBB,2026-08-17,2026-08-21,20000.0,20850.0,19850.0,20850.0,46385400,False,2026-08-15/2026-08-21
MBB,2026-08-24,2026-08-28,21050.0,21200.0,20500.0,21050.0,56321900,False,2026-08-22/2026-08-28
MBB,2026-08-31,2026-09-04,21000.0,21000.0,20550.0,20550.0,20512200,False,2026-08-29/2026-09-04
MBB,2026-09-07,2026-09-11,20550.0,20650.0,19750.0,19750.0,59007500,False,2026-09-05/2026-09-11
MBB,2026-09-14,2026-09-18,19750.0,20600.0,19600.0,19900.0,74711400,False,2026-09-12/2026-09-18
MBB,2026-09-21,2026-09-25,20150.0,20200.0,19850.0,19900.0,48746100,False,2026-09-19/2026-09-25
MBB,2026-09-28,2026-10-02,19900.0,20000.0,19.55,19.65,26259300,False,2026-09-26/2026-10-02
MCH,2026-03-30,2026-04-03,141896.0,142882.0,136082.0,138645.0,992200,False,2026-03-28/2026-04-03
MCH,2026-04-06,2026-04-10,137856.0,141305.0,135590.0,137955.0,1198900,False,2026-04-04/2026-04-10
MCH,2026-04-13,2026-04-17,137955.0,141601.0,136181.0,138940.0,1538400,False,2026-04-11/2026-04-17
MCH,2026-04-20,2026-04-24,138940.0,139531.0,136082.0,137462.0,1546700,False,2026-04-18/2026-04-24
MCH,2026-04-27,2026-05-01,135688.0,137462.0,133028.0,134999.0,301100,False,2026-04-25/2026-05-01
MCH,2026-05-04,2026-05-08,134999.0,135984.0,128594.0,128889.0,1057700,False,2026-05-02/2026-05-08
MCH,2026-05-11,2026-05-15,128988.0,133520.0,123174.0,131057.0,1918200,False,2026-05-09/2026-05-15
MCH,2026-05-18,2026-05-22,130860.0,131747.0,126229.0,128495.0,1855200,False,2026-05-16/2026-05-22
MCH,2026-05-25,2026-05-29,126426.0,133028.0,125637.0,133028.0,1209600,False,2026-05-23/2026-05-29
MCH,2026-06-01,2026-06-05,131845.0,132042.0,128199.0,129579.0,1626100,False,2026-05-30/2026-06-05
MCH,2026-06-08,2026-06-12,129086.0,129579.0,126623.0,128396.0,1973200,False,2026-06-06/2026-06-12
MCH,2026-06-15,2026-06-19,127608.0,128495.0,124652.0,124652.0,1627700,False,2026-06-13/2026-06-19
MCH,2026-06-22,2026-06-26,124652.0,127313.0,124258.0,125933.0,1748600,False,2026-06-20/2026-06-26
MCH,2026-06-29,2026-07-03,127017.0,139926.0,126918.0,138349.0,2327500,False,2026-06-27/2026-07-03
MCH,2026-07-06,2026-07-10,138349.0,139334.0,130860.0,134013.0,950400,False,2026-07-04/2026-07-10
MCH,2026-07-13,2026-07-17,134801.0,139728.0,131156.0,136871.0,1052100,False,2026-07-11/2026-07-17
MCH,2026-07-20,2026-07-24,136969.0,136969.0,131254.0,133028.0,1000600,False,2026-07-18/2026-07-24
MCH,2026-07-27,2026-07-31,133028.0,141502.0,133028.0,138940.0,4556900,False,2026-07-25/2026-07-31
MCH,2026-08-03,2026-08-07,138842.0,138940.0,133028.0,134900.0,1275300,False,2026-08-01/2026-08-07
MCH,2026-08-10,2026-08-14,135000.0,138900.0,133500.0,136800.0,1277200,False,2026-08-08/2026-08-14
MCH,2026-08-17,2026-08-21,136800.0,140000.0,134000.0,139500.0,1793900,False,2026-08-15/2026-08-21
MCH,2026-08-24,2026-08-28,140300.0,143500.0,139300.0,143000.0,2160700,False,2026-08-22/2026-08-28
MCH,2026-08-31,2026-09-04,142900.0,143000.0,140800.0,142000.0,1369100,False,2026-08-29/2026-09-04
MCH,2026-09-07,2026-09-11,142900.0,144900.0,140800.0,141800.0,1466100,False,2026-09-05/2026-09-11
MCH,2026-09-14,2026-09-18,141900.0,145900.0,141200.0,143000.0,6432200,False,2026-09-12/2026-09-18
MCH,2026-09-21,2026-09-25,143000.0,143500.0,138000.0,141000.0,2466400,False,2026-09-19/2026-09-25
MCH,2026-09-28,2026-10-02,140000.0,141000.0,137.6,139.0,776600,False,2026-09-26/2026-10-02
MIG,2026-03-30,2026-04-03,18272.0,19544.0,17895.0,18508.0,2703500,False,2026-03-28/2026-04-03
MIG,2026-04-06,2026-04-10,18696.0,18696.0,17754.0,17895.0,1259500,False,2026-04-04/2026-04-10
MIG,2026-04-13,2026-04-17,17330.0,17990.0,16577.0,16718.0,1247700,False,2026-04-11/2026-04-17
MIG,2026-04-20,2026-04-24,16953.0,17048.0,16294.0,16671.0,944500,False,2026-04-18/2026-04-24
MIG,2026-04-27,2026-05-01,16671.0,16765.0,16388.0,16577.0,158500,False,2026-04-25/2026-05-01
MIG,2026-05-04,2026-05-08,16483.0,16812.0,16435.0,16624.0,566100,False,2026-05-02/2026-05-08
MIG,2026-05-11,2026-05-15,16624.0,16671.0,16059.0,16294.0,516900,False,2026-05-09/2026-05-15
MIG,2026-05-18,2026-05-22,16153.0,17001.0,16106.0,16530.0,956100,False,2026-05-16/2026-05-22
MIG,2026-05-25,2026-05-29,16530.0,17707.0,16388.0,17566.0,2104300,False,2026-05-23/2026-05-29
MIG,2026-06-01,2026-06-05,17566.0,17707.0,16624.0,16765.0,759200,False,2026-05-30/2026-06-05
MIG,2026-06-08,2026-06-12,16483.0,17189.0,16483.0,16953.0,523400,False,2026-06-06/2026-06-12
MIG,2026-06-15,2026-06-19,16953.0,17095.0,16624.0,16624.0,424900,False,2026-06-13/2026-06-19
MIG,2026-06-22,2026-06-26,16624.0,16859.0,16388.0,16577.0,424800,False,2026-06-20/2026-06-26
MIG,2026-06-29,2026-07-03,16671.0,16671.0,16388.0,16577.0,418200,False,2026-06-27/2026-07-03
MIG,2026-07-06,2026-07-10,16530.0,16718.0,16388.0,16718.0,872700,False,2026-07-04/2026-07-10
MIG,2026-07-13,2026-07-17,16483.0,16718.0,15917.0,16483.0,1647000,False,2026-07-11/2026-07-17
MIG,2026-07-20,2026-07-24,16106.0,16671.0,15258.0,15541.0,508100,False,2026-07-18/2026-07-24
MIG,2026-07-27,2026-07-31,15541.0,16012.0,15399.0,15729.0,540800,False,2026-07-25/2026-07-31
MIG,2026-08-03,2026-08-07,15776.0,16106.0,15635.0,15917.0,615200,False,2026-08-01/2026-08-07
MIG,2026-08-10,2026-08-14,16012.0,16012.0,15635.0,15776.0,492200,False,2026-08-08/2026-08-14
MIG,2026-08-17,2026-08-21,15729.0,16200.0,15682.0,16200.0,401800,False,2026-08-15/2026-08-21
MIG,2026-08-24,2026-08-28,15917.0,16300.0,15800.0,16000.0,628000,False,2026-08-22/2026-08-28
MIG,2026-08-31,2026-09-04,16000.0,16100.0,15800.0,16000.0,120000,False,2026-08-29/2026-09-04
MIG,2026-09-07,2026-09-11,15900.0,16000.0,15000.0,15550.0,481800,False,2026-09-05/2026-09-11
MIG,2026-09-14,2026-09-18,15550.0,16000.0,15000.0,15700.0,497600,False,2026-09-12/2026-09-18
MIG,2026-09-21,2026-09-25,15750.0,16200.0,15500.0,15700.0,213600,False,2026-09-19/2026-09-25
MIG,2026-09-28,2026-10-02,15700.0,16700.0,15.85,16.25,620400,False,2026-09-26/2026-10-02
MSB,2026-03-30,2026-04-03,9429.0,9804.0,9345.0,9596.0,39391900,False,2026-03-28/2026-04-03
MSB,2026-04-06,2026-04-10,9637.0,10764.0,9554.0,10639.0,71807700,False,2026-04-04/2026-04-10
MSB,2026-04-13,2026-04-17,10555.0,10931.0,10472.0,10555.0,54182100,False,2026-04-11/2026-04-17
MSB,2026-04-20,2026-04-24,10555.0,10764.0,10346.0,10513.0,60296900,False,2026-04-18/2026-04-24
MSB,2026-04-27,2026-05-01,10513.0,10555.0,10430.0,10430.0,9130800,False,2026-04-25/2026-05-01
MSB,2026-05-04,2026-05-08,10472.0,11431.0,10430.0,11264.0,76182100,False,2026-05-02/2026-05-08
MSB,2026-05-11,2026-05-15,11348.0,11598.0,11056.0,11598.0,79144000,False,2026-05-09/2026-05-15
MSB,2026-05-18,2026-05-22,11515.0,12057.0,11348.0,12015.0,106459100,False,2026-05-16/2026-05-22
MSB,2026-05-25,2026-05-29,11974.0,12766.0,11890.0,12766.0,118500300,False,2026-05-23/2026-05-29
MSB,2026-06-01,2026-06-05,12474.0,12516.0,11807.0,12349.0,55959400,False,2026-05-30/2026-06-05
MSB,2026-06-08,2026-06-12,12266.0,12641.0,11807.0,12516.0,50837600,False,2026-06-06/2026-06-12
MSB,2026-06-15,2026-06-19,12683.0,13267.0,12558.0,13183.0,70856500,False,2026-06-13/2026-06-19
MSB,2026-06-22,2026-06-26,13058.0,13267.0,12891.0,13267.0,32625800,False,2026-06-20/2026-06-26
MSB,2026-06-29,2026-07-03,13267.0,13517.0,13183.0,13350.0,38865500,False,2026-06-27/2026-07-03
MSB,2026-07-06,2026-07-10,13350.0,13475.0,13058.0,13183.0,26754400,False,2026-07-04/2026-07-10
MSB,2026-07-13,2026-07-17,13183.0,13726.0,12891.0,13642.0,43092900,False,2026-07-11/2026-07-17
MSB,2026-07-20,2026-07-24,13559.0,13601.0,12808.0,13309.0,44565500,False,2026-07-18/2026-07-24
MSB,2026-07-27,2026-07-31,13309.0,13434.0,12933.0,13309.0,26976400,False,2026-07-25/2026-07-31
MSB,2026-08-03,2026-08-07,13434.0,13601.0,13309.0,13517.0,30183200,False,2026-08-01/2026-08-07
MSB,2026-08-10,2026-08-14,13517.0,13601.0,13309.0,13475.0,32827800,False,2026-08-08/2026-08-14
MSB,2026-08-17,2026-08-21,13475.0,13475.0,12975.0,13267.0,20794100,False,2026-08-15/2026-08-21
MSB,2026-08-24,2026-08-28,13309.0,13350.0,12140.0,13350.0,39172000,False,2026-08-22/2026-08-28
MSB,2026-08-31,2026-09-04,13350.0,13400.0,13150.0,13150.0,7582800,False,2026-08-29/2026-09-04
MSB,2026-09-07,2026-09-11,13150.0,13200.0,12700.0,12950.0,12671700,False,2026-09-05/2026-09-11
MSB,2026-09-14,2026-09-18,12800.0,13250.0,12650.0,12900.0,17970500,False,2026-09-12/2026-09-18
MSB,2026-09-21,2026-09-25,13200.0,14500.0,13000.0,14050.0,83091800,False,2026-09-19/2026-09-25
MSB,2026-09-28,2026-10-02,14050.0,14300.0,13.95,14.2,27909400,False,2026-09-26/2026-10-02
MSH,2026-03-30,2026-04-03,35781.0,37142.0,35392.0,35878.0,1157700,False,2026-03-28/2026-04-03
MSH,2026-04-06,2026-04-10,36072.0,36753.0,35051.0,36267.0,1065300,False,2026-04-04/2026-04-10
MSH,2026-04-13,2026-04-17,36267.0,36850.0,35489.0,36121.0,927400,False,2026-04-11/2026-04-17
MSH,2026-04-20,2026-04-24,36170.0,38163.0,36121.0,36753.0,1388900,False,2026-04-18/2026-04-24
MSH,2026-04-27,2026-05-01,36850.0,37190.0,36218.0,36267.0,328500,False,2026-04-25/2026-05-01
MSH,2026-05-04,2026-05-08,35878.0,35878.0,34857.0,35051.0,1274800,False,2026-05-02/2026-05-08
MSH,2026-05-11,2026-05-15,35149.0,35392.0,34954.0,35100.0,681700,False,2026-05-09/2026-05-15
MSH,2026-05-18,2026-05-22,35300.0,35700.0,34400.0,35700.0,619600,False,2026-05-16/2026-05-22
MSH,2026-05-25,2026-05-29,35200.0,35600.0,34150.0,34400.0,420000,False,2026-05-23/2026-05-29
MSH,2026-06-01,2026-06-05,34900.0,34900.0,33800.0,33950.0,237400,False,2026-05-30/2026-06-05
MSH,2026-06-08,2026-06-12,33950.0,33950.0,33450.0,33700.0,353200,False,2026-06-06/2026-06-12
MSH,2026-06-15,2026-06-19,34300.0,34650.0,33950.0,34450.0,291700,False,2026-06-13/2026-06-19
MSH,2026-06-22,2026-06-26,34700.0,34700.0,33650.0,33900.0,434100,False,2026-06-20/2026-06-26
MSH,2026-06-29,2026-07-03,33800.0,34000.0,33100.0,33100.0,582200,False,2026-06-27/2026-07-03
MSH,2026-07-06,2026-07-10,33150.0,33200.0,31500.0,31900.0,687200,False,2026-07-04/2026-07-10
MSH,2026-07-13,2026-07-17,31950.0,32000.0,30850.0,31500.0,433400,False,2026-07-11/2026-07-17
MSH,2026-07-20,2026-07-24,31550.0,31550.0,29950.0,30900.0,697000,False,2026-07-18/2026-07-24
MSH,2026-07-27,2026-07-31,31050.0,32000.0,29900.0,30400.0,703400,False,2026-07-25/2026-07-31
MSH,2026-08-03,2026-08-07,30700.0,31700.0,30600.0,30850.0,317800,False,2026-08-01/2026-08-07
MSH,2026-08-10,2026-08-14,31000.0,32000.0,30500.0,30500.0,394200,False,2026-08-08/2026-08-14
MSH,2026-08-17,2026-08-21,28400.0,30550.0,28400.0,30200.0,875300,False,2026-08-15/2026-08-21
MSH,2026-08-24,2026-08-28,30600.0,31000.0,30250.0,30550.0,374000,False,2026-08-22/2026-08-28
MSH,2026-08-31,2026-09-04,30550.0,30550.0,30300.0,30500.0,97200,False,2026-08-29/2026-09-04
MSH,2026-09-07,2026-09-11,30500.0,30650.0,30000.0,30000.0,300700,False,2026-09-05/2026-09-11
MSH,2026-09-14,2026-09-18,30000.0,30500.0,29700.0,30150.0,541000,False,2026-09-12/2026-09-18
MSH,2026-09-21,2026-09-25,30100.0,30500.0,29800.0,29800.0,248300,False,2026-09-19/2026-09-25
MSH,2026-09-28,2026-10-02,29950.0,29950.0,29.7,29.8,230500,False,2026-09-26/2026-10-02
MSN,2026-03-30,2026-04-03,72000.0,77400.0,71800.0,75300.0,31429400,False,2026-03-28/2026-04-03
MSN,2026-04-06,2026-04-10,75100.0,79500.0,74300.0,78000.0,27671500,False,2026-04-04/2026-04-10
MSN,2026-04-13,2026-04-17,77200.0,82500.0,76400.0,79500.0,34825400,False,2026-04-11/2026-04-17
MSN,2026-04-20,2026-04-24,80000.0,80900.0,77100.0,77200.0,31360500,False,2026-04-18/2026-04-24
MSN,2026-04-27,2026-05-01,77200.0,77900.0,76100.0,76800.0,7759100,False,2026-04-25/2026-05-01
MSN,2026-05-04,2026-05-08,77200.0,82400.0,76200.0,80200.0,38470500,False,2026-05-02/2026-05-08
MSN,2026-05-11,2026-05-15,80800.0,80800.0,76600.0,77500.0,29868500,False,2026-05-09/2026-05-15
MSN,2026-05-18,2026-05-22,77100.0,77400.0,74400.0,76000.0,24749200,False,2026-05-16/2026-05-22
MSN,2026-05-25,2026-05-29,76000.0,77500.0,74700.0,74700.0,17201700,False,2026-05-23/2026-05-29
MSN,2026-06-01,2026-06-05,74800.0,75200.0,72600.0,73100.0,14126600,False,2026-05-30/2026-06-05
MSN,2026-06-08,2026-06-12,72400.0,72700.0,70800.0,71100.0,15060000,False,2026-06-06/2026-06-12
MSN,2026-06-15,2026-06-19,72100.0,73300.0,71900.0,72000.0,12450000,False,2026-06-13/2026-06-19
MSN,2026-06-22,2026-06-26,72600.0,72600.0,70600.0,71400.0,10733700,False,2026-06-20/2026-06-26
MSN,2026-06-29,2026-07-03,71600.0,73100.0,71400.0,71800.0,12924000,False,2026-06-27/2026-07-03
MSN,2026-07-06,2026-07-10,71600.0,71800.0,67500.0,68800.0,30319000,False,2026-07-04/2026-07-10
MSN,2026-07-13,2026-07-17,68300.0,68500.0,66700.0,68000.0,16679200,False,2026-07-11/2026-07-17
MSN,2026-07-20,2026-07-24,67800.0,67800.0,61700.0,63900.0,28574600,False,2026-07-18/2026-07-24
MSN,2026-07-27,2026-07-31,65000.0,68100.0,63200.0,66100.0,22466800,False,2026-07-25/2026-07-31
MSN,2026-08-03,2026-08-07,66500.0,69400.0,66200.0,67400.0,17103700,False,2026-08-01/2026-08-07
MSN,2026-08-10,2026-08-14,67400.0,68300.0,65800.0,66300.0,19978300,False,2026-08-08/2026-08-14
MSN,2026-08-17,2026-08-21,66300.0,70200.0,65500.0,69800.0,23664100,False,2026-08-15/2026-08-21
MSN,2026-08-24,2026-08-28,70700.0,71100.0,69000.0,70200.0,21324300,False,2026-08-22/2026-08-28
MSN,2026-08-31,2026-09-04,69500.0,69600.0,68300.0,69000.0,8254900,False,2026-08-29/2026-09-04
MSN,2026-09-07,2026-09-11,69000.0,69300.0,66500.0,66500.0,16771700,False,2026-09-05/2026-09-11
MSN,2026-09-14,2026-09-18,66700.0,69500.0,65300.0,68400.0,19739500,False,2026-09-12/2026-09-18
MSN,2026-09-21,2026-09-25,69200.0,71700.0,67100.0,70100.0,29589800,False,2026-09-19/2026-09-25
MSN,2026-09-28,2026-10-02,70200.0,70300.0,69.0,69.0,10553000,False,2026-09-26/2026-10-02
MWG,2026-03-30,2026-04-03,77690.0,82613.0,77395.0,78084.0,30925900,False,2026-03-28/2026-04-03
MWG,2026-04-06,2026-04-10,77099.0,80939.0,75425.0,80250.0,28726000,False,2026-04-04/2026-04-10
MWG,2026-04-13,2026-04-17,79561.0,85567.0,78576.0,85567.0,34071000,False,2026-04-11/2026-04-17
MWG,2026-04-20,2026-04-24,86158.0,87143.0,82219.0,82219.0,36618400,False,2026-04-18/2026-04-24
MWG,2026-04-27,2026-05-01,82416.0,84583.0,82416.0,82712.0,10277900,False,2026-04-25/2026-05-01
MWG,2026-05-04,2026-05-08,83401.0,86060.0,82121.0,83302.0,28739100,False,2026-05-02/2026-05-08
MWG,2026-05-11,2026-05-15,83007.0,83893.0,80742.0,80742.0,24882300,False,2026-05-09/2026-05-15
MWG,2026-05-18,2026-05-22,80742.0,80742.0,73062.0,78182.0,41374800,False,2026-05-16/2026-05-22
MWG,2026-05-25,2026-05-29,78872.0,79167.0,74637.0,75130.0,21521100,False,2026-05-23/2026-05-29
MWG,2026-06-01,2026-06-05,75327.0,78182.0,75327.0,76804.0,19120100,False,2026-05-30/2026-06-05
MWG,2026-06-08,2026-06-12,75819.0,77296.0,75130.0,75228.0,16713200,False,2026-06-06/2026-06-12
MWG,2026-06-15,2026-06-19,75819.0,78576.0,75819.0,76804.0,20783900,False,2026-06-13/2026-06-19
MWG,2026-06-22,2026-06-26,76804.0,77296.0,73850.0,77296.0,21919100,False,2026-06-20/2026-06-26
MWG,2026-06-29,2026-07-03,77198.0,80152.0,76410.0,77690.0,22008800,False,2026-06-27/2026-07-03
MWG,2026-07-06,2026-07-10,77395.0,77985.0,75425.0,75425.0,14988100,False,2026-07-04/2026-07-10
MWG,2026-07-13,2026-07-17,75622.0,76114.0,73850.0,75524.0,14493000,False,2026-07-11/2026-07-17
MWG,2026-07-20,2026-07-24,75721.0,75721.0,66071.0,66957.0,36703700,False,2026-07-18/2026-07-24
MWG,2026-07-27,2026-07-31,67449.0,70900.0,61541.0,69900.0,32253500,False,2026-07-25/2026-07-31
MWG,2026-08-03,2026-08-07,70000.0,73000.0,69800.0,71000.0,21168400,False,2026-08-01/2026-08-07
MWG,2026-08-10,2026-08-14,71000.0,74700.0,70700.0,72400.0,16648400,False,2026-08-08/2026-08-14
MWG,2026-08-17,2026-08-21,72300.0,75100.0,71200.0,75000.0,13274600,False,2026-08-15/2026-08-21
MWG,2026-08-24,2026-08-28,75500.0,75900.0,73200.0,75000.0,12212000,False,2026-08-22/2026-08-28
MWG,2026-08-31,2026-09-04,74000.0,74600.0,72800.0,73100.0,4821200,False,2026-08-29/2026-09-04
MWG,2026-09-07,2026-09-11,73100.0,73500.0,71200.0,71300.0,12083700,False,2026-09-05/2026-09-11
MWG,2026-09-14,2026-09-18,71300.0,73500.0,68600.0,72500.0,13146200,False,2026-09-12/2026-09-18
MWG,2026-09-21,2026-09-25,72500.0,73900.0,71000.0,73400.0,11677200,False,2026-09-19/2026-09-25
MWG,2026-09-28,2026-10-02,73400.0,73400.0,71.7,72.4,6897800,False,2026-09-26/2026-10-02
MZG,2026-03-30,2026-04-03,12354.0,12445.0,10537.0,11718.0,2837200,False,2026-03-28/2026-04-03
MZG,2026-04-06,2026-04-10,11718.0,12081.0,11627.0,11809.0,3194200,False,2026-04-04/2026-04-10
MZG,2026-04-13,2026-04-17,11809.0,11900.0,11445.0,11809.0,1598700,False,2026-04-11/2026-04-17
MZG,2026-04-20,2026-04-24,11809.0,11809.0,10991.0,11536.0,1063800,False,2026-04-18/2026-04-24
MZG,2026-04-27,2026-05-01,11445.0,11536.0,11264.0,11355.0,344200,False,2026-04-25/2026-05-01
MZG,2026-05-04,2026-05-08,11355.0,11809.0,11264.0,11809.0,1320100,False,2026-05-02/2026-05-08
MZG,2026-05-11,2026-05-15,11809.0,11809.0,11445.0,11718.0,1047300,False,2026-05-09/2026-05-15
MZG,2026-05-18,2026-05-22,11627.0,12081.0,11355.0,11445.0,2632700,False,2026-05-16/2026-05-22
MZG,2026-05-25,2026-05-29,11536.0,11627.0,11264.0,11264.0,1090100,False,2026-05-23/2026-05-29
MZG,2026-06-01,2026-06-05,11264.0,11536.0,11173.0,11445.0,1476400,False,2026-05-30/2026-06-05
MZG,2026-06-08,2026-06-12,11355.0,11809.0,11264.0,11627.0,940600,False,2026-06-06/2026-06-12
MZG,2026-06-15,2026-06-19,11627.0,11900.0,11445.0,11536.0,1798100,False,2026-06-13/2026-06-19
MZG,2026-06-29,2026-07-03,11900.0,11900.0,11673.0,11718.0,1249900,False,2026-06-27/2026-07-03
MZG,2026-07-06,2026-07-10,11718.0,11718.0,11309.0,11627.0,3386100,False,2026-07-04/2026-07-10
MZG,2026-07-13,2026-07-17,11627.0,11627.0,10900.0,11400.0,1942000,False,2026-07-11/2026-07-17
MZG,2026-07-20,2026-07-24,11550.0,11650.0,10450.0,11400.0,2379700,False,2026-07-18/2026-07-24
MZG,2026-07-27,2026-07-31,11650.0,11950.0,10900.0,11850.0,2459200,False,2026-07-25/2026-07-31
MZG,2026-08-03,2026-08-07,11800.0,12250.0,11600.0,12150.0,3034400,False,2026-08-01/2026-08-07
MZG,2026-08-10,2026-08-14,12000.0,12800.0,12000.0,12200.0,3545500,False,2026-08-08/2026-08-14
MZG,2026-08-17,2026-08-21,11950.0,12450.0,11800.0,12250.0,2375100,False,2026-08-15/2026-08-21
MZG,2026-08-24,2026-08-28,12300.0,13150.0,12200.0,12900.0,2623000,False,2026-08-22/2026-08-28
MZG,2026-08-31,2026-09-04,12800.0,12900.0,12500.0,12500.0,1712900,False,2026-08-29/2026-09-04
MZG,2026-09-07,2026-09-11,12500.0,12800.0,11800.0,12400.0,2904900,False,2026-09-05/2026-09-11
MZG,2026-09-14,2026-09-18,12450.0,12600.0,11650.0,11850.0,3657700,False,2026-09-12/2026-09-18
MZG,2026-09-21,2026-09-25,11850.0,11950.0,11500.0,11950.0,1097700,False,2026-09-19/2026-09-25
MZG,2026-09-28,2026-10-02,11950.0,12150.0,11.85,11.95,1348200,False,2026-09-26/2026-10-02
NAB,2026-03-30,2026-04-03,10730.0,11022.0,10730.0,10813.0,6638600,False,2026-03-28/2026-04-03
NAB,2026-04-06,2026-04-10,10897.0,11398.0,10772.0,11314.0,8202800,False,2026-04-04/2026-04-10
NAB,2026-04-13,2026-04-17,11106.0,11356.0,11106.0,11273.0,7365600,False,2026-04-11/2026-04-17
NAB,2026-04-20,2026-04-24,11273.0,11941.0,11189.0,11857.0,11270200,False,2026-04-18/2026-04-24
NAB,2026-04-27,2026-05-01,11857.0,11941.0,11690.0,11774.0,3060300,False,2026-04-25/2026-05-01
NAB,2026-05-04,2026-05-08,11857.0,12442.0,11690.0,12400.0,11538900,False,2026-05-02/2026-05-08
NAB,2026-05-11,2026-05-15,12450.0,12600.0,12300.0,12350.0,7303000,False,2026-05-09/2026-05-15
NAB,2026-05-18,2026-05-22,12350.0,12450.0,12000.0,12300.0,6711400,False,2026-05-16/2026-05-22
NAB,2026-05-25,2026-05-29,12350.0,12500.0,11700.0,11700.0,8899700,False,2026-05-23/2026-05-29
NAB,2026-06-01,2026-06-05,11700.0,12200.0,11700.0,12000.0,6303300,False,2026-05-30/2026-06-05
NAB,2026-06-08,2026-06-12,11900.0,12350.0,11700.0,12300.0,6835700,False,2026-06-06/2026-06-12
NAB,2026-06-15,2026-06-19,12350.0,12450.0,12200.0,12300.0,8527600,False,2026-06-13/2026-06-19
NAB,2026-06-22,2026-06-26,12300.0,13200.0,12200.0,13050.0,13934300,False,2026-06-20/2026-06-26
NAB,2026-06-29,2026-07-03,12900.0,13200.0,12850.0,13100.0,13052900,False,2026-06-27/2026-07-03
NAB,2026-07-06,2026-07-10,13100.0,13500.0,13000.0,13300.0,16449800,False,2026-07-04/2026-07-10
NAB,2026-07-13,2026-07-17,13350.0,13350.0,12600.0,12900.0,12403400,False,2026-07-11/2026-07-17
NAB,2026-07-20,2026-07-24,12800.0,12900.0,12200.0,12500.0,11064700,False,2026-07-18/2026-07-24
NAB,2026-07-27,2026-07-31,12450.0,12550.0,11400.0,12150.0,9647400,False,2026-07-25/2026-07-31
NAB,2026-08-03,2026-08-07,12150.0,12300.0,11700.0,11800.0,8053600,False,2026-08-01/2026-08-07
NAB,2026-08-10,2026-08-14,11850.0,12600.0,11600.0,11700.0,6588600,False,2026-08-08/2026-08-14
NAB,2026-08-17,2026-08-21,11650.0,11750.0,11400.0,11600.0,6627500,False,2026-08-15/2026-08-21
NAB,2026-08-24,2026-08-28,11700.0,11750.0,11500.0,11550.0,5683400,False,2026-08-22/2026-08-28
NAB,2026-08-31,2026-09-04,11500.0,11600.0,11350.0,11550.0,2115000,False,2026-08-29/2026-09-04
NAB,2026-09-07,2026-09-11,11500.0,11550.0,11100.0,11200.0,6160800,False,2026-09-05/2026-09-11
NAB,2026-09-14,2026-09-18,11200.0,12350.0,11000.0,12000.0,10111500,False,2026-09-12/2026-09-18
NAB,2026-09-21,2026-09-25,12100.0,12500.0,11700.0,12400.0,7848100,False,2026-09-19/2026-09-25
NAB,2026-09-28,2026-10-02,12400.0,12550.0,12.2,12.3,4572400,False,2026-09-26/2026-10-02
NAF,2026-03-30,2026-04-03,48050.0,50200.0,47650.0,49050.0,3257300,False,2026-03-28/2026-04-03
NAF,2026-04-06,2026-04-10,49050.0,51100.0,47600.0,50200.0,3496900,False,2026-04-04/2026-04-10
NAF,2026-04-13,2026-04-17,50000.0,51500.0,49350.0,49850.0,3339000,False,2026-04-11/2026-04-17
NAF,2026-04-20,2026-04-24,49750.0,51400.0,49350.0,50400.0,2592500,False,2026-04-18/2026-04-24
NAF,2026-04-27,2026-05-01,50300.0,50900.0,49300.0,49350.0,1074900,False,2026-04-25/2026-05-01
NAF,2026-05-04,2026-05-08,49500.0,50100.0,48850.0,49950.0,2929700,False,2026-05-02/2026-05-08
NAF,2026-05-11,2026-05-15,50000.0,50300.0,48900.0,49900.0,2969400,False,2026-05-09/2026-05-15
NAF,2026-05-18,2026-05-22,49850.0,52800.0,49450.0,52500.0,3423600,False,2026-05-16/2026-05-22
NAF,2026-05-25,2026-05-29,52600.0,53900.0,51400.0,53600.0,3177300,False,2026-05-23/2026-05-29
NAF,2026-06-01,2026-06-05,53700.0,53700.0,50900.0,52300.0,3871900,False,2026-05-30/2026-06-05
NAF,2026-06-08,2026-06-12,52400.0,52400.0,49550.0,50300.0,2247900,False,2026-06-06/2026-06-12
NAF,2026-06-15,2026-06-19,50300.0,50700.0,49950.0,50300.0,1972000,False,2026-06-13/2026-06-19
NAF,2026-06-22,2026-06-26,50300.0,50500.0,49850.0,50100.0,2168100,False,2026-06-20/2026-06-26
NAF,2026-06-29,2026-07-03,50100.0,50400.0,46850.0,48600.0,2174600,False,2026-06-27/2026-07-03
NAF,2026-07-06,2026-07-10,48550.0,48750.0,48250.0,48750.0,1193100,False,2026-07-04/2026-07-10
NAF,2026-07-13,2026-07-17,48800.0,49100.0,48450.0,49000.0,1700700,False,2026-07-11/2026-07-17
NAF,2026-07-20,2026-07-24,49050.0,49150.0,42300.0,45550.0,3062600,False,2026-07-18/2026-07-24
NAF,2026-07-27,2026-07-31,45600.0,48700.0,45350.0,48300.0,2952700,False,2026-07-25/2026-07-31
NAF,2026-08-03,2026-08-07,48300.0,48450.0,47950.0,48200.0,1612400,False,2026-08-01/2026-08-07
NAF,2026-08-10,2026-08-14,48200.0,48350.0,47950.0,48100.0,1556100,False,2026-08-08/2026-08-14
NAF,2026-08-17,2026-08-21,48150.0,48200.0,47850.0,48200.0,1514700,False,2026-08-15/2026-08-21
NAF,2026-08-24,2026-08-28,48200.0,48500.0,47950.0,48450.0,1950900,False,2026-08-22/2026-08-28
NAF,2026-08-31,2026-09-04,48450.0,48650.0,48100.0,48600.0,1400100,False,2026-08-29/2026-09-04
NAF,2026-09-07,2026-09-11,48600.0,48700.0,47800.0,48000.0,2097400,False,2026-09-05/2026-09-11
NAF,2026-09-14,2026-09-18,48000.0,48050.0,47750.0,48000.0,1484100,False,2026-09-12/2026-09-18
NAF,2026-09-21,2026-09-25,47950.0,48050.0,47700.0,48000.0,1231200,False,2026-09-19/2026-09-25
NAF,2026-09-28,2026-10-02,47950.0,48050.0,47.8,48.0,768100,False,2026-09-26/2026-10-02
NHA,2026-03-30,2026-04-03,11860.0,12360.0,11769.0,11860.0,1061400,False,2026-03-28/2026-04-03
NHA,2026-04-06,2026-04-10,11724.0,12905.0,11315.0,12496.0,1334400,False,2026-04-04/2026-04-10
NHA,2026-04-13,2026-04-17,12451.0,12814.0,12224.0,12224.0,882800,False,2026-04-11/2026-04-17
NHA,2026-04-20,2026-04-24,12224.0,12405.0,11496.0,11860.0,670700,False,2026-04-18/2026-04-24
NHA,2026-04-27,2026-05-01,11860.0,11996.0,11542.0,11769.0,185400,False,2026-04-25/2026-05-01
NHA,2026-05-04,2026-05-08,11815.0,12224.0,11451.0,11451.0,575900,False,2026-05-02/2026-05-08
NHA,2026-05-11,2026-05-15,11542.0,11769.0,11360.0,11360.0,478900,False,2026-05-09/2026-05-15
NHA,2026-05-18,2026-05-22,11451.0,11496.0,10451.0,10724.0,587300,False,2026-05-16/2026-05-22
NHA,2026-05-25,2026-05-29,10724.0,11269.0,10588.0,10633.0,323600,False,2026-05-23/2026-05-29
NHA,2026-06-01,2026-06-05,10679.0,10769.0,10224.0,10224.0,297200,False,2026-05-30/2026-06-05
NHA,2026-06-08,2026-06-12,10179.0,10451.0,9997.0,10224.0,283600,False,2026-06-06/2026-06-12
NHA,2026-06-15,2026-06-19,10315.0,10769.0,10270.0,10497.0,288800,False,2026-06-13/2026-06-19
NHA,2026-06-22,2026-06-26,10406.0,10497.0,9724.0,9724.0,391400,False,2026-06-20/2026-06-26
NHA,2026-06-29,2026-07-03,9724.0,9906.0,9315.0,9361.0,430400,False,2026-06-27/2026-07-03
NHA,2026-07-06,2026-07-10,9497.0,9497.0,8670.0,9061.0,533100,False,2026-07-04/2026-07-10
NHA,2026-07-13,2026-07-17,9088.0,9350.0,8370.0,8980.0,544300,False,2026-07-11/2026-07-17
NHA,2026-07-20,2026-07-24,8820.0,8990.0,8000.0,8110.0,481800,False,2026-07-18/2026-07-24
NHA,2026-07-27,2026-07-31,8030.0,8290.0,7100.0,8000.0,459600,False,2026-07-25/2026-07-31
NHA,2026-08-03,2026-08-07,8000.0,8490.0,8000.0,8240.0,500300,False,2026-08-01/2026-08-07
NHA,2026-08-10,2026-08-14,8100.0,8490.0,8100.0,8270.0,502400,False,2026-08-08/2026-08-14
NHA,2026-08-17,2026-08-21,8300.0,8440.0,7610.0,7950.0,655500,False,2026-08-15/2026-08-21
NHA,2026-08-24,2026-08-28,7950.0,8500.0,7720.0,7960.0,604400,False,2026-08-22/2026-08-28
NHA,2026-08-31,2026-09-04,7840.0,8090.0,7840.0,7960.0,78500,False,2026-08-29/2026-09-04
NHA,2026-09-07,2026-09-11,7980.0,7980.0,7200.0,7210.0,374300,False,2026-09-05/2026-09-11
NHA,2026-09-14,2026-09-18,7290.0,7290.0,6500.0,7080.0,533600,False,2026-09-12/2026-09-18
NHA,2026-09-21,2026-09-25,7080.0,7480.0,6950.0,7140.0,327800,False,2026-09-19/2026-09-25
NHA,2026-09-28,2026-10-02,7140.0,7140.0,6.63,6.82,279900,False,2026-09-26/2026-10-02
NKG,2026-03-30,2026-04-03,12182.0,12909.0,12136.0,12364.0,19192100,False,2026-03-28/2026-04-03
NKG,2026-04-06,2026-04-10,12273.0,13318.0,12182.0,12955.0,21129200,False,2026-04-04/2026-04-10
NKG,2026-04-13,2026-04-17,12727.0,13955.0,12727.0,13364.0,34548100,False,2026-04-11/2026-04-17
NKG,2026-04-20,2026-04-24,13455.0,13818.0,12909.0,13136.0,25009700,False,2026-04-18/2026-04-24
NKG,2026-04-27,2026-05-01,13091.0,13227.0,12955.0,13045.0,5645800,False,2026-04-25/2026-05-01
NKG,2026-05-04,2026-05-08,13091.0,13318.0,12636.0,12864.0,12678700,False,2026-05-02/2026-05-08
NKG,2026-05-11,2026-05-15,12818.0,12955.0,12500.0,12545.0,13961000,False,2026-05-09/2026-05-15
NKG,2026-05-18,2026-05-22,12500.0,13000.0,11955.0,12636.0,12612000,False,2026-05-16/2026-05-22
NKG,2026-05-25,2026-05-29,12682.0,12909.0,12364.0,12409.0,10697900,False,2026-05-23/2026-05-29
NKG,2026-06-01,2026-06-05,12455.0,12500.0,12227.0,12364.0,6685800,False,2026-05-30/2026-06-05
NKG,2026-06-08,2026-06-12,12227.0,12227.0,12000.0,12091.0,5481300,False,2026-06-06/2026-06-12
NKG,2026-06-15,2026-06-19,12273.0,12750.0,12182.0,12200.0,10321500,False,2026-06-13/2026-06-19
NKG,2026-06-22,2026-06-26,12300.0,12350.0,11650.0,11800.0,6794200,False,2026-06-20/2026-06-26
NKG,2026-06-29,2026-07-03,11800.0,12250.0,11800.0,12000.0,4922900,False,2026-06-27/2026-07-03
NKG,2026-07-06,2026-07-10,12050.0,12300.0,11700.0,11950.0,7003900,False,2026-07-04/2026-07-10
NKG,2026-07-13,2026-07-17,11900.0,11900.0,11100.0,11150.0,7176300,False,2026-07-11/2026-07-17
NKG,2026-07-20,2026-07-24,10800.0,11100.0,10000.0,10500.0,11885800,False,2026-07-18/2026-07-24
NKG,2026-07-27,2026-07-31,10500.0,11150.0,10250.0,10950.0,9115000,False,2026-07-25/2026-07-31
NKG,2026-08-03,2026-08-07,10900.0,11300.0,10900.0,11050.0,8134900,False,2026-08-01/2026-08-07
NKG,2026-08-10,2026-08-14,11050.0,11400.0,10750.0,10800.0,11147700,False,2026-08-08/2026-08-14
NKG,2026-08-17,2026-08-21,10750.0,10950.0,10450.0,10900.0,5083900,False,2026-08-15/2026-08-21
NKG,2026-08-24,2026-08-28,11100.0,11250.0,10900.0,10950.0,7846500,False,2026-08-22/2026-08-28
NKG,2026-08-31,2026-09-04,10950.0,10950.0,10700.0,10750.0,2680400,False,2026-08-29/2026-09-04
NKG,2026-09-07,2026-09-11,10850.0,10900.0,10100.0,10200.0,6477300,False,2026-09-05/2026-09-11
NKG,2026-09-14,2026-09-18,10200.0,10300.0,9890.0,9890.0,9625000,False,2026-09-12/2026-09-18
NKG,2026-09-21,2026-09-25,9990.0,10100.0,9630.0,9700.0,7093500,False,2026-09-19/2026-09-25
NKG,2026-09-28,2026-10-02,9700.0,9700.0,9.46,9.49,4516800,False,2026-09-26/2026-10-02
NLG,2026-03-30,2026-04-03,28157.0,29776.0,27569.0,27569.0,21484100,False,2026-03-28/2026-04-03
NLG,2026-04-06,2026-04-10,27569.0,29629.0,26637.0,28648.0,16632600,False,2026-04-04/2026-04-10
NLG,2026-04-13,2026-04-17,28452.0,29139.0,27569.0,28010.0,13144700,False,2026-04-11/2026-04-17
NLG,2026-04-20,2026-04-24,28010.0,28599.0,26833.0,27127.0,9523500,False,2026-04-18/2026-04-24
NLG,2026-04-27,2026-05-01,27176.0,27618.0,26833.0,27225.0,2970200,False,2026-04-25/2026-05-01
NLG,2026-05-04,2026-05-08,27716.0,27863.0,25803.0,25999.0,13981100,False,2026-05-02/2026-05-08
NLG,2026-05-11,2026-05-15,26097.0,26490.0,25607.0,25999.0,9723700,False,2026-05-09/2026-05-15
NLG,2026-05-18,2026-05-22,26048.0,26146.0,24037.0,25018.0,9986400,False,2026-05-16/2026-05-22
NLG,2026-05-25,2026-05-29,25116.0,26293.0,25116.0,25901.0,7505400,False,2026-05-23/2026-05-29
NLG,2026-06-01,2026-06-05,25999.0,26588.0,25361.0,25459.0,6329000,False,2026-05-30/2026-06-05
NLG,2026-06-08,2026-06-12,25214.0,26833.0,25018.0,25400.0,6332200,False,2026-06-06/2026-06-12
NLG,2026-06-15,2026-06-19,25500.0,28200.0,25500.0,27050.0,17055800,False,2026-06-13/2026-06-19
NLG,2026-06-22,2026-06-26,26800.0,27100.0,25250.0,26450.0,13055600,False,2026-06-20/2026-06-26
NLG,2026-06-29,2026-07-03,26450.0,26800.0,25800.0,25800.0,6832100,False,2026-06-27/2026-07-03
NLG,2026-07-06,2026-07-10,25800.0,26150.0,24750.0,25000.0,8176000,False,2026-07-04/2026-07-10
NLG,2026-07-13,2026-07-17,24950.0,25650.0,24100.0,24850.0,8120500,False,2026-07-11/2026-07-17
NLG,2026-07-20,2026-07-24,24750.0,25000.0,21350.0,21350.0,9385200,False,2026-07-18/2026-07-24
NLG,2026-07-27,2026-07-31,21200.0,22200.0,19150.0,22200.0,13552900,False,2026-07-25/2026-07-31
NLG,2026-08-03,2026-08-07,21900.0,22550.0,21500.0,22200.0,16351300,False,2026-08-01/2026-08-07
NLG,2026-08-10,2026-08-14,22450.0,23650.0,22200.0,22800.0,9781100,False,2026-08-08/2026-08-14
NLG,2026-08-17,2026-08-21,22800.0,24250.0,22800.0,24000.0,11172100,False,2026-08-15/2026-08-21
NLG,2026-08-24,2026-08-28,24050.0,25000.0,24000.0,24300.0,8813500,False,2026-08-22/2026-08-28
NLG,2026-08-31,2026-09-04,24450.0,25700.0,24350.0,25700.0,6203100,False,2026-08-29/2026-09-04
NLG,2026-09-07,2026-09-11,25600.0,25950.0,24000.0,24700.0,12042000,False,2026-09-05/2026-09-11
NLG,2026-09-14,2026-09-18,24200.0,24500.0,23500.0,24100.0,7573300,False,2026-09-12/2026-09-18
NLG,2026-09-21,2026-09-25,24200.0,24500.0,22400.0,22450.0,6522100,False,2026-09-19/2026-09-25
NLG,2026-09-28,2026-10-02,22450.0,22450.0,21.5,21.75,5560200,False,2026-09-26/2026-10-02
NT2,2026-03-30,2026-04-03,27250.0,28600.0,26000.0,26000.0,5567900,False,2026-03-28/2026-04-03
NT2,2026-04-06,2026-04-10,26050.0,26300.0,25000.0,26200.0,3366800,False,2026-04-04/2026-04-10
NT2,2026-04-13,2026-04-17,26300.0,26800.0,25800.0,26000.0,3068600,False,2026-04-11/2026-04-17
NT2,2026-04-20,2026-04-24,26300.0,26600.0,24100.0,24800.0,6660600,False,2026-04-18/2026-04-24
NT2,2026-04-27,2026-05-01,24800.0,24800.0,24000.0,24200.0,1874400,False,2026-04-25/2026-05-01
NT2,2026-05-04,2026-05-08,24450.0,24900.0,22900.0,23000.0,5765100,False,2026-05-02/2026-05-08
NT2,2026-05-11,2026-05-15,23000.0,23400.0,22500.0,23200.0,4395600,False,2026-05-09/2026-05-15
NT2,2026-05-18,2026-05-22,23250.0,23600.0,22550.0,22750.0,2653900,False,2026-05-16/2026-05-22
NT2,2026-05-25,2026-05-29,22850.0,24000.0,22700.0,23000.0,3587300,False,2026-05-23/2026-05-29
NT2,2026-06-01,2026-06-05,23100.0,23150.0,22350.0,22550.0,2061600,False,2026-05-30/2026-06-05
NT2,2026-06-08,2026-06-12,22550.0,22600.0,22150.0,22400.0,1833800,False,2026-06-06/2026-06-12
NT2,2026-06-15,2026-06-19,22600.0,23250.0,22500.0,23000.0,2692500,False,2026-06-13/2026-06-19
NT2,2026-06-22,2026-06-26,22950.0,23250.0,22400.0,22950.0,2098800,False,2026-06-20/2026-06-26
NT2,2026-06-29,2026-07-03,22950.0,23150.0,22550.0,22650.0,1852800,False,2026-06-27/2026-07-03
NT2,2026-07-06,2026-07-10,22650.0,22800.0,21550.0,21800.0,2076600,False,2026-07-04/2026-07-10
NT2,2026-07-13,2026-07-17,21800.0,22000.0,21000.0,21550.0,2543900,False,2026-07-11/2026-07-17
NT2,2026-07-20,2026-07-24,21650.0,21800.0,20500.0,21300.0,3135300,False,2026-07-18/2026-07-24
NT2,2026-07-27,2026-07-31,21150.0,21400.0,20300.0,21000.0,3419400,False,2026-07-25/2026-07-31
NT2,2026-08-03,2026-08-07,21150.0,21700.0,21000.0,21350.0,2538700,False,2026-08-01/2026-08-07
NT2,2026-08-10,2026-08-14,21400.0,21900.0,21100.0,21200.0,2289000,False,2026-08-08/2026-08-14
NT2,2026-08-17,2026-08-21,21450.0,21800.0,21150.0,21400.0,2350200,False,2026-08-15/2026-08-21
NT2,2026-08-24,2026-08-28,21600.0,21700.0,20900.0,20950.0,2828200,False,2026-08-22/2026-08-28
NT2,2026-08-31,2026-09-04,20850.0,20850.0,20350.0,20450.0,1531200,False,2026-08-29/2026-09-04
NT2,2026-09-07,2026-09-11,20450.0,21000.0,20350.0,20500.0,2424600,False,2026-09-05/2026-09-11
NT2,2026-09-14,2026-09-18,20400.0,20900.0,20200.0,20800.0,1647900,False,2026-09-12/2026-09-18
NT2,2026-09-21,2026-09-25,20900.0,21250.0,20500.0,20850.0,2025900,False,2026-09-19/2026-09-25
NT2,2026-09-28,2026-10-02,21000.0,21150.0,21.25,22.1,2818500,False,2026-09-26/2026-10-02
NTL,2026-03-30,2026-04-03,16000.0,16650.0,15700.0,16000.0,2879700,False,2026-03-28/2026-04-03
NTL,2026-04-06,2026-04-10,15750.0,16750.0,15450.0,16150.0,2128100,False,2026-04-04/2026-04-10
NTL,2026-04-13,2026-04-17,16150.0,16400.0,15850.0,15900.0,1904900,False,2026-04-11/2026-04-17
NTL,2026-04-20,2026-04-24,15850.0,16150.0,15700.0,15950.0,1970000,False,2026-04-18/2026-04-24
NTL,2026-04-27,2026-05-01,15950.0,16600.0,15900.0,16600.0,2096900,False,2026-04-25/2026-05-01
NTL,2026-05-04,2026-05-08,16700.0,16750.0,15950.0,16000.0,2162200,False,2026-05-02/2026-05-08
NTL,2026-05-11,2026-05-15,16000.0,16750.0,15500.0,16650.0,2957900,False,2026-05-09/2026-05-15
NTL,2026-05-18,2026-05-22,16450.0,16700.0,15700.0,16300.0,1708200,False,2026-05-16/2026-05-22
NTL,2026-05-25,2026-05-29,16350.0,16800.0,16000.0,16000.0,1638500,False,2026-05-23/2026-05-29
NTL,2026-06-01,2026-06-05,16000.0,16150.0,15700.0,15850.0,870900,False,2026-05-30/2026-06-05
NTL,2026-06-08,2026-06-12,15800.0,15800.0,15250.0,15400.0,992000,False,2026-06-06/2026-06-12
NTL,2026-06-15,2026-06-19,15450.0,15900.0,15350.0,15400.0,703300,False,2026-06-13/2026-06-19
NTL,2026-06-22,2026-06-26,15450.0,15650.0,15150.0,15400.0,790700,False,2026-06-20/2026-06-26
NTL,2026-06-29,2026-07-03,15400.0,15450.0,15000.0,15200.0,760100,False,2026-06-27/2026-07-03
NTL,2026-07-06,2026-07-10,15200.0,15200.0,14200.0,15000.0,752900,False,2026-07-04/2026-07-10
NTL,2026-07-13,2026-07-17,15000.0,15100.0,14200.0,14850.0,1482900,False,2026-07-11/2026-07-17
NTL,2026-07-20,2026-07-24,14550.0,14800.0,14100.0,14350.0,1139700,False,2026-07-18/2026-07-24
NTL,2026-07-27,2026-07-31,14050.0,14350.0,13200.0,13700.0,1861200,False,2026-07-25/2026-07-31
NTL,2026-08-03,2026-08-07,13700.0,14100.0,13400.0,13600.0,1524600,False,2026-08-01/2026-08-07
NTL,2026-08-10,2026-08-14,13300.0,13800.0,13150.0,13400.0,1201300,False,2026-08-08/2026-08-14
NTL,2026-08-17,2026-08-21,13400.0,13500.0,12200.0,12550.0,5557700,False,2026-08-15/2026-08-21
NTL,2026-08-24,2026-08-28,12650.0,13350.0,12450.0,12500.0,2112700,False,2026-08-22/2026-08-28
NTL,2026-08-31,2026-09-04,12450.0,12450.0,12000.0,12200.0,771900,False,2026-08-29/2026-09-04
NTL,2026-09-07,2026-09-11,12300.0,13000.0,12050.0,12750.0,4001000,False,2026-09-05/2026-09-11
NTL,2026-09-14,2026-09-18,12550.0,12950.0,12250.0,12600.0,1299700,False,2026-09-12/2026-09-18
NTL,2026-09-21,2026-09-25,12550.0,13150.0,12200.0,12200.0,3970600,False,2026-09-19/2026-09-25
NTL,2026-09-28,2026-10-02,12150.0,12200.0,11.4,11.4,2711800,False,2026-09-26/2026-10-02
OCB,2026-03-30,2026-04-03,9641.0,9858.0,9467.0,9554.0,3495800,False,2026-03-28/2026-04-03
OCB,2026-04-06,2026-04-10,9554.0,10249.0,9380.0,10075.0,8049700,False,2026-04-04/2026-04-10
OCB,2026-04-13,2026-04-17,10031.0,10205.0,9858.0,10205.0,10185700,False,2026-04-11/2026-04-17
OCB,2026-04-20,2026-04-24,10205.0,10379.0,9814.0,9945.0,8876600,False,2026-04-18/2026-04-24
OCB,2026-04-27,2026-05-01,9945.0,9988.0,9684.0,9771.0,1782200,False,2026-04-25/2026-05-01
OCB,2026-05-04,2026-05-08,9858.0,9858.0,9641.0,9771.0,9481500,False,2026-05-02/2026-05-08
OCB,2026-05-11,2026-05-15,9858.0,10249.0,9727.0,9771.0,11613400,False,2026-05-09/2026-05-15
OCB,2026-05-18,2026-05-22,9727.0,9814.0,9380.0,9641.0,7696800,False,2026-05-16/2026-05-22
OCB,2026-05-25,2026-05-29,9641.0,10509.0,9641.0,10031.0,20315800,False,2026-05-23/2026-05-29
OCB,2026-06-01,2026-06-05,10075.0,10857.0,9901.0,10683.0,21974800,False,2026-05-30/2026-06-05
OCB,2026-06-08,2026-06-12,10596.0,11247.0,10292.0,10813.0,36600200,False,2026-06-06/2026-06-12
OCB,2026-06-15,2026-06-19,10987.0,11030.0,10683.0,10813.0,24801600,False,2026-06-13/2026-06-19
OCB,2026-06-22,2026-06-26,10813.0,11204.0,10553.0,11030.0,22188300,False,2026-06-20/2026-06-26
OCB,2026-06-29,2026-07-03,11161.0,11550.0,10770.0,11500.0,32456000,False,2026-06-27/2026-07-03
OCB,2026-07-06,2026-07-10,11450.0,11600.0,11100.0,11100.0,18007700,False,2026-07-04/2026-07-10
OCB,2026-07-13,2026-07-17,11150.0,11150.0,10550.0,10950.0,13444700,False,2026-07-11/2026-07-17
OCB,2026-07-20,2026-07-24,10900.0,10950.0,10000.0,10200.0,12618600,False,2026-07-18/2026-07-24
OCB,2026-07-27,2026-07-31,10250.0,10450.0,9900.0,10150.0,9366100,False,2026-07-25/2026-07-31
OCB,2026-08-03,2026-08-07,10200.0,10450.0,10150.0,10400.0,10192000,False,2026-08-01/2026-08-07
OCB,2026-08-10,2026-08-14,10450.0,11100.0,10350.0,11000.0,20680400,False,2026-08-08/2026-08-14
OCB,2026-08-17,2026-08-21,10900.0,11000.0,10800.0,10900.0,7330600,False,2026-08-15/2026-08-21
OCB,2026-08-24,2026-08-28,10900.0,11000.0,10800.0,11000.0,14159300,False,2026-08-22/2026-08-28
OCB,2026-08-31,2026-09-04,11000.0,11000.0,10550.0,10550.0,7981900,False,2026-08-29/2026-09-04
OCB,2026-09-07,2026-09-11,10500.0,10550.0,10050.0,10200.0,14341500,False,2026-09-05/2026-09-11
OCB,2026-09-14,2026-09-18,10200.0,10600.0,10150.0,10500.0,7267900,False,2026-09-12/2026-09-18
OCB,2026-09-21,2026-09-25,10550.0,10600.0,10200.0,10200.0,5533900,False,2026-09-19/2026-09-25
OCB,2026-09-28,2026-10-02,10200.0,10200.0,10.1,10.1,3055800,False,2026-09-26/2026-10-02
OGC,2026-03-30,2026-04-03,2960.0,3070.0,2920.0,2950.0,1095600,False,2026-03-28/2026-04-03
OGC,2026-04-06,2026-04-10,2960.0,3020.0,2950.0,2990.0,1319900,False,2026-04-04/2026-04-10
OGC,2026-04-13,2026-04-17,2970.0,3020.0,2930.0,2960.0,965000,False,2026-04-11/2026-04-17
OGC,2026-04-20,2026-04-24,2950.0,3300.0,2930.0,3080.0,3410600,False,2026-04-18/2026-04-24
OGC,2026-04-27,2026-05-01,3050.0,3100.0,2950.0,3000.0,433800,False,2026-04-25/2026-05-01
OGC,2026-05-04,2026-05-08,2990.0,3080.0,2980.0,3010.0,1168500,False,2026-05-02/2026-05-08
OGC,2026-05-11,2026-05-15,3040.0,3040.0,2790.0,2790.0,1854100,False,2026-05-09/2026-05-15
OGC,2026-05-18,2026-05-22,2830.0,3390.0,2770.0,3250.0,5410200,False,2026-05-16/2026-05-22
OGC,2026-05-25,2026-05-29,3250.0,3450.0,3000.0,3250.0,7749600,False,2026-05-23/2026-05-29
OGC,2026-06-01,2026-06-05,3190.0,3390.0,2940.0,2990.0,5273100,False,2026-05-30/2026-06-05
OGC,2026-06-08,2026-06-12,2990.0,3070.0,2850.0,2910.0,1727400,False,2026-06-06/2026-06-12
OGC,2026-06-15,2026-06-19,2920.0,2970.0,2860.0,2880.0,1527300,False,2026-06-13/2026-06-19
OGC,2026-06-22,2026-06-26,2880.0,2960.0,2780.0,2820.0,1196000,False,2026-06-20/2026-06-26
OGC,2026-06-29,2026-07-03,2820.0,2890.0,2790.0,2850.0,1113300,False,2026-06-27/2026-07-03
OGC,2026-07-06,2026-07-10,2840.0,2860.0,2660.0,2750.0,1365000,False,2026-07-04/2026-07-10
OGC,2026-07-13,2026-07-17,2760.0,2760.0,2420.0,2530.0,1700700,False,2026-07-11/2026-07-17
OGC,2026-07-20,2026-07-24,2520.0,2590.0,2120.0,2120.0,1851500,False,2026-07-18/2026-07-24
OGC,2026-07-27,2026-07-31,2120.0,2160.0,2030.0,2130.0,781500,False,2026-07-25/2026-07-31
OGC,2026-08-03,2026-08-07,2150.0,2290.0,2110.0,2200.0,812300,False,2026-08-01/2026-08-07
OGC,2026-08-10,2026-08-14,2170.0,2270.0,2170.0,2180.0,883000,False,2026-08-08/2026-08-14
OGC,2026-08-17,2026-08-21,2160.0,2220.0,2120.0,2160.0,521300,False,2026-08-15/2026-08-21
OGC,2026-08-24,2026-08-28,2160.0,2450.0,2150.0,2190.0,2584300,False,2026-08-22/2026-08-28
OGC,2026-08-31,2026-09-04,2210.0,2210.0,2150.0,2180.0,385100,False,2026-08-29/2026-09-04
OGC,2026-09-07,2026-09-11,2160.0,2210.0,2060.0,2120.0,888700,False,2026-09-05/2026-09-11
OGC,2026-09-14,2026-09-18,2080.0,2200.0,2070.0,2120.0,562900,False,2026-09-12/2026-09-18
OGC,2026-09-21,2026-09-25,2120.0,2160.0,2060.0,2120.0,825600,False,2026-09-19/2026-09-25
OGC,2026-09-28,2026-10-02,2140.0,2140.0,2.04,2.04,337400,False,2026-09-26/2026-10-02
ORS,2026-03-30,2026-04-03,12650.0,14050.0,12650.0,13200.0,17245200,False,2026-03-28/2026-04-03
ORS,2026-04-06,2026-04-10,13200.0,14200.0,12950.0,13600.0,14509100,False,2026-04-04/2026-04-10
ORS,2026-04-13,2026-04-17,13600.0,14200.0,13300.0,13450.0,9389100,False,2026-04-11/2026-04-17
ORS,2026-04-20,2026-04-24,13450.0,13800.0,13000.0,13150.0,6533500,False,2026-04-18/2026-04-24
ORS,2026-04-27,2026-05-01,13250.0,13300.0,13050.0,13150.0,1541300,False,2026-04-25/2026-05-01
ORS,2026-05-04,2026-05-08,13200.0,13950.0,13050.0,13500.0,12698800,False,2026-05-02/2026-05-08
ORS,2026-05-11,2026-05-15,13500.0,13900.0,13400.0,13500.0,12891000,False,2026-05-09/2026-05-15
ORS,2026-05-18,2026-05-22,13400.0,13850.0,12650.0,13200.0,16440700,False,2026-05-16/2026-05-22
ORS,2026-05-25,2026-05-29,13400.0,13400.0,12950.0,13000.0,7866100,False,2026-05-23/2026-05-29
ORS,2026-06-01,2026-06-05,13050.0,13200.0,12800.0,13000.0,7805100,False,2026-05-30/2026-06-05
ORS,2026-06-08,2026-06-12,12850.0,12900.0,12500.0,12650.0,6483200,False,2026-06-06/2026-06-12
ORS,2026-06-15,2026-06-19,12900.0,13450.0,12750.0,13100.0,13076000,False,2026-06-13/2026-06-19
ORS,2026-06-22,2026-06-26,13100.0,13950.0,12900.0,13500.0,33748800,False,2026-06-20/2026-06-26
ORS,2026-06-29,2026-07-03,13600.0,14650.0,13350.0,14650.0,38245400,False,2026-06-27/2026-07-03
ORS,2026-07-06,2026-07-10,14750.0,15000.0,13650.0,13700.0,50206300,False,2026-07-04/2026-07-10
ORS,2026-07-13,2026-07-17,13600.0,14350.0,13000.0,13900.0,27171700,False,2026-07-11/2026-07-17
ORS,2026-07-20,2026-07-24,13550.0,13800.0,12900.0,13100.0,22447800,False,2026-07-18/2026-07-24
ORS,2026-07-27,2026-07-31,13300.0,14500.0,12550.0,13850.0,28134700,False,2026-07-25/2026-07-31
ORS,2026-08-03,2026-08-07,13800.0,14600.0,13750.0,14000.0,14950400,False,2026-08-01/2026-08-07
ORS,2026-08-10,2026-08-14,14050.0,14750.0,13600.0,13800.0,25086200,False,2026-08-08/2026-08-14
ORS,2026-08-17,2026-08-21,13800.0,14550.0,13350.0,14550.0,17876900,False,2026-08-15/2026-08-21
ORS,2026-08-24,2026-08-28,14550.0,15000.0,13800.0,13850.0,20341400,False,2026-08-22/2026-08-28
ORS,2026-08-31,2026-09-04,13700.0,13900.0,13600.0,13700.0,2135000,False,2026-08-29/2026-09-04
ORS,2026-09-07,2026-09-11,13650.0,13850.0,13000.0,13000.0,11194600,False,2026-09-05/2026-09-11
ORS,2026-09-14,2026-09-18,13050.0,13900.0,12750.0,13400.0,13867900,False,2026-09-12/2026-09-18
ORS,2026-09-21,2026-09-25,13500.0,13800.0,13100.0,13400.0,9281800,False,2026-09-19/2026-09-25
ORS,2026-09-28,2026-10-02,13350.0,13350.0,13.1,13.15,4216600,False,2026-09-26/2026-10-02
PAC,2026-03-30,2026-04-03,24148.0,24921.0,22283.0,22738.0,5129600,False,2026-03-28/2026-04-03
PAC,2026-04-06,2026-04-10,22738.0,23056.0,21283.0,22556.0,3305200,False,2026-04-04/2026-04-10
PAC,2026-04-13,2026-04-17,22556.0,23011.0,21374.0,21374.0,2970700,False,2026-04-11/2026-04-17
PAC,2026-04-20,2026-04-24,21374.0,21465.0,20646.0,20874.0,2180000,False,2026-04-18/2026-04-24
PAC,2026-04-27,2026-05-01,20555.0,21010.0,20373.0,20601.0,911500,False,2026-04-25/2026-05-01
PAC,2026-05-04,2026-05-08,20601.0,20828.0,20373.0,20510.0,1222700,False,2026-05-02/2026-05-08
PAC,2026-05-11,2026-05-15,20373.0,20464.0,19873.0,20055.0,1325000,False,2026-05-09/2026-05-15
PAC,2026-05-18,2026-05-22,20055.0,20874.0,19964.0,20373.0,1659800,False,2026-05-16/2026-05-22
PAC,2026-05-25,2026-05-29,20282.0,21146.0,20191.0,20282.0,1423900,False,2026-05-23/2026-05-29
PAC,2026-06-01,2026-06-05,20373.0,20510.0,19828.0,19919.0,763700,False,2026-05-30/2026-06-05
PAC,2026-06-08,2026-06-12,19828.0,19828.0,18918.0,19300.0,1271800,False,2026-06-06/2026-06-12
PAC,2026-06-15,2026-06-19,19350.0,19950.0,19100.0,19550.0,924700,False,2026-06-13/2026-06-19
PAC,2026-06-22,2026-06-26,19750.0,19750.0,18800.0,18800.0,683400,False,2026-06-20/2026-06-26
PAC,2026-06-29,2026-07-03,19000.0,19150.0,18500.0,18500.0,765000,False,2026-06-27/2026-07-03
PAC,2026-07-06,2026-07-10,18600.0,18600.0,17700.0,17850.0,868500,False,2026-07-04/2026-07-10
PAC,2026-07-13,2026-07-17,18000.0,18100.0,17300.0,17550.0,495800,False,2026-07-11/2026-07-17
PAC,2026-07-20,2026-07-24,17500.0,17650.0,14600.0,15000.0,704400,False,2026-07-18/2026-07-24
PAC,2026-07-27,2026-07-31,15100.0,15950.0,14850.0,15700.0,873000,False,2026-07-25/2026-07-31
PAC,2026-08-03,2026-08-07,15800.0,16300.0,15600.0,16000.0,948600,False,2026-08-01/2026-08-07
PAC,2026-08-10,2026-08-14,16050.0,16400.0,15500.0,15600.0,678700,False,2026-08-08/2026-08-14
PAC,2026-08-17,2026-08-21,15700.0,15900.0,15150.0,15700.0,516700,False,2026-08-15/2026-08-21
PAC,2026-08-24,2026-08-28,15750.0,15900.0,15000.0,15100.0,936500,False,2026-08-22/2026-08-28
PAC,2026-08-31,2026-09-04,15100.0,15250.0,14150.0,14900.0,312100,False,2026-08-29/2026-09-04
PAC,2026-09-07,2026-09-11,14900.0,15050.0,13800.0,14100.0,516300,False,2026-09-05/2026-09-11
PAC,2026-09-14,2026-09-18,14050.0,14500.0,13750.0,14500.0,538000,False,2026-09-12/2026-09-18
PAC,2026-09-21,2026-09-25,14500.0,14600.0,13800.0,14000.0,529000,False,2026-09-19/2026-09-25
PAC,2026-09-28,2026-10-02,13900.0,14100.0,13.6,13.8,190800,False,2026-09-26/2026-10-02
PAN,2026-03-30,2026-04-03,22440.0,24786.0,22440.0,23803.0,5300500,False,2026-03-28/2026-04-03
PAN,2026-04-06,2026-04-10,23765.0,24976.0,23084.0,24446.0,3440400,False,2026-04-04/2026-04-10
PAN,2026-04-13,2026-04-17,24446.0,24900.0,23462.0,24219.0,3127900,False,2026-04-11/2026-04-17
PAN,2026-04-20,2026-04-24,24862.0,25241.0,23727.0,24067.0,5173600,False,2026-04-18/2026-04-24
PAN,2026-04-27,2026-05-01,24105.0,24370.0,23689.0,23840.0,686700,False,2026-04-25/2026-05-01
PAN,2026-05-04,2026-05-08,24067.0,25505.0,23765.0,24786.0,7129500,False,2026-05-02/2026-05-08
PAN,2026-05-11,2026-05-15,24824.0,25430.0,23689.0,24938.0,8173200,False,2026-05-09/2026-05-15
PAN,2026-05-18,2026-05-22,25089.0,25354.0,23576.0,24711.0,5754000,False,2026-05-16/2026-05-22
PAN,2026-05-25,2026-05-29,25127.0,25695.0,24350.0,24450.0,8371000,False,2026-05-23/2026-05-29
PAN,2026-06-01,2026-06-05,24450.0,25000.0,22700.0,23000.0,2530900,False,2026-05-30/2026-06-05
PAN,2026-06-08,2026-06-12,23000.0,23200.0,22350.0,22700.0,1754200,False,2026-06-06/2026-06-12
PAN,2026-06-15,2026-06-19,23000.0,23450.0,22800.0,22850.0,1719500,False,2026-06-13/2026-06-19
PAN,2026-06-22,2026-06-26,22900.0,23300.0,22350.0,22900.0,1953200,False,2026-06-20/2026-06-26
PAN,2026-06-29,2026-07-03,22800.0,23300.0,22750.0,22800.0,1446000,False,2026-06-27/2026-07-03
PAN,2026-07-06,2026-07-10,22750.0,22900.0,21950.0,22150.0,1418800,False,2026-07-04/2026-07-10
PAN,2026-07-13,2026-07-17,21750.0,22150.0,20800.0,21200.0,1541300,False,2026-07-11/2026-07-17
PAN,2026-07-20,2026-07-24,21050.0,21200.0,19750.0,20900.0,2097400,False,2026-07-18/2026-07-24
PAN,2026-07-27,2026-07-31,20950.0,21500.0,18750.0,20800.0,1214500,False,2026-07-25/2026-07-31
PAN,2026-08-03,2026-08-07,20900.0,21500.0,20750.0,20800.0,2775100,False,2026-08-01/2026-08-07
PAN,2026-08-10,2026-08-14,20900.0,21050.0,20100.0,20100.0,2874700,False,2026-08-08/2026-08-14
PAN,2026-08-17,2026-08-21,20100.0,20250.0,19000.0,19950.0,1818100,False,2026-08-15/2026-08-21
PAN,2026-08-24,2026-08-28,20300.0,20350.0,19550.0,19550.0,1527800,False,2026-08-22/2026-08-28
PAN,2026-08-31,2026-09-04,19650.0,19650.0,18850.0,19150.0,752500,False,2026-08-29/2026-09-04
PAN,2026-09-07,2026-09-11,19100.0,19300.0,18050.0,18200.0,3526900,False,2026-09-05/2026-09-11
PAN,2026-09-14,2026-09-18,18050.0,18950.0,17950.0,18600.0,1690100,False,2026-09-12/2026-09-18
PAN,2026-09-21,2026-09-25,18650.0,18800.0,18250.0,18400.0,1513200,False,2026-09-19/2026-09-25
PAN,2026-09-28,2026-10-02,18300.0,18350.0,17.95,18.5,1425000,False,2026-09-26/2026-10-02
PC1,2026-03-30,2026-04-03,28600.0,30500.0,26600.0,26700.0,50131700,False,2026-03-28/2026-04-03
PC1,2026-04-06,2026-04-10,26050.0,27600.0,25400.0,27350.0,27711400,False,2026-04-04/2026-04-10
PC1,2026-04-13,2026-04-17,27650.0,28000.0,26600.0,26650.0,22847600,False,2026-04-11/2026-04-17
PC1,2026-04-20,2026-04-24,26700.0,27050.0,22450.0,22450.0,27207400,False,2026-04-18/2026-04-24
PC1,2026-04-27,2026-05-01,20900.0,20900.0,19450.0,19550.0,43293400,False,2026-04-25/2026-05-01
PC1,2026-05-04,2026-05-08,19750.0,20900.0,17750.0,18100.0,64776200,False,2026-05-02/2026-05-08
PC1,2026-05-11,2026-05-15,18100.0,18800.0,17600.0,17850.0,35818500,False,2026-05-09/2026-05-15
PC1,2026-05-18,2026-05-22,16650.0,21200.0,16650.0,20600.0,93286300,False,2026-05-16/2026-05-22
PC1,2026-05-25,2026-05-29,20100.0,20500.0,18750.0,19350.0,24191700,False,2026-05-23/2026-05-29
PC1,2026-06-01,2026-06-05,19450.0,19450.0,18050.0,18650.0,17367900,False,2026-05-30/2026-06-05
PC1,2026-06-08,2026-06-12,18800.0,20450.0,18650.0,19550.0,20323500,False,2026-06-06/2026-06-12
PC1,2026-06-15,2026-06-19,19650.0,21750.0,19300.0,21250.0,27455700,False,2026-06-13/2026-06-19
PC1,2026-06-22,2026-06-26,21050.0,22900.0,21000.0,21500.0,26789500,False,2026-06-20/2026-06-26
PC1,2026-06-29,2026-07-03,21350.0,23300.0,21250.0,22000.0,25085300,False,2026-06-27/2026-07-03
PC1,2026-07-06,2026-07-10,21550.0,22150.0,20350.0,21250.0,18366100,False,2026-07-04/2026-07-10
PC1,2026-07-13,2026-07-17,21100.0,22250.0,20650.0,21800.0,10009800,False,2026-07-11/2026-07-17
PC1,2026-07-20,2026-07-24,21800.0,21800.0,19650.0,21100.0,10587000,False,2026-07-18/2026-07-24
PC1,2026-07-27,2026-07-31,21500.0,22300.0,20900.0,21400.0,12079400,False,2026-07-25/2026-07-31
PC1,2026-08-03,2026-08-07,21300.0,21750.0,20400.0,20650.0,9057000,False,2026-08-01/2026-08-07
PC1,2026-08-10,2026-08-14,20600.0,21150.0,20100.0,20500.0,7366500,False,2026-08-08/2026-08-14
PC1,2026-08-17,2026-08-21,20400.0,20650.0,19750.0,20600.0,6006900,False,2026-08-15/2026-08-21
PC1,2026-08-24,2026-08-28,20900.0,21300.0,20150.0,20700.0,7917400,False,2026-08-22/2026-08-28
PC1,2026-08-31,2026-09-04,20600.0,20600.0,20000.0,20100.0,2915300,False,2026-08-29/2026-09-04
PC1,2026-09-07,2026-09-11,20100.0,20900.0,19900.0,20400.0,7121300,False,2026-09-05/2026-09-11
PC1,2026-09-14,2026-09-18,20400.0,20400.0,19450.0,20050.0,6651500,False,2026-09-12/2026-09-18
PC1,2026-09-21,2026-09-25,20000.0,21450.0,19800.0,21000.0,9404200,False,2026-09-19/2026-09-25
PC1,2026-09-28,2026-10-02,20900.0,20900.0,20.0,20.75,5037900,False,2026-09-26/2026-10-02
PDR,2026-03-30,2026-04-03,16250.0,16850.0,15850.0,15900.0,66558900,False,2026-03-28/2026-04-03
PDR,2026-04-06,2026-04-10,15800.0,17100.0,15150.0,16400.0,63884900,False,2026-04-04/2026-04-10
PDR,2026-04-13,2026-04-17,16300.0,16850.0,16100.0,16150.0,48616300,False,2026-04-11/2026-04-17
PDR,2026-04-20,2026-04-24,16100.0,16350.0,15700.0,16200.0,34734900,False,2026-04-18/2026-04-24
PDR,2026-04-27,2026-05-01,16200.0,16600.0,15950.0,16450.0,16718500,False,2026-04-25/2026-05-01
PDR,2026-05-04,2026-05-08,16550.0,17100.0,16000.0,16350.0,53122600,False,2026-05-02/2026-05-08
PDR,2026-05-11,2026-05-15,16350.0,16750.0,16100.0,16550.0,46876500,False,2026-05-09/2026-05-15
PDR,2026-05-18,2026-05-22,16550.0,17050.0,15350.0,15800.0,63693200,False,2026-05-16/2026-05-22
PDR,2026-05-25,2026-05-29,15850.0,17250.0,15600.0,16050.0,85175300,False,2026-05-23/2026-05-29
PDR,2026-06-01,2026-06-05,16000.0,16200.0,14850.0,15050.0,46602600,False,2026-05-30/2026-06-05
PDR,2026-06-08,2026-06-12,14800.0,15400.0,14650.0,14900.0,32642400,False,2026-06-06/2026-06-12
PDR,2026-06-15,2026-06-19,15050.0,15450.0,14850.0,15000.0,34681200,False,2026-06-13/2026-06-19
PDR,2026-06-22,2026-06-26,15000.0,15000.0,14400.0,14700.0,26720400,False,2026-06-20/2026-06-26
PDR,2026-06-29,2026-07-03,14750.0,14950.0,14450.0,14550.0,19991600,False,2026-06-27/2026-07-03
PDR,2026-07-06,2026-07-10,14550.0,14650.0,13900.0,14050.0,38498400,False,2026-07-04/2026-07-10
PDR,2026-07-13,2026-07-17,14000.0,14050.0,12950.0,13450.0,36787800,False,2026-07-11/2026-07-17
PDR,2026-07-20,2026-07-24,13200.0,13200.0,11300.0,11950.0,44516100,False,2026-07-18/2026-07-24
PDR,2026-07-27,2026-07-31,11750.0,11900.0,10400.0,11450.0,41172100,False,2026-07-25/2026-07-31
PDR,2026-08-03,2026-08-07,11500.0,12400.0,11450.0,11900.0,35810300,False,2026-08-01/2026-08-07
PDR,2026-08-10,2026-08-14,11900.0,12450.0,11700.0,11950.0,29739500,False,2026-08-08/2026-08-14
PDR,2026-08-17,2026-08-21,12000.0,12450.0,11800.0,12300.0,27548800,False,2026-08-15/2026-08-21
PDR,2026-08-24,2026-08-28,12300.0,12950.0,12300.0,12400.0,29115100,False,2026-08-22/2026-08-28
PDR,2026-08-31,2026-09-04,12250.0,12300.0,12000.0,12200.0,7101700,False,2026-08-29/2026-09-04
PDR,2026-09-07,2026-09-11,12150.0,12200.0,11600.0,11750.0,21738100,False,2026-09-05/2026-09-11
PDR,2026-09-14,2026-09-18,11650.0,11800.0,11300.0,11500.0,16911500,False,2026-09-12/2026-09-18
PDR,2026-09-21,2026-09-25,11550.0,11950.0,11250.0,11300.0,15864900,False,2026-09-19/2026-09-25
PDR,2026-09-28,2026-10-02,11300.0,11300.0,11.05,11.25,14701100,False,2026-09-26/2026-10-02
PET,2026-03-30,2026-04-03,31078.0,36700.0,30767.0,34217.0,6186800,False,2026-03-28/2026-04-03
PET,2026-04-06,2026-04-10,34217.0,35527.0,31181.0,33458.0,3421300,False,2026-04-04/2026-04-10
PET,2026-04-13,2026-04-17,32975.0,34837.0,31871.0,33113.0,3081100,False,2026-04-11/2026-04-17
PET,2026-04-20,2026-04-24,33216.0,33423.0,31043.0,32216.0,2629800,False,2026-04-18/2026-04-24
PET,2026-04-27,2026-05-01,31733.0,33320.0,31733.0,32285.0,862100,False,2026-04-25/2026-05-01
PET,2026-05-04,2026-05-08,32147.0,34699.0,31388.0,33872.0,6810300,False,2026-05-02/2026-05-08
PET,2026-05-11,2026-05-15,34148.0,34630.0,31733.0,32423.0,5516400,False,2026-05-09/2026-05-15
PET,2026-05-18,2026-05-22,31940.0,34837.0,31457.0,33320.0,6338400,False,2026-05-16/2026-05-22
PET,2026-05-25,2026-05-29,33285.0,35872.0,32768.0,33906.0,7452800,False,2026-05-23/2026-05-29
PET,2026-06-01,2026-06-05,34010.0,35182.0,31733.0,34389.0,2909000,False,2026-05-30/2026-06-05
PET,2026-06-08,2026-06-12,33492.0,34630.0,33078.0,33734.0,3988700,False,2026-06-06/2026-06-12
PET,2026-06-15,2026-06-19,33803.0,39942.0,33665.0,38287.0,7061100,False,2026-06-13/2026-06-19
PET,2026-06-22,2026-06-26,38287.0,40356.0,33734.0,36493.0,4574800,False,2026-06-20/2026-06-26
PET,2026-06-29,2026-07-03,36562.0,39321.0,36217.0,37183.0,2736000,False,2026-06-27/2026-07-03
PET,2026-07-06,2026-07-10,37114.0,38800.0,34630.0,37300.0,3033700,False,2026-07-04/2026-07-10
PET,2026-07-13,2026-07-17,37400.0,38000.0,35400.0,37400.0,1586500,False,2026-07-11/2026-07-17
PET,2026-07-20,2026-07-24,37050.0,37200.0,33000.0,35750.0,2151500,False,2026-07-18/2026-07-24
PET,2026-07-27,2026-07-31,35700.0,38250.0,34300.0,38000.0,1343100,False,2026-07-25/2026-07-31
PET,2026-08-03,2026-08-07,38000.0,40850.0,37200.0,38900.0,2739100,False,2026-08-01/2026-08-07
PET,2026-08-10,2026-08-14,39200.0,41900.0,38850.0,39300.0,2612200,False,2026-08-08/2026-08-14
PET,2026-08-17,2026-08-21,38700.0,39550.0,38000.0,39300.0,1795000,False,2026-08-15/2026-08-21
PET,2026-08-24,2026-08-28,39450.0,39950.0,38850.0,38900.0,1366600,False,2026-08-22/2026-08-28
PET,2026-08-31,2026-09-04,38100.0,38850.0,37400.0,37900.0,710400,False,2026-08-29/2026-09-04
PET,2026-09-07,2026-09-11,37500.0,39000.0,36500.0,38300.0,1546500,False,2026-09-05/2026-09-11
PET,2026-09-14,2026-09-18,38100.0,39300.0,35650.0,38900.0,2036600,False,2026-09-12/2026-09-18
PET,2026-09-21,2026-09-25,39100.0,48150.0,38000.0,48000.0,7474300,False,2026-09-19/2026-09-25
PET,2026-09-28,2026-10-02,49900.0,54000.0,52.9,56.9,3636100,False,2026-09-26/2026-10-02
PHR,2026-03-30,2026-04-03,33234.0,34538.0,33234.0,34103.0,1051800,False,2026-03-28/2026-04-03
PHR,2026-04-06,2026-04-10,34049.0,34755.0,32583.0,34049.0,1357600,False,2026-04-04/2026-04-10
PHR,2026-04-13,2026-04-17,33940.0,34538.0,33234.0,33615.0,964800,False,2026-04-11/2026-04-17
PHR,2026-04-20,2026-04-24,33615.0,34103.0,32311.0,32963.0,698900,False,2026-04-18/2026-04-24
PHR,2026-04-27,2026-05-01,33126.0,33777.0,32963.0,33343.0,215500,False,2026-04-25/2026-05-01
PHR,2026-05-04,2026-05-08,33615.0,35787.0,33560.0,34701.0,1873500,False,2026-05-02/2026-05-08
PHR,2026-05-11,2026-05-15,34701.0,38719.0,33995.0,38719.0,3513700,False,2026-05-09/2026-05-15
PHR,2026-05-18,2026-05-22,38556.0,40566.0,33777.0,36384.0,5964300,False,2026-05-16/2026-05-22
PHR,2026-05-25,2026-05-29,36058.0,38393.0,35515.0,36547.0,1946300,False,2026-05-23/2026-05-29
PHR,2026-06-01,2026-06-05,37362.0,37850.0,35026.0,35026.0,3070800,False,2026-05-30/2026-06-05
PHR,2026-06-08,2026-06-12,34809.0,35407.0,33723.0,34538.0,1528200,False,2026-06-06/2026-06-12
PHR,2026-06-15,2026-06-19,34864.0,35787.0,34538.0,35298.0,1687000,False,2026-06-13/2026-06-19
PHR,2026-06-22,2026-06-26,35407.0,35407.0,32909.0,33017.0,1826100,False,2026-06-20/2026-06-26
PHR,2026-06-29,2026-07-03,33017.0,36058.0,32854.0,34646.0,1617300,False,2026-06-27/2026-07-03
PHR,2026-07-06,2026-07-10,34755.0,35298.0,33669.0,34321.0,1051800,False,2026-07-04/2026-07-10
PHR,2026-07-13,2026-07-17,34321.0,34321.0,32691.0,33072.0,1203500,False,2026-07-11/2026-07-17
PHR,2026-07-20,2026-07-24,33126.0,33234.0,29542.0,29976.0,2039900,False,2026-07-18/2026-07-24
PHR,2026-07-27,2026-07-31,30411.0,31225.0,29868.0,30845.0,1780400,False,2026-07-25/2026-07-31
PHR,2026-08-03,2026-08-07,30899.0,32746.0,30791.0,31822.0,1865800,False,2026-08-01/2026-08-07
PHR,2026-08-10,2026-08-14,32203.0,32583.0,31605.0,31660.0,1064000,False,2026-08-08/2026-08-14
PHR,2026-08-17,2026-08-21,32474.0,33832.0,31931.0,33234.0,1877500,False,2026-08-15/2026-08-21
PHR,2026-08-24,2026-08-28,33289.0,33940.0,32800.0,33506.0,2446700,False,2026-08-22/2026-08-28
PHR,2026-08-31,2026-09-04,33669.0,33777.0,33289.0,33560.0,860500,False,2026-08-29/2026-09-04
PHR,2026-09-07,2026-09-11,33832.0,34212.0,32450.0,32800.0,2956000,False,2026-09-05/2026-09-11
PHR,2026-09-14,2026-09-18,32600.0,33300.0,30800.0,31550.0,2056200,False,2026-09-12/2026-09-18
PHR,2026-09-21,2026-09-25,31600.0,32750.0,31600.0,32450.0,1614800,False,2026-09-19/2026-09-25
PHR,2026-09-28,2026-10-02,32750.0,32750.0,32.9,33.55,2093200,False,2026-09-26/2026-10-02
PLP,2026-03-30,2026-04-03,5200.0,5290.0,5020.0,5240.0,82700,False,2026-03-28/2026-04-03
PLP,2026-04-06,2026-04-10,5240.0,5330.0,4470.0,4900.0,312100,False,2026-04-04/2026-04-10
PLP,2026-04-13,2026-04-17,4680.0,4940.0,4380.0,4530.0,651400,False,2026-04-11/2026-04-17
PLP,2026-04-20,2026-04-24,4530.0,5100.0,4530.0,4760.0,631000,False,2026-04-18/2026-04-24
PLP,2026-04-27,2026-05-01,4760.0,4760.0,4430.0,4580.0,270700,False,2026-04-25/2026-05-01
PLP,2026-05-04,2026-05-08,4590.0,4640.0,4190.0,4400.0,596300,False,2026-05-02/2026-05-08
PLP,2026-05-11,2026-05-15,4400.0,4470.0,4190.0,4300.0,297000,False,2026-05-09/2026-05-15
PLP,2026-05-18,2026-05-22,4260.0,4500.0,4010.0,4110.0,194000,False,2026-05-16/2026-05-22
PLP,2026-05-25,2026-05-29,4290.0,4300.0,4100.0,4160.0,74900,False,2026-05-23/2026-05-29
PLP,2026-06-01,2026-06-05,4230.0,4250.0,4050.0,4220.0,296300,False,2026-05-30/2026-06-05
PLP,2026-06-08,2026-06-12,4110.0,4260.0,4050.0,4260.0,160400,False,2026-06-06/2026-06-12
PLP,2026-06-15,2026-06-19,4280.0,4280.0,3960.0,4100.0,50600,False,2026-06-13/2026-06-19
PLP,2026-06-22,2026-06-26,4100.0,4180.0,3870.0,4000.0,248900,False,2026-06-20/2026-06-26
PLP,2026-06-29,2026-07-03,4090.0,4270.0,3850.0,4270.0,339200,False,2026-06-27/2026-07-03
PLP,2026-07-06,2026-07-10,4130.0,4260.0,3810.0,4100.0,241900,False,2026-07-04/2026-07-10
PLP,2026-07-13,2026-07-17,4040.0,4600.0,3830.0,4380.0,556300,False,2026-07-11/2026-07-17
PLP,2026-07-20,2026-07-24,4380.0,4380.0,3800.0,4100.0,274500,False,2026-07-18/2026-07-24
PLP,2026-07-27,2026-07-31,4100.0,4400.0,3820.0,4340.0,234400,False,2026-07-25/2026-07-31
PLP,2026-08-03,2026-08-07,4340.0,4410.0,4100.0,4220.0,323700,False,2026-08-01/2026-08-07
PLP,2026-08-10,2026-08-14,4220.0,4400.0,4200.0,4260.0,158800,False,2026-08-08/2026-08-14
PLP,2026-08-17,2026-08-21,4350.0,4390.0,4040.0,4350.0,243100,False,2026-08-15/2026-08-21
PLP,2026-08-24,2026-08-28,4350.0,4400.0,4200.0,4370.0,193200,False,2026-08-22/2026-08-28
PLP,2026-08-31,2026-09-04,4340.0,4340.0,4160.0,4240.0,40200,False,2026-08-29/2026-09-04
PLP,2026-09-07,2026-09-11,4290.0,4700.0,4250.0,4310.0,605600,False,2026-09-05/2026-09-11
PLP,2026-09-14,2026-09-18,4310.0,4460.0,3580.0,3800.0,2870400,False,2026-09-12/2026-09-18
PLP,2026-09-21,2026-09-25,3700.0,3830.0,3580.0,3680.0,277800,False,2026-09-19/2026-09-25
PLP,2026-09-28,2026-10-02,3600.0,3740.0,3.65,3.75,148400,False,2026-09-26/2026-10-02
PLX,2026-03-30,2026-04-03,40548.0,41513.0,38665.0,38810.0,19321900,False,2026-03-28/2026-04-03
PLX,2026-04-06,2026-04-10,38810.0,40548.0,37217.0,39727.0,17278800,False,2026-04-04/2026-04-10
PLX,2026-04-13,2026-04-17,40451.0,40499.0,37555.0,38568.0,14336700,False,2026-04-11/2026-04-17
PLX,2026-04-20,2026-04-24,38713.0,39920.0,36686.0,38327.0,15851000,False,2026-04-18/2026-04-24
PLX,2026-04-27,2026-05-01,36879.0,37844.0,34996.0,35865.0,10067500,False,2026-04-25/2026-05-01
PLX,2026-05-04,2026-05-08,37169.0,38375.0,36203.0,36300.0,17824700,False,2026-05-02/2026-05-08
PLX,2026-05-11,2026-05-15,36686.0,40885.0,35334.0,40741.0,32229300,False,2026-05-09/2026-05-15
PLX,2026-05-18,2026-05-22,41127.0,45375.0,37844.0,40499.0,43661100,False,2026-05-16/2026-05-22
PLX,2026-05-25,2026-05-29,39582.0,40065.0,37217.0,39582.0,18939200,False,2026-05-23/2026-05-29
PLX,2026-06-01,2026-06-05,39582.0,42478.0,37506.0,40548.0,18076100,False,2026-05-30/2026-06-05
PLX,2026-06-08,2026-06-12,40161.0,41320.0,38279.0,38665.0,12891300,False,2026-06-06/2026-06-12
PLX,2026-06-15,2026-06-19,38037.0,38086.0,36927.0,37313.0,11222600,False,2026-06-13/2026-06-19
PLX,2026-06-22,2026-06-26,37458.0,37941.0,35527.0,35527.0,10728300,False,2026-06-20/2026-06-26
PLX,2026-06-29,2026-07-03,35624.0,37169.0,35286.0,35286.0,6841800,False,2026-06-27/2026-07-03
PLX,2026-07-06,2026-07-10,35334.0,35672.0,32969.0,34755.0,13439400,False,2026-07-04/2026-07-10
PLX,2026-07-13,2026-07-17,35238.0,36058.0,33307.0,33983.0,9835900,False,2026-07-11/2026-07-17
PLX,2026-07-20,2026-07-24,34321.0,34610.0,30797.0,32631.0,9705100,False,2026-07-18/2026-07-24
PLX,2026-07-27,2026-07-31,32583.0,33452.0,30797.0,32148.0,8622400,False,2026-07-25/2026-07-31
PLX,2026-08-03,2026-08-07,32679.0,36050.0,32679.0,35950.0,14625400,False,2026-08-01/2026-08-07
PLX,2026-08-10,2026-08-14,36500.0,38000.0,34800.0,35050.0,16998700,False,2026-08-08/2026-08-14
PLX,2026-08-17,2026-08-21,35000.0,39050.0,34750.0,37950.0,19607000,False,2026-08-15/2026-08-21
PLX,2026-08-24,2026-08-28,38400.0,39000.0,36200.0,36250.0,26120000,False,2026-08-22/2026-08-28
PLX,2026-08-31,2026-09-04,36900.0,37200.0,35750.0,36000.0,8126300,False,2026-08-29/2026-09-04
PLX,2026-09-07,2026-09-11,36050.0,36950.0,35100.0,35200.0,21099500,False,2026-09-05/2026-09-11
PLX,2026-09-14,2026-09-18,35200.0,39500.0,34850.0,37400.0,39307200,False,2026-09-12/2026-09-18
PLX,2026-09-21,2026-09-25,37100.0,37800.0,34500.0,35000.0,23621600,False,2026-09-19/2026-09-25
PLX,2026-09-28,2026-10-02,35200.0,37100.0,35.5,35.6,10891300,False,2026-09-26/2026-10-02
PNJ,2026-03-30,2026-04-03,70101.0,73300.0,70035.0,72500.0,5455000,False,2026-03-28/2026-04-03
PNJ,2026-04-06,2026-04-10,71168.0,73300.0,66636.0,72634.0,4766000,False,2026-04-04/2026-04-10
PNJ,2026-04-13,2026-04-17,72634.0,74966.0,71434.0,73966.0,3806200,False,2026-04-11/2026-04-17
PNJ,2026-04-20,2026-04-24,74300.0,77032.0,69000.0,70000.0,8288200,False,2026-04-18/2026-04-24
PNJ,2026-04-27,2026-05-01,70100.0,70100.0,66900.0,67300.0,3661800,False,2026-04-25/2026-05-01
PNJ,2026-05-04,2026-05-08,67600.0,70100.0,67200.0,70100.0,5776800,False,2026-05-02/2026-05-08
PNJ,2026-05-11,2026-05-15,70100.0,70200.0,67100.0,67300.0,4259600,False,2026-05-09/2026-05-15
PNJ,2026-05-18,2026-05-22,67100.0,67100.0,63400.0,65500.0,6399900,False,2026-05-16/2026-05-22
PNJ,2026-05-25,2026-05-29,66000.0,66200.0,64100.0,65800.0,3684100,False,2026-05-23/2026-05-29
PNJ,2026-06-01,2026-06-05,65800.0,66000.0,64300.0,65700.0,2875300,False,2026-05-30/2026-06-05
PNJ,2026-06-08,2026-06-12,64700.0,65500.0,61700.0,62000.0,5050400,False,2026-06-06/2026-06-12
PNJ,2026-06-15,2026-06-19,63100.0,68500.0,63100.0,67100.0,6310500,False,2026-06-13/2026-06-19
PNJ,2026-06-22,2026-06-26,65000.0,66400.0,62700.0,63500.0,4136300,False,2026-06-20/2026-06-26
PNJ,2026-06-29,2026-07-03,63500.0,64800.0,58700.0,58700.0,5298800,False,2026-06-27/2026-07-03
PNJ,2026-07-06,2026-07-10,54600.0,54600.0,46500.0,46600.0,42098800,False,2026-07-04/2026-07-10
PNJ,2026-07-13,2026-07-17,45900.0,46900.0,40500.0,43000.0,42655900,False,2026-07-11/2026-07-17
PNJ,2026-07-20,2026-07-24,43350.0,43350.0,30750.0,30750.0,64909800,False,2026-07-18/2026-07-24
PNJ,2026-07-27,2026-07-31,30950.0,35200.0,30250.0,31000.0,63471900,False,2026-07-25/2026-07-31
PNJ,2026-08-03,2026-08-07,31200.0,39700.0,31200.0,36000.0,38873500,False,2026-08-01/2026-08-07
PNJ,2026-08-10,2026-08-14,35400.0,37500.0,34550.0,36500.0,15526000,False,2026-08-08/2026-08-14
PNJ,2026-08-17,2026-08-21,36600.0,39900.0,34600.0,39900.0,20812900,False,2026-08-15/2026-08-21
PNJ,2026-08-24,2026-08-28,42650.0,45550.0,40800.0,42100.0,39480100,False,2026-08-22/2026-08-28
PNJ,2026-08-31,2026-09-04,41500.0,41600.0,38200.0,40050.0,16130100,False,2026-08-29/2026-09-04
PNJ,2026-09-07,2026-09-11,39600.0,39950.0,37150.0,37300.0,18302400,False,2026-09-05/2026-09-11
PNJ,2026-09-14,2026-09-18,37450.0,38050.0,35000.0,36750.0,21442400,False,2026-09-12/2026-09-18
PNJ,2026-09-21,2026-09-25,37000.0,37000.0,32800.0,33000.0,24763800,False,2026-09-19/2026-09-25
PNJ,2026-09-28,2026-10-02,30700.0,30700.0,26.6,26.6,5701600,False,2026-09-26/2026-10-02
POW,2026-03-30,2026-04-03,12950.0,13250.0,12600.0,12650.0,55283700,False,2026-03-28/2026-04-03
POW,2026-04-06,2026-04-10,12650.0,13200.0,12350.0,13000.0,47376500,False,2026-04-04/2026-04-10
POW,2026-04-13,2026-04-17,13000.0,13600.0,12950.0,13250.0,61586600,False,2026-04-11/2026-04-17
POW,2026-04-20,2026-04-24,13300.0,13350.0,12550.0,12800.0,47609400,False,2026-04-18/2026-04-24
POW,2026-04-27,2026-05-01,12800.0,12850.0,12550.0,12650.0,11991300,False,2026-04-25/2026-05-01
POW,2026-05-04,2026-05-08,12900.0,14450.0,12850.0,14000.0,132797500,False,2026-05-02/2026-05-08
POW,2026-05-11,2026-05-15,14000.0,14400.0,13850.0,14100.0,57209800,False,2026-05-09/2026-05-15
POW,2026-05-18,2026-05-22,14100.0,14600.0,13200.0,13600.0,70248800,False,2026-05-16/2026-05-22
POW,2026-05-25,2026-05-29,13650.0,14300.0,13550.0,13700.0,40348500,False,2026-05-23/2026-05-29
POW,2026-06-01,2026-06-05,13800.0,13850.0,13400.0,13450.0,27703700,False,2026-05-30/2026-06-05
POW,2026-06-08,2026-06-12,13500.0,13700.0,13300.0,13500.0,22619300,False,2026-06-06/2026-06-12
POW,2026-06-15,2026-06-19,13550.0,14350.0,13500.0,13900.0,55648200,False,2026-06-13/2026-06-19
POW,2026-06-22,2026-06-26,14000.0,14900.0,13800.0,14800.0,73929600,False,2026-06-20/2026-06-26
POW,2026-06-29,2026-07-03,14850.0,15100.0,14500.0,14900.0,62875600,False,2026-06-27/2026-07-03
POW,2026-07-06,2026-07-10,14800.0,15150.0,14100.0,14100.0,58147600,False,2026-07-04/2026-07-10
POW,2026-07-13,2026-07-17,14150.0,14150.0,13400.0,13900.0,40388000,False,2026-07-11/2026-07-17
POW,2026-07-20,2026-07-24,13800.0,13800.0,13000.0,13350.0,42507200,False,2026-07-18/2026-07-24
POW,2026-07-27,2026-07-31,13350.0,14100.0,12900.0,13600.0,36053800,False,2026-07-25/2026-07-31
POW,2026-08-03,2026-08-07,13850.0,14050.0,13400.0,13600.0,35935100,False,2026-08-01/2026-08-07
POW,2026-08-10,2026-08-14,13700.0,13900.0,13200.0,13250.0,33963000,False,2026-08-08/2026-08-14
POW,2026-08-17,2026-08-21,13300.0,13600.0,13200.0,13600.0,19139400,False,2026-08-15/2026-08-21
POW,2026-08-24,2026-08-28,13650.0,13700.0,13050.0,13100.0,40839700,False,2026-08-22/2026-08-28
POW,2026-08-31,2026-09-04,13250.0,13250.0,12800.0,12850.0,18887200,False,2026-08-29/2026-09-04
POW,2026-09-07,2026-09-11,12850.0,13000.0,12600.0,12600.0,25220600,False,2026-09-05/2026-09-11
POW,2026-09-14,2026-09-18,12600.0,12750.0,12050.0,12600.0,32728000,False,2026-09-12/2026-09-18
POW,2026-09-21,2026-09-25,12650.0,12950.0,12450.0,12450.0,18647200,False,2026-09-19/2026-09-25
POW,2026-09-28,2026-10-02,12450.0,12800.0,12.7,13.0,28617700,False,2026-09-26/2026-10-02
PPC,2026-03-30,2026-04-03,10750.0,10900.0,10250.0,10250.0,3768900,False,2026-03-28/2026-04-03
PPC,2026-04-06,2026-04-10,10250.0,10500.0,10100.0,10250.0,2174900,False,2026-04-04/2026-04-10
PPC,2026-04-13,2026-04-17,10150.0,10300.0,10150.0,10150.0,1677000,False,2026-04-11/2026-04-17
PPC,2026-04-20,2026-04-24,10200.0,10250.0,9900.0,10050.0,2173300,False,2026-04-18/2026-04-24
PPC,2026-04-27,2026-05-01,10000.0,10050.0,9850.0,9900.0,380100,False,2026-04-25/2026-05-01
PPC,2026-05-04,2026-05-08,9900.0,10000.0,9770.0,9890.0,1230700,False,2026-05-02/2026-05-08
PPC,2026-05-11,2026-05-15,9890.0,9950.0,9680.0,9810.0,939200,False,2026-05-09/2026-05-15
PPC,2026-05-18,2026-05-22,9810.0,9850.0,9670.0,9670.0,681500,False,2026-05-16/2026-05-22
PPC,2026-05-25,2026-05-29,9800.0,9920.0,9700.0,9810.0,744300,False,2026-05-23/2026-05-29
PPC,2026-06-01,2026-06-05,9800.0,9820.0,9680.0,9730.0,656600,False,2026-05-30/2026-06-05
PPC,2026-06-08,2026-06-12,9730.0,9760.0,9600.0,9670.0,630300,False,2026-06-06/2026-06-12
PPC,2026-06-15,2026-06-19,9700.0,9750.0,9650.0,9670.0,352800,False,2026-06-13/2026-06-19
PPC,2026-06-22,2026-06-26,9700.0,9700.0,9610.0,9620.0,346100,False,2026-06-20/2026-06-26
PPC,2026-06-29,2026-07-03,9620.0,9640.0,9470.0,9480.0,688000,False,2026-06-27/2026-07-03
PPC,2026-07-06,2026-07-10,9450.0,9470.0,9210.0,9240.0,648300,False,2026-07-04/2026-07-10
PPC,2026-07-13,2026-07-17,9230.0,9250.0,8950.0,9100.0,629500,False,2026-07-11/2026-07-17
PPC,2026-07-20,2026-07-24,9200.0,9200.0,8900.0,9010.0,715300,False,2026-07-18/2026-07-24
PPC,2026-07-27,2026-07-31,9010.0,9050.0,8730.0,8820.0,587400,False,2026-07-25/2026-07-31
PPC,2026-08-03,2026-08-07,8800.0,8930.0,8800.0,8830.0,397700,False,2026-08-01/2026-08-07
PPC,2026-08-10,2026-08-14,8760.0,9190.0,8760.0,9140.0,956800,False,2026-08-08/2026-08-14
PPC,2026-08-17,2026-08-21,9140.0,9150.0,8850.0,8990.0,909700,False,2026-08-15/2026-08-21
PPC,2026-08-24,2026-08-28,8990.0,9000.0,8890.0,8920.0,455200,False,2026-08-22/2026-08-28
PPC,2026-08-31,2026-09-04,8910.0,9000.0,8900.0,8910.0,246700,False,2026-08-29/2026-09-04
PPC,2026-09-07,2026-09-11,8910.0,8910.0,8830.0,8840.0,272600,False,2026-09-05/2026-09-11
PPC,2026-09-14,2026-09-18,8820.0,8860.0,8710.0,8780.0,414000,False,2026-09-12/2026-09-18
PPC,2026-09-21,2026-09-25,8840.0,8880.0,8700.0,8730.0,277300,False,2026-09-19/2026-09-25
PPC,2026-09-28,2026-10-02,8730.0,8760.0,8.58,8.65,244900,False,2026-09-26/2026-10-02
PTB,2026-03-30,2026-04-03,36835.0,38332.0,36375.0,36605.0,416100,False,2026-03-28/2026-04-03
PTB,2026-04-06,2026-04-10,36375.0,38293.0,36030.0,38102.0,898700,False,2026-04-04/2026-04-10
PTB,2026-04-13,2026-04-17,38025.0,39061.0,37488.0,38140.0,463400,False,2026-04-11/2026-04-17
PTB,2026-04-20,2026-04-24,38178.0,39061.0,37296.0,38217.0,540300,False,2026-04-18/2026-04-24
PTB,2026-04-27,2026-05-01,38332.0,38754.0,37603.0,38447.0,232800,False,2026-04-25/2026-05-01
PTB,2026-05-04,2026-05-08,38332.0,38984.0,38063.0,38600.0,363300,False,2026-05-02/2026-05-08
PTB,2026-05-11,2026-05-15,38831.0,40596.0,38600.0,39331.0,716200,False,2026-05-09/2026-05-15
PTB,2026-05-18,2026-05-22,39477.0,40445.0,37297.0,39041.0,478200,False,2026-05-16/2026-05-22
PTB,2026-05-25,2026-05-29,39331.0,39331.0,37781.0,38508.0,211100,False,2026-05-23/2026-05-29
PTB,2026-06-01,2026-06-05,38314.0,38750.0,37248.0,37781.0,162800,False,2026-05-30/2026-06-05
PTB,2026-06-08,2026-06-12,37781.0,37781.0,35117.0,35941.0,391300,False,2026-06-06/2026-06-12
PTB,2026-06-15,2026-06-19,35941.0,36473.0,35069.0,35359.0,301700,False,2026-06-13/2026-06-19
PTB,2026-06-22,2026-06-26,35698.0,37781.0,35020.0,37781.0,382900,False,2026-06-20/2026-06-26
PTB,2026-06-29,2026-07-03,35941.0,38508.0,35941.0,36570.0,389100,False,2026-06-27/2026-07-03
PTB,2026-07-06,2026-07-10,36570.0,37006.0,35263.0,35359.0,210100,False,2026-07-04/2026-07-10
PTB,2026-07-13,2026-07-17,35359.0,35747.0,33034.0,33906.0,341700,False,2026-07-11/2026-07-17
PTB,2026-07-20,2026-07-24,33906.0,33906.0,30273.0,31630.0,544500,False,2026-07-18/2026-07-24
PTB,2026-07-27,2026-07-31,31630.0,32453.0,30128.0,32453.0,244000,False,2026-07-25/2026-07-31
PTB,2026-08-03,2026-08-07,32453.0,33567.0,32259.0,32453.0,196200,False,2026-08-01/2026-08-07
PTB,2026-08-10,2026-08-14,32356.0,32938.0,31194.0,32163.0,192500,False,2026-08-08/2026-08-14
PTB,2026-08-17,2026-08-21,32163.0,32695.0,30128.0,31000.0,463700,False,2026-08-15/2026-08-21
PTB,2026-08-24,2026-08-28,31097.0,31920.0,30225.0,31388.0,1101800,False,2026-08-22/2026-08-28
PTB,2026-08-31,2026-09-04,31388.0,31388.0,30758.0,31097.0,80800,False,2026-08-29/2026-09-04
PTB,2026-09-07,2026-09-11,30855.0,31250.0,29750.0,30000.0,365700,False,2026-09-05/2026-09-11
PTB,2026-09-14,2026-09-18,29900.0,30150.0,28600.0,29800.0,487900,False,2026-09-12/2026-09-18
PTB,2026-09-21,2026-09-25,29600.0,29750.0,27750.0,29300.0,897100,False,2026-09-19/2026-09-25
PTB,2026-09-28,2026-10-02,29300.0,29450.0,28.25,28.95,246300,False,2026-09-26/2026-10-02
PTL,2026-03-30,2026-04-03,2710.0,2900.0,2710.0,2830.0,40100,False,2026-03-28/2026-04-03
PTL,2026-04-06,2026-04-10,2830.0,2920.0,2600.0,2870.0,132400,False,2026-04-04/2026-04-10
PTL,2026-04-13,2026-04-17,2900.0,2990.0,2670.0,2710.0,221400,False,2026-04-11/2026-04-17
PTL,2026-04-20,2026-04-24,2790.0,2830.0,2650.0,2780.0,162600,False,2026-04-18/2026-04-24
PTL,2026-04-27,2026-05-01,2720.0,2930.0,2600.0,2820.0,252400,False,2026-04-25/2026-05-01
PTL,2026-05-04,2026-05-08,2820.0,2890.0,2530.0,2660.0,222900,False,2026-05-02/2026-05-08
PTL,2026-05-11,2026-05-15,2660.0,2780.0,2520.0,2590.0,130800,False,2026-05-09/2026-05-15
PTL,2026-05-18,2026-05-22,2600.0,2700.0,2500.0,2600.0,97600,False,2026-05-16/2026-05-22
PTL,2026-05-25,2026-05-29,2520.0,2690.0,2470.0,2580.0,128100,False,2026-05-23/2026-05-29
PTL,2026-06-01,2026-06-05,2580.0,2690.0,2500.0,2530.0,224200,False,2026-05-30/2026-06-05
PTL,2026-06-08,2026-06-12,2530.0,2610.0,2400.0,2590.0,102100,False,2026-06-06/2026-06-12
PTL,2026-06-15,2026-06-19,2530.0,2620.0,2460.0,2550.0,27300,False,2026-06-13/2026-06-19
PTL,2026-06-22,2026-06-26,2610.0,2610.0,2420.0,2520.0,117700,False,2026-06-20/2026-06-26
PTL,2026-06-29,2026-07-03,2520.0,2520.0,2050.0,2160.0,1776100,False,2026-06-27/2026-07-03
PTL,2026-07-06,2026-07-10,2210.0,2230.0,1930.0,2010.0,579300,False,2026-07-04/2026-07-10
PTL,2026-07-13,2026-07-17,2020.0,2040.0,1920.0,2000.0,298900,False,2026-07-11/2026-07-17
PTL,2026-07-20,2026-07-24,1960.0,1960.0,1760.0,1810.0,244800,False,2026-07-18/2026-07-24
PTL,2026-07-27,2026-07-31,1830.0,1840.0,1710.0,1800.0,275200,False,2026-07-25/2026-07-31
PTL,2026-08-03,2026-08-07,1800.0,1870.0,1720.0,1780.0,518400,False,2026-08-01/2026-08-07
PTL,2026-08-10,2026-08-14,1780.0,1850.0,1720.0,1770.0,201600,False,2026-08-08/2026-08-14
PTL,2026-08-17,2026-08-21,1760.0,1860.0,1740.0,1790.0,157200,False,2026-08-15/2026-08-21
PTL,2026-08-24,2026-08-28,1790.0,1900.0,1750.0,1820.0,172900,False,2026-08-22/2026-08-28
PTL,2026-08-31,2026-09-04,1810.0,1810.0,1710.0,1780.0,78900,False,2026-08-29/2026-09-04
PTL,2026-09-07,2026-09-11,1780.0,1880.0,1680.0,1760.0,131200,False,2026-09-05/2026-09-11
PTL,2026-09-14,2026-09-18,1680.0,1750.0,1640.0,1740.0,206800,False,2026-09-12/2026-09-18
PTL,2026-09-21,2026-09-25,1760.0,1760.0,1680.0,1710.0,103600,False,2026-09-19/2026-09-25
PTL,2026-09-28,2026-10-02,1720.0,1730.0,1.68,1.73,20100,False,2026-09-26/2026-10-02
PVD,2026-03-30,2026-04-03,22104.0,22134.0,20128.0,20128.0,20736000,False,2026-03-28/2026-04-03
PVD,2026-04-06,2026-04-10,19888.0,20637.0,18900.0,20307.0,22115300,False,2026-04-04/2026-04-10
PVD,2026-04-13,2026-04-17,20397.0,20846.0,19529.0,19948.0,16756500,False,2026-04-11/2026-04-17
PVD,2026-04-20,2026-04-24,20008.0,20128.0,18001.0,18810.0,14326000,False,2026-04-18/2026-04-24
PVD,2026-04-27,2026-05-01,18840.0,18840.0,17672.0,18570.0,7842200,False,2026-04-25/2026-05-01
PVD,2026-05-04,2026-05-08,19169.0,19948.0,18390.0,18450.0,19890400,False,2026-05-02/2026-05-08
PVD,2026-05-11,2026-05-15,18570.0,20487.0,18271.0,20187.0,24739000,False,2026-05-09/2026-05-15
PVD,2026-05-18,2026-05-22,20487.0,21595.0,18570.0,18900.0,38338600,False,2026-05-16/2026-05-22
PVD,2026-05-25,2026-05-29,18570.0,18600.0,17761.0,18271.0,14903400,False,2026-05-23/2026-05-29
PVD,2026-06-01,2026-06-05,18300.0,18840.0,17372.0,18390.0,9125400,False,2026-05-30/2026-06-05
PVD,2026-06-08,2026-06-12,18271.0,18570.0,17821.0,17971.0,6104600,False,2026-06-06/2026-06-12
PVD,2026-06-15,2026-06-19,17672.0,18780.0,17252.0,18600.0,12829800,False,2026-06-13/2026-06-19
PVD,2026-06-22,2026-06-26,18570.0,19618.0,18450.0,18929.0,17448600,False,2026-06-20/2026-06-26
PVD,2026-06-29,2026-07-03,19139.0,20187.0,19079.0,19499.0,16290400,False,2026-06-27/2026-07-03
PVD,2026-07-06,2026-07-10,19529.0,20247.0,18570.0,19469.0,18694200,False,2026-07-04/2026-07-10
PVD,2026-07-13,2026-07-17,19469.0,20700.0,18300.0,19550.0,25930100,False,2026-07-11/2026-07-17
PVD,2026-07-20,2026-07-24,19700.0,19800.0,17350.0,19000.0,22359800,False,2026-07-18/2026-07-24
PVD,2026-07-27,2026-07-31,18500.0,19000.0,18000.0,18150.0,12380500,False,2026-07-25/2026-07-31
PVD,2026-08-03,2026-08-07,18000.0,18550.0,17700.0,18050.0,15958700,False,2026-08-01/2026-08-07
PVD,2026-08-10,2026-08-14,18500.0,18900.0,17900.0,17950.0,15143200,False,2026-08-08/2026-08-14
PVD,2026-08-17,2026-08-21,18100.0,19000.0,17650.0,18600.0,11984700,False,2026-08-15/2026-08-21
PVD,2026-08-24,2026-08-28,18900.0,19750.0,18750.0,19150.0,23462100,False,2026-08-22/2026-08-28
PVD,2026-08-31,2026-09-04,19450.0,19900.0,19100.0,19200.0,7145600,False,2026-08-29/2026-09-04
PVD,2026-09-07,2026-09-11,19100.0,19350.0,18200.0,18550.0,30229400,False,2026-09-05/2026-09-11
PVD,2026-09-14,2026-09-18,18550.0,20400.0,18400.0,19200.0,46633300,False,2026-09-12/2026-09-18
PVD,2026-09-21,2026-09-25,19200.0,19500.0,18000.0,18000.0,23652800,False,2026-09-19/2026-09-25
PVD,2026-09-28,2026-10-02,18100.0,19000.0,17.65,18.3,12580400,False,2026-09-26/2026-10-02
PVP,2026-03-30,2026-04-03,14280.0,14470.0,13853.0,13901.0,728200,False,2026-03-28/2026-04-03
PVP,2026-04-06,2026-04-10,13948.0,14138.0,13569.0,14090.0,1566400,False,2026-04-04/2026-04-10
PVP,2026-04-13,2026-04-17,14090.0,14612.0,13474.0,14612.0,2215900,False,2026-04-11/2026-04-17
PVP,2026-04-20,2026-04-24,14992.0,17554.0,14707.0,17079.0,7944500,False,2026-04-18/2026-04-24
PVP,2026-04-27,2026-05-01,17079.0,17743.0,15893.0,17079.0,3140400,False,2026-04-25/2026-05-01
PVP,2026-05-04,2026-05-08,17269.0,18313.0,16557.0,17079.0,6196300,False,2026-05-02/2026-05-08
PVP,2026-05-11,2026-05-15,17269.0,19024.0,16700.0,18835.0,6655700,False,2026-05-09/2026-05-15
PVP,2026-05-18,2026-05-22,19119.0,19641.0,17127.0,17127.0,7141500,False,2026-05-16/2026-05-22
PVP,2026-05-25,2026-05-29,16842.0,17032.0,16130.0,16842.0,3644400,False,2026-05-23/2026-05-29
PVP,2026-06-01,2026-06-05,16795.0,17127.0,16225.0,16652.0,1863000,False,2026-05-30/2026-06-05
PVP,2026-06-08,2026-06-12,16652.0,16937.0,16463.0,16510.0,1379800,False,2026-06-06/2026-06-12
PVP,2026-06-15,2026-06-19,16463.0,17269.0,15798.0,17269.0,2839700,False,2026-06-13/2026-06-19
PVP,2026-06-22,2026-06-26,17506.0,18835.0,16700.0,17174.0,4358700,False,2026-06-20/2026-06-26
PVP,2026-06-29,2026-07-03,17316.0,17601.0,16605.0,16700.0,2649700,False,2026-06-27/2026-07-03
PVP,2026-07-06,2026-07-10,16747.0,16747.0,15751.0,15941.0,1948000,False,2026-07-04/2026-07-10
PVP,2026-07-13,2026-07-17,16130.0,16700.0,15751.0,16178.0,1559700,False,2026-07-11/2026-07-17
PVP,2026-07-20,2026-07-24,16557.0,16984.0,15751.0,16510.0,3715700,False,2026-07-18/2026-07-24
PVP,2026-07-27,2026-07-31,16415.0,16890.0,15656.0,16130.0,2695200,False,2026-07-25/2026-07-31
PVP,2026-08-03,2026-08-07,16130.0,16557.0,15798.0,16036.0,2200800,False,2026-08-01/2026-08-07
PVP,2026-08-10,2026-08-14,16083.0,17459.0,15988.0,16890.0,3289900,False,2026-08-08/2026-08-14
PVP,2026-08-17,2026-08-21,16890.0,17743.0,16652.0,17269.0,2827600,False,2026-08-15/2026-08-21
PVP,2026-08-24,2026-08-28,17411.0,17554.0,16984.0,17411.0,2296500,False,2026-08-22/2026-08-28
PVP,2026-08-31,2026-09-04,17554.0,17601.0,17174.0,17222.0,825800,False,2026-08-29/2026-09-04
PVP,2026-09-07,2026-09-11,17411.0,18835.0,16700.0,17933.0,5412400,False,2026-09-05/2026-09-11
PVP,2026-09-14,2026-09-18,18028.0,19262.0,17791.0,18100.0,6408200,False,2026-09-12/2026-09-18
PVP,2026-09-21,2026-09-25,18200.0,20500.0,17950.0,20500.0,8459200,False,2026-09-19/2026-09-25
PVP,2026-09-28,2026-10-02,21000.0,22300.0,20.6,20.9,5211600,False,2026-09-26/2026-10-02
PVT,2026-03-30,2026-04-03,20432.0,21115.0,19249.0,19249.0,40051200,False,2026-03-28/2026-04-03
PVT,2026-04-06,2026-04-10,19294.0,20933.0,18566.0,20478.0,31384100,False,2026-04-04/2026-04-10
PVT,2026-04-13,2026-04-17,20478.0,20751.0,19158.0,19795.0,25107100,False,2026-04-11/2026-04-17
PVT,2026-04-20,2026-04-24,19840.0,22161.0,19476.0,21069.0,43339900,False,2026-04-18/2026-04-24
PVT,2026-04-27,2026-05-01,21069.0,21251.0,19021.0,20022.0,20219800,False,2026-04-25/2026-05-01
PVT,2026-05-04,2026-05-08,20387.0,21752.0,19886.0,20113.0,34566200,False,2026-05-02/2026-05-08
PVT,2026-05-11,2026-05-15,20341.0,22389.0,20113.0,21888.0,39709400,False,2026-05-09/2026-05-15
PVT,2026-05-18,2026-05-22,22207.0,23299.0,20159.0,21069.0,38434900,False,2026-05-16/2026-05-22
PVT,2026-05-25,2026-05-29,20614.0,20751.0,19795.0,20204.0,20181900,False,2026-05-23/2026-05-29
PVT,2026-06-01,2026-06-05,20432.0,20523.0,19567.0,20000.0,12426600,False,2026-05-30/2026-06-05
PVT,2026-06-08,2026-06-12,19850.0,20400.0,19600.0,19650.0,10638400,False,2026-06-06/2026-06-12
PVT,2026-06-15,2026-06-19,19900.0,20400.0,19050.0,20300.0,14353100,False,2026-06-13/2026-06-19
PVT,2026-06-22,2026-06-26,20300.0,20800.0,19500.0,19550.0,12621000,False,2026-06-20/2026-06-26
PVT,2026-06-29,2026-07-03,19550.0,20650.0,19550.0,19800.0,13049000,False,2026-06-27/2026-07-03
PVT,2026-07-06,2026-07-10,19800.0,20000.0,18500.0,18900.0,16265000,False,2026-07-04/2026-07-10
PVT,2026-07-13,2026-07-17,19100.0,19550.0,17800.0,18100.0,12089100,False,2026-07-11/2026-07-17
PVT,2026-07-20,2026-07-24,18200.0,18300.0,16300.0,16850.0,22515300,False,2026-07-18/2026-07-24
PVT,2026-07-27,2026-07-31,16750.0,18900.0,16050.0,18300.0,13340100,False,2026-07-25/2026-07-31
PVT,2026-08-03,2026-08-07,18350.0,18800.0,17800.0,18350.0,14401300,False,2026-08-01/2026-08-07
PVT,2026-08-10,2026-08-14,18500.0,20600.0,18200.0,19950.0,32764000,False,2026-08-08/2026-08-14
PVT,2026-08-17,2026-08-21,19850.0,21000.0,19600.0,20450.0,22566800,False,2026-08-15/2026-08-21
PVT,2026-08-24,2026-08-28,20600.0,20900.0,19950.0,20200.0,16476200,False,2026-08-22/2026-08-28
PVT,2026-08-31,2026-09-04,20350.0,20900.0,20050.0,20200.0,5688500,False,2026-08-29/2026-09-04
PVT,2026-09-07,2026-09-11,20350.0,22850.0,19900.0,22100.0,37766200,False,2026-09-05/2026-09-11
PVT,2026-09-14,2026-09-18,22300.0,23700.0,22100.0,22800.0,37891500,False,2026-09-12/2026-09-18
PVT,2026-09-21,2026-09-25,22750.0,24350.0,22300.0,23100.0,40262600,False,2026-09-19/2026-09-25
PVT,2026-09-28,2026-10-02,23200.0,25050.0,23.6,23.8,29803400,False,2026-09-26/2026-10-02
QCG,2026-03-30,2026-04-03,13200.0,14000.0,13100.0,13600.0,1529300,False,2026-03-28/2026-04-03
QCG,2026-04-06,2026-04-10,13650.0,15400.0,12900.0,14750.0,4260900,False,2026-04-04/2026-04-10
QCG,2026-04-13,2026-04-17,15200.0,15200.0,13400.0,14050.0,2957100,False,2026-04-11/2026-04-17
QCG,2026-04-20,2026-04-24,14050.0,14100.0,13600.0,13750.0,2170000,False,2026-04-18/2026-04-24
QCG,2026-04-27,2026-05-01,13750.0,13800.0,13300.0,13800.0,621400,False,2026-04-25/2026-05-01
QCG,2026-05-04,2026-05-08,13950.0,14150.0,13550.0,13650.0,1307700,False,2026-05-02/2026-05-08
QCG,2026-05-11,2026-05-15,13400.0,13750.0,13250.0,13400.0,1058900,False,2026-05-09/2026-05-15
QCG,2026-05-18,2026-05-22,13400.0,13400.0,12550.0,12900.0,1007900,False,2026-05-16/2026-05-22
QCG,2026-05-25,2026-05-29,13100.0,13100.0,12150.0,12700.0,440500,False,2026-05-23/2026-05-29
QCG,2026-06-01,2026-06-05,12750.0,12900.0,12300.0,12350.0,548100,False,2026-05-30/2026-06-05
QCG,2026-06-08,2026-06-12,12200.0,13900.0,12150.0,12950.0,1170100,False,2026-06-06/2026-06-12
QCG,2026-06-15,2026-06-19,13000.0,13900.0,12700.0,13300.0,791100,False,2026-06-13/2026-06-19
QCG,2026-06-22,2026-06-26,13300.0,13300.0,11900.0,12000.0,1133900,False,2026-06-20/2026-06-26
QCG,2026-06-29,2026-07-03,12000.0,12200.0,11800.0,11800.0,953200,False,2026-06-27/2026-07-03
QCG,2026-07-06,2026-07-10,11550.0,11950.0,11400.0,11650.0,718000,False,2026-07-04/2026-07-10
QCG,2026-07-13,2026-07-17,11600.0,11650.0,11200.0,11200.0,611900,False,2026-07-11/2026-07-17
QCG,2026-07-20,2026-07-24,10850.0,11200.0,9700.0,9990.0,963800,False,2026-07-18/2026-07-24
QCG,2026-07-27,2026-07-31,9550.0,10150.0,9150.0,9960.0,819200,False,2026-07-25/2026-07-31
QCG,2026-08-03,2026-08-07,10650.0,10650.0,10050.0,10100.0,464800,False,2026-08-01/2026-08-07
QCG,2026-08-10,2026-08-14,10050.0,10300.0,9950.0,9970.0,344800,False,2026-08-08/2026-08-14
QCG,2026-08-17,2026-08-21,10000.0,10250.0,9890.0,10200.0,319500,False,2026-08-15/2026-08-21
QCG,2026-08-24,2026-08-28,10200.0,11500.0,10150.0,11150.0,1043800,False,2026-08-22/2026-08-28
QCG,2026-08-31,2026-09-04,11100.0,11150.0,10800.0,11000.0,244700,False,2026-08-29/2026-09-04
QCG,2026-09-07,2026-09-11,11000.0,11200.0,10250.0,10250.0,488500,False,2026-09-05/2026-09-11
QCG,2026-09-14,2026-09-18,10200.0,10300.0,9800.0,10100.0,322400,False,2026-09-12/2026-09-18
QCG,2026-09-21,2026-09-25,10250.0,10250.0,9700.0,9740.0,390100,False,2026-09-19/2026-09-25
QCG,2026-09-28,2026-10-02,9740.0,9850.0,9.5,9.55,187300,False,2026-09-26/2026-10-02
REE,2026-03-30,2026-04-03,62306.0,64479.0,55963.0,55963.0,11651100,False,2026-03-28/2026-04-03
REE,2026-04-06,2026-04-10,56919.0,58483.0,55702.0,57179.0,5333400,False,2026-04-04/2026-04-10
REE,2026-04-13,2026-04-17,57527.0,58396.0,55615.0,55963.0,4027600,False,2026-04-11/2026-04-17
REE,2026-04-20,2026-04-24,55789.0,57353.0,53790.0,54138.0,5610400,False,2026-04-18/2026-04-24
REE,2026-04-27,2026-05-01,54659.0,54659.0,52139.0,52400.0,2772200,False,2026-04-25/2026-05-01
REE,2026-05-04,2026-05-08,52661.0,54312.0,52661.0,53008.0,3204400,False,2026-05-02/2026-05-08
REE,2026-05-11,2026-05-15,53790.0,53790.0,52226.0,52400.0,3555300,False,2026-05-09/2026-05-15
REE,2026-05-18,2026-05-22,53000.0,54800.0,52200.0,52600.0,3389000,False,2026-05-16/2026-05-22
REE,2026-05-25,2026-05-29,52700.0,53700.0,52300.0,52700.0,1884100,False,2026-05-23/2026-05-29
REE,2026-06-01,2026-06-05,52700.0,53100.0,50400.0,50900.0,2864900,False,2026-05-30/2026-06-05
REE,2026-06-08,2026-06-12,50900.0,51000.0,50000.0,50400.0,1861100,False,2026-06-06/2026-06-12
REE,2026-06-15,2026-06-19,50600.0,51100.0,50400.0,50400.0,1573400,False,2026-06-13/2026-06-19
REE,2026-06-22,2026-06-26,50800.0,51200.0,49200.0,49200.0,1702600,False,2026-06-20/2026-06-26
REE,2026-06-29,2026-07-03,49100.0,50400.0,48800.0,48800.0,1851400,False,2026-06-27/2026-07-03
REE,2026-07-06,2026-07-10,48800.0,48900.0,46800.0,47000.0,2864100,False,2026-07-04/2026-07-10
REE,2026-07-13,2026-07-17,47100.0,47300.0,45300.0,46250.0,2188500,False,2026-07-11/2026-07-17
REE,2026-07-20,2026-07-24,46550.0,46550.0,42500.0,44400.0,3154100,False,2026-07-18/2026-07-24
REE,2026-07-27,2026-07-31,45500.0,46500.0,43800.0,46500.0,3282600,False,2026-07-25/2026-07-31
REE,2026-08-03,2026-08-07,46500.0,48700.0,46500.0,47100.0,2369600,False,2026-08-01/2026-08-07
REE,2026-08-10,2026-08-14,47450.0,48000.0,45800.0,45900.0,1497500,False,2026-08-08/2026-08-14
REE,2026-08-17,2026-08-21,45950.0,46500.0,45250.0,46100.0,1246500,False,2026-08-15/2026-08-21
REE,2026-08-24,2026-08-28,46700.0,46700.0,45200.0,45550.0,1705200,False,2026-08-22/2026-08-28
REE,2026-08-31,2026-09-04,45650.0,45750.0,45200.0,45550.0,537900,False,2026-08-29/2026-09-04
REE,2026-09-07,2026-09-11,45800.0,45900.0,44900.0,44950.0,1094000,False,2026-09-05/2026-09-11
REE,2026-09-14,2026-09-18,44950.0,47300.0,44850.0,47050.0,2292100,False,2026-09-12/2026-09-18
REE,2026-09-21,2026-09-25,47350.0,47650.0,46100.0,46100.0,1868500,False,2026-09-19/2026-09-25
REE,2026-09-28,2026-10-02,46050.0,48100.0,47.1,47.9,2123700,False,2026-09-26/2026-10-02
RYG,2026-03-30,2026-04-03,9579.0,9707.0,8980.0,9151.0,855300,False,2026-03-28/2026-04-03
RYG,2026-04-06,2026-04-10,9151.0,9408.0,8980.0,9151.0,788000,False,2026-04-04/2026-04-10
RYG,2026-04-13,2026-04-17,9151.0,9279.0,8852.0,9237.0,659100,False,2026-04-11/2026-04-17
RYG,2026-04-20,2026-04-24,9066.0,9237.0,8638.0,9108.0,1017600,False,2026-04-18/2026-04-24
RYG,2026-04-27,2026-05-01,9066.0,9066.0,8895.0,8980.0,250100,False,2026-04-25/2026-05-01
RYG,2026-05-04,2026-05-08,8980.0,9108.0,8724.0,8895.0,355200,False,2026-05-02/2026-05-08
RYG,2026-05-11,2026-05-15,8895.0,9066.0,8168.0,9023.0,309200,False,2026-05-09/2026-05-15
RYG,2026-05-18,2026-05-22,9066.0,9066.0,8005.0,8552.0,838200,False,2026-05-16/2026-05-22
RYG,2026-05-25,2026-05-29,8467.0,8552.0,8116.0,8416.0,844400,False,2026-05-23/2026-05-29
RYG,2026-06-01,2026-06-05,8416.0,8544.0,8185.0,8373.0,1473400,False,2026-05-30/2026-06-05
RYG,2026-06-08,2026-06-12,8373.0,8552.0,8056.0,8056.0,1636500,False,2026-06-06/2026-06-12
RYG,2026-06-15,2026-06-19,8056.0,8296.0,7612.0,8022.0,92800,False,2026-06-13/2026-06-19
RYG,2026-06-22,2026-06-26,7714.0,8039.0,7697.0,7997.0,478200,False,2026-06-20/2026-06-26
RYG,2026-06-29,2026-07-03,7851.0,8022.0,7697.0,7783.0,613700,False,2026-06-27/2026-07-03
RYG,2026-07-06,2026-07-10,7714.0,7954.0,7441.0,7911.0,776600,False,2026-07-04/2026-07-10
RYG,2026-07-13,2026-07-17,7911.0,7911.0,7535.0,7851.0,1245000,False,2026-07-11/2026-07-17
RYG,2026-07-20,2026-07-24,7851.0,7903.0,7338.0,7817.0,1943300,False,2026-07-18/2026-07-24
RYG,2026-07-27,2026-07-31,7851.0,7868.0,7620.0,7817.0,607900,False,2026-07-25/2026-07-31
RYG,2026-08-03,2026-08-07,7697.0,7817.0,7595.0,7749.0,922200,False,2026-08-01/2026-08-07
RYG,2026-08-10,2026-08-14,7851.0,7868.0,7612.0,7766.0,389900,False,2026-08-08/2026-08-14
RYG,2026-08-17,2026-08-21,7860.0,7954.0,7586.0,7885.0,621600,False,2026-08-15/2026-08-21
RYG,2026-08-24,2026-08-28,7911.0,7911.0,7620.0,7740.0,853500,False,2026-08-22/2026-08-28
RYG,2026-08-31,2026-09-04,7780.0,8300.0,7740.0,8300.0,32500,False,2026-08-29/2026-09-04
RYG,2026-09-07,2026-09-11,8240.0,9070.0,7810.0,8390.0,446400,False,2026-09-05/2026-09-11
RYG,2026-09-14,2026-09-18,8000.0,8580.0,7900.0,8450.0,29400,False,2026-09-12/2026-09-18
RYG,2026-09-21,2026-09-25,8050.0,8650.0,8000.0,8300.0,424600,False,2026-09-19/2026-09-25
RYG,2026-09-28,2026-10-02,8450.0,8450.0,8.1,8.2,6600,False,2026-09-26/2026-10-02
SAB,2026-03-30,2026-04-03,41074.0,41916.0,39343.0,41261.0,2496000,False,2026-03-28/2026-04-03
SAB,2026-04-06,2026-04-10,41354.0,42992.0,41074.0,42851.0,3088900,False,2026-04-04/2026-04-10
SAB,2026-04-13,2026-04-17,42571.0,43460.0,42150.0,42571.0,2813500,False,2026-04-11/2026-04-17
SAB,2026-04-20,2026-04-24,42571.0,45097.0,41916.0,43974.0,5556100,False,2026-04-18/2026-04-24
SAB,2026-04-27,2026-05-01,44208.0,46220.0,44068.0,44442.0,2115400,False,2026-04-25/2026-05-01
SAB,2026-05-04,2026-05-08,44442.0,44723.0,43179.0,43273.0,4662500,False,2026-05-02/2026-05-08
SAB,2026-05-11,2026-05-15,43273.0,45939.0,42851.0,45424.0,4882500,False,2026-05-09/2026-05-15
SAB,2026-05-18,2026-05-22,45424.0,46173.0,44161.0,45003.0,3841800,False,2026-05-16/2026-05-22
SAB,2026-05-25,2026-05-29,44910.0,45799.0,43927.0,43927.0,2623200,False,2026-05-23/2026-05-29
SAB,2026-06-01,2026-06-05,43834.0,45191.0,43740.0,44723.0,2512300,False,2026-05-30/2026-06-05
SAB,2026-06-08,2026-06-12,44723.0,46173.0,43600.0,45471.0,3660800,False,2026-06-06/2026-06-12
SAB,2026-06-15,2026-06-19,45378.0,46641.0,45003.0,45050.0,3141100,False,2026-06-13/2026-06-19
SAB,2026-06-22,2026-06-26,45003.0,45799.0,44442.0,45565.0,2308200,False,2026-06-20/2026-06-26
SAB,2026-06-29,2026-07-03,45612.0,45799.0,44723.0,44816.0,3230100,False,2026-06-27/2026-07-03
SAB,2026-07-06,2026-07-10,44816.0,45050.0,43787.0,44115.0,2427700,False,2026-07-04/2026-07-10
SAB,2026-07-13,2026-07-17,44115.0,44161.0,42805.0,43881.0,2469000,False,2026-07-11/2026-07-17
SAB,2026-07-20,2026-07-24,44021.0,44816.0,42103.0,43506.0,3114300,False,2026-07-18/2026-07-24
SAB,2026-07-27,2026-07-31,43694.0,44115.0,42700.0,43550.0,3203400,False,2026-07-25/2026-07-31
SAB,2026-08-03,2026-08-07,43900.0,45300.0,43550.0,44750.0,3722400,False,2026-08-01/2026-08-07
SAB,2026-08-10,2026-08-14,45100.0,46550.0,44850.0,45300.0,5444500,False,2026-08-08/2026-08-14
SAB,2026-08-17,2026-08-21,45300.0,47200.0,45050.0,46800.0,4290500,False,2026-08-15/2026-08-21
SAB,2026-08-24,2026-08-28,46900.0,46900.0,45600.0,45600.0,3252100,False,2026-08-22/2026-08-28
SAB,2026-08-31,2026-09-04,45600.0,45800.0,44900.0,45350.0,1114200,False,2026-08-29/2026-09-04
SAB,2026-09-07,2026-09-11,45350.0,45350.0,43100.0,43850.0,2213100,False,2026-09-05/2026-09-11
SAB,2026-09-14,2026-09-18,43850.0,45500.0,43850.0,44300.0,2356300,False,2026-09-12/2026-09-18
SAB,2026-09-21,2026-09-25,44300.0,44750.0,43800.0,43900.0,2029000,False,2026-09-19/2026-09-25
SAB,2026-09-28,2026-10-02,44000.0,44000.0,42.9,42.9,1542000,False,2026-09-26/2026-10-02
SAM,2026-03-30,2026-04-03,6130.0,6715.0,6036.0,6413.0,937900,False,2026-03-28/2026-04-03
SAM,2026-04-06,2026-04-10,6451.0,6884.0,6253.0,6658.0,1501400,False,2026-04-04/2026-04-10
SAM,2026-04-13,2026-04-17,6658.0,6696.0,6432.0,6441.0,448100,False,2026-04-11/2026-04-17
SAM,2026-04-20,2026-04-24,6422.0,6545.0,6366.0,6422.0,389500,False,2026-04-18/2026-04-24
SAM,2026-04-27,2026-05-01,6413.0,6573.0,6328.0,6375.0,164400,False,2026-04-25/2026-05-01
SAM,2026-05-04,2026-05-08,6375.0,6460.0,6253.0,6271.0,351900,False,2026-05-02/2026-05-08
SAM,2026-05-11,2026-05-15,6271.0,6375.0,6092.0,6243.0,263900,False,2026-05-09/2026-05-15
SAM,2026-05-18,2026-05-22,6347.0,6347.0,6092.0,6111.0,332600,False,2026-05-16/2026-05-22
SAM,2026-05-25,2026-05-29,6111.0,6300.0,6064.0,6102.0,419800,False,2026-05-23/2026-05-29
SAM,2026-06-01,2026-06-05,6309.0,6480.0,6102.0,6240.0,287000,False,2026-05-30/2026-06-05
SAM,2026-06-08,2026-06-12,6240.0,6260.0,6000.0,6050.0,386400,False,2026-06-06/2026-06-12
SAM,2026-06-15,2026-06-19,6060.0,6140.0,5800.0,6000.0,469300,False,2026-06-13/2026-06-19
SAM,2026-06-22,2026-06-26,6000.0,6240.0,5790.0,6040.0,585600,False,2026-06-20/2026-06-26
SAM,2026-06-29,2026-07-03,5940.0,6020.0,5850.0,5960.0,345900,False,2026-06-27/2026-07-03
SAM,2026-07-06,2026-07-10,5900.0,5970.0,5850.0,5950.0,322500,False,2026-07-04/2026-07-10
SAM,2026-07-13,2026-07-17,5950.0,5950.0,5760.0,5760.0,186000,False,2026-07-11/2026-07-17
SAM,2026-07-20,2026-07-24,5760.0,5790.0,5460.0,5710.0,374700,False,2026-07-18/2026-07-24
SAM,2026-07-27,2026-07-31,5710.0,5940.0,5400.0,5820.0,533300,False,2026-07-25/2026-07-31
SAM,2026-08-03,2026-08-07,5820.0,5890.0,5770.0,5820.0,256800,False,2026-08-01/2026-08-07
SAM,2026-08-10,2026-08-14,5810.0,5910.0,5790.0,5850.0,392000,False,2026-08-08/2026-08-14
SAM,2026-08-17,2026-08-21,5850.0,6040.0,5840.0,6000.0,371100,False,2026-08-15/2026-08-21
SAM,2026-08-24,2026-08-28,6000.0,6200.0,6000.0,6100.0,417300,False,2026-08-22/2026-08-28
SAM,2026-08-31,2026-09-04,5920.0,6100.0,5900.0,6100.0,155700,False,2026-08-29/2026-09-04
SAM,2026-09-07,2026-09-11,6200.0,6200.0,5680.0,6090.0,566700,False,2026-09-05/2026-09-11
SAM,2026-09-14,2026-09-18,6080.0,6200.0,6000.0,6200.0,504900,False,2026-09-12/2026-09-18
SAM,2026-09-21,2026-09-25,6200.0,6200.0,6050.0,6190.0,692500,False,2026-09-19/2026-09-25
SAM,2026-09-28,2026-10-02,6200.0,6200.0,6.0,6.1,180400,False,2026-09-26/2026-10-02
SBG,2026-03-30,2026-04-03,9487.0,9779.0,9404.0,9612.0,167800,False,2026-03-28/2026-04-03
SBG,2026-04-06,2026-04-10,9570.0,9695.0,9404.0,9570.0,517700,False,2026-04-04/2026-04-10
SBG,2026-04-13,2026-04-17,9529.0,10028.0,9362.0,9862.0,714900,False,2026-04-11/2026-04-17
SBG,2026-04-20,2026-04-24,9820.0,10444.0,9612.0,10236.0,558700,False,2026-04-18/2026-04-24
SBG,2026-04-27,2026-05-01,10361.0,10403.0,9737.0,9903.0,160800,False,2026-04-25/2026-05-01
SBG,2026-05-04,2026-05-08,9862.0,10195.0,9737.0,9987.0,258000,False,2026-05-02/2026-05-08
SBG,2026-05-11,2026-05-15,9945.0,10111.0,9695.0,9987.0,232000,False,2026-05-09/2026-05-15
SBG,2026-05-18,2026-05-22,10028.0,10361.0,9779.0,10361.0,607800,False,2026-05-16/2026-05-22
SBG,2026-05-25,2026-05-29,10319.0,10652.0,10070.0,10569.0,834700,False,2026-05-23/2026-05-29
SBG,2026-06-01,2026-06-05,10528.0,10860.0,10403.0,10652.0,1103600,False,2026-05-30/2026-06-05
SBG,2026-06-08,2026-06-12,10569.0,11318.0,10486.0,11193.0,1279200,False,2026-06-06/2026-06-12
SBG,2026-06-15,2026-06-19,11235.0,12816.0,11152.0,12442.0,1776100,False,2026-06-13/2026-06-19
SBG,2026-06-22,2026-06-26,12566.0,12800.0,12150.0,12400.0,1592500,False,2026-06-20/2026-06-26
SBG,2026-06-29,2026-07-03,12300.0,12350.0,11600.0,11850.0,747200,False,2026-06-27/2026-07-03
SBG,2026-07-06,2026-07-10,11800.0,12100.0,11600.0,11850.0,637300,False,2026-07-04/2026-07-10
SBG,2026-07-13,2026-07-17,11800.0,12450.0,11700.0,12350.0,645800,False,2026-07-11/2026-07-17
SBG,2026-07-20,2026-07-24,12350.0,12400.0,11400.0,11600.0,465700,False,2026-07-18/2026-07-24
SBG,2026-07-27,2026-07-31,11850.0,12100.0,11400.0,11900.0,350000,False,2026-07-25/2026-07-31
SBG,2026-08-03,2026-08-07,12000.0,12150.0,11550.0,12000.0,437000,False,2026-08-01/2026-08-07
SBG,2026-08-10,2026-08-14,12000.0,12650.0,11750.0,12450.0,987100,False,2026-08-08/2026-08-14
SBG,2026-08-17,2026-08-21,12350.0,14100.0,12350.0,14100.0,2166400,False,2026-08-15/2026-08-21
SBG,2026-08-24,2026-08-28,14200.0,14250.0,13300.0,14150.0,2157700,False,2026-08-22/2026-08-28
SBG,2026-08-31,2026-09-04,14050.0,14350.0,13950.0,14150.0,710300,False,2026-08-29/2026-09-04
SBG,2026-09-07,2026-09-11,14150.0,14550.0,13600.0,13700.0,1401000,False,2026-09-05/2026-09-11
SBG,2026-09-14,2026-09-18,13650.0,14100.0,13500.0,13750.0,1099300,False,2026-09-12/2026-09-18
SBG,2026-09-21,2026-09-25,13600.0,14300.0,13550.0,14100.0,1424400,False,2026-09-19/2026-09-25
SBG,2026-09-28,2026-10-02,14050.0,14650.0,13.95,13.95,912500,False,2026-09-26/2026-10-02
SBT,2026-03-30,2026-04-03,21499.0,21499.0,20509.0,20650.0,2972800,False,2026-03-28/2026-04-03
SBT,2026-04-06,2026-04-10,20650.0,20697.0,20367.0,20603.0,2234200,False,2026-04-04/2026-04-10
SBT,2026-04-13,2026-04-17,20603.0,20650.0,20414.0,20650.0,2265200,False,2026-04-11/2026-04-17
SBT,2026-04-20,2026-04-24,20650.0,20650.0,20050.0,20500.0,2454600,False,2026-04-18/2026-04-24
SBT,2026-04-27,2026-05-01,20500.0,20500.0,20350.0,20350.0,908900,False,2026-04-25/2026-05-01
SBT,2026-05-04,2026-05-08,20350.0,20450.0,20100.0,20400.0,2183600,False,2026-05-02/2026-05-08
SBT,2026-05-11,2026-05-15,20400.0,20400.0,20050.0,20200.0,2426800,False,2026-05-09/2026-05-15
SBT,2026-05-18,2026-05-22,20200.0,21900.0,20050.0,21150.0,3440200,False,2026-05-16/2026-05-22
SBT,2026-05-25,2026-05-29,21150.0,21150.0,19700.0,20350.0,3582200,False,2026-05-23/2026-05-29
SBT,2026-06-01,2026-06-05,20350.0,20400.0,19700.0,20300.0,2740000,False,2026-05-30/2026-06-05
SBT,2026-06-08,2026-06-12,20250.0,22000.0,20050.0,21550.0,3281700,False,2026-06-06/2026-06-12
SBT,2026-06-15,2026-06-19,21550.0,21900.0,21000.0,21550.0,3023100,False,2026-06-13/2026-06-19
SBT,2026-06-22,2026-06-26,21550.0,21600.0,20650.0,21300.0,2468000,False,2026-06-20/2026-06-26
SBT,2026-06-29,2026-07-03,21300.0,21300.0,20800.0,21250.0,2479000,False,2026-06-27/2026-07-03
SBT,2026-07-06,2026-07-10,21250.0,21300.0,21000.0,21300.0,2636900,False,2026-07-04/2026-07-10
SBT,2026-07-13,2026-07-17,21300.0,21300.0,20800.0,20900.0,3536100,False,2026-07-11/2026-07-17
SBT,2026-07-20,2026-07-24,20900.0,20900.0,20500.0,20750.0,3109400,False,2026-07-18/2026-07-24
SBT,2026-07-27,2026-07-31,20750.0,21400.0,20450.0,21250.0,2849100,False,2026-07-25/2026-07-31
SBT,2026-08-03,2026-08-07,21250.0,21400.0,20500.0,21000.0,2694200,False,2026-08-01/2026-08-07
SBT,2026-08-10,2026-08-14,21000.0,23500.0,20800.0,23300.0,4266900,False,2026-08-08/2026-08-14
SBT,2026-08-17,2026-08-21,23300.0,24000.0,22850.0,23800.0,6596500,False,2026-08-15/2026-08-21
SBT,2026-08-24,2026-08-28,23800.0,24150.0,22450.0,22850.0,6032500,False,2026-08-22/2026-08-28
SBT,2026-08-31,2026-09-04,22850.0,23000.0,22550.0,23000.0,2279500,False,2026-08-29/2026-09-04
SBT,2026-09-07,2026-09-11,23000.0,23450.0,22650.0,22900.0,6003300,False,2026-09-05/2026-09-11
SBT,2026-09-14,2026-09-18,22900.0,23300.0,22550.0,23200.0,6395700,False,2026-09-12/2026-09-18
SBT,2026-09-21,2026-09-25,23200.0,23200.0,22250.0,22750.0,5501600,False,2026-09-19/2026-09-25
SBT,2026-09-28,2026-10-02,22750.0,23300.0,22.75,22.75,3635200,False,2026-09-26/2026-10-02
SCR,2026-03-30,2026-04-03,6150.0,6480.0,6110.0,6220.0,12895800,False,2026-03-28/2026-04-03
SCR,2026-04-06,2026-04-10,6220.0,6380.0,5850.0,6250.0,9638600,False,2026-04-04/2026-04-10
SCR,2026-04-13,2026-04-17,6210.0,6430.0,6160.0,6230.0,10928100,False,2026-04-11/2026-04-17
SCR,2026-04-20,2026-04-24,6230.0,6270.0,5970.0,6030.0,7636000,False,2026-04-18/2026-04-24
SCR,2026-04-27,2026-05-01,6040.0,6100.0,5930.0,6050.0,2966400,False,2026-04-25/2026-05-01
SCR,2026-05-04,2026-05-08,6100.0,6200.0,5710.0,5710.0,10117300,False,2026-05-02/2026-05-08
SCR,2026-05-11,2026-05-15,5770.0,5810.0,5580.0,5650.0,7032500,False,2026-05-09/2026-05-15
SCR,2026-05-18,2026-05-22,5620.0,5660.0,5210.0,5350.0,7916800,False,2026-05-16/2026-05-22
SCR,2026-05-25,2026-05-29,5330.0,5520.0,5280.0,5280.0,5853900,False,2026-05-23/2026-05-29
SCR,2026-06-01,2026-06-05,5390.0,5450.0,5160.0,5170.0,7158600,False,2026-05-30/2026-06-05
SCR,2026-06-08,2026-06-12,5130.0,5240.0,5020.0,5150.0,5092800,False,2026-06-06/2026-06-12
SCR,2026-06-15,2026-06-19,5250.0,5350.0,5160.0,5210.0,6134200,False,2026-06-13/2026-06-19
SCR,2026-06-22,2026-06-26,5200.0,5210.0,5030.0,5070.0,4818800,False,2026-06-20/2026-06-26
SCR,2026-06-29,2026-07-03,5050.0,5180.0,4910.0,5000.0,5891400,False,2026-06-27/2026-07-03
SCR,2026-07-06,2026-07-10,5000.0,5260.0,4840.0,5260.0,8692900,False,2026-07-04/2026-07-10
SCR,2026-07-13,2026-07-17,5380.0,5480.0,4860.0,5000.0,9920200,False,2026-07-11/2026-07-17
SCR,2026-07-20,2026-07-24,5000.0,5000.0,4500.0,4620.0,6971600,False,2026-07-18/2026-07-24
SCR,2026-07-27,2026-07-31,4620.0,4730.0,4400.0,4570.0,6322900,False,2026-07-25/2026-07-31
SCR,2026-08-03,2026-08-07,4570.0,4730.0,4500.0,4550.0,5609200,False,2026-08-01/2026-08-07
SCR,2026-08-10,2026-08-14,4570.0,4690.0,4500.0,4500.0,5220000,False,2026-08-08/2026-08-14
SCR,2026-08-17,2026-08-21,4530.0,4590.0,4400.0,4550.0,4727100,False,2026-08-15/2026-08-21
SCR,2026-08-24,2026-08-28,4550.0,4750.0,4490.0,4570.0,5621100,False,2026-08-22/2026-08-28
SCR,2026-08-31,2026-09-04,4570.0,4570.0,4480.0,4510.0,1093500,False,2026-08-29/2026-09-04
SCR,2026-09-07,2026-09-11,4500.0,4530.0,4230.0,4230.0,5630500,False,2026-09-05/2026-09-11
SCR,2026-09-14,2026-09-18,4110.0,4230.0,4060.0,4180.0,3735900,False,2026-09-12/2026-09-18
SCR,2026-09-21,2026-09-25,4140.0,4240.0,3990.0,3990.0,3177800,False,2026-09-19/2026-09-25
SCR,2026-09-28,2026-10-02,3960.0,4030.0,3.9,3.91,4550600,False,2026-09-26/2026-10-02
SCS,2026-03-30,2026-04-03,50841.0,52166.0,50178.0,51030.0,945200,False,2026-03-28/2026-04-03
SCS,2026-04-06,2026-04-10,51030.0,52071.0,50083.0,51598.0,669300,False,2026-04-04/2026-04-10
SCS,2026-04-13,2026-04-17,51030.0,51693.0,50746.0,51125.0,579200,False,2026-04-11/2026-04-17
SCS,2026-04-20,2026-04-24,51598.0,51598.0,49610.0,49894.0,705300,False,2026-04-18/2026-04-24
SCS,2026-04-27,2026-05-01,50367.0,50367.0,49231.0,49704.0,204200,False,2026-04-25/2026-05-01
SCS,2026-05-04,2026-05-08,50178.0,50273.0,48379.0,49042.0,579200,False,2026-05-02/2026-05-08
SCS,2026-05-11,2026-05-15,49136.0,50178.0,49042.0,49610.0,505000,False,2026-05-09/2026-05-15
SCS,2026-05-18,2026-05-22,49610.0,50557.0,48568.0,49042.0,594900,False,2026-05-16/2026-05-22
SCS,2026-05-25,2026-05-29,49231.0,49420.0,48095.0,48379.0,704900,False,2026-05-23/2026-05-29
SCS,2026-06-01,2026-06-05,48474.0,48758.0,48000.0,48379.0,398400,False,2026-05-30/2026-06-05
SCS,2026-06-08,2026-06-12,48379.0,48379.0,47196.0,47290.0,675100,False,2026-06-06/2026-06-12
SCS,2026-06-15,2026-06-19,48000.0,48568.0,47338.0,47622.0,735300,False,2026-06-13/2026-06-19
SCS,2026-06-22,2026-06-26,47716.0,48000.0,45728.0,45728.0,940300,False,2026-06-20/2026-06-26
SCS,2026-06-29,2026-07-03,45775.0,47243.0,45775.0,46628.0,369100,False,2026-06-27/2026-07-03
SCS,2026-07-06,2026-07-10,46770.0,46959.0,45917.0,45917.0,437100,False,2026-07-04/2026-07-10
SCS,2026-07-13,2026-07-17,45917.0,46391.0,45349.0,45633.0,752400,False,2026-07-11/2026-07-17
SCS,2026-07-20,2026-07-24,46344.0,46344.0,43000.0,43500.0,821000,False,2026-07-18/2026-07-24
SCS,2026-07-27,2026-07-31,43500.0,43800.0,42000.0,43400.0,636500,False,2026-07-25/2026-07-31
SCS,2026-08-03,2026-08-07,43400.0,46000.0,43400.0,45000.0,598300,False,2026-08-01/2026-08-07
SCS,2026-08-10,2026-08-14,45000.0,46450.0,45000.0,45450.0,467800,False,2026-08-08/2026-08-14
SCS,2026-08-17,2026-08-21,45450.0,45900.0,44800.0,45500.0,379000,False,2026-08-15/2026-08-21
SCS,2026-08-24,2026-08-28,46300.0,46300.0,44450.0,44450.0,539800,False,2026-08-22/2026-08-28
SCS,2026-08-31,2026-09-04,44450.0,44500.0,44000.0,44050.0,197100,False,2026-08-29/2026-09-04
SCS,2026-09-07,2026-09-11,44100.0,44200.0,42750.0,42750.0,489500,False,2026-09-05/2026-09-11
SCS,2026-09-14,2026-09-18,42750.0,44950.0,42650.0,44800.0,448800,False,2026-09-12/2026-09-18
SCS,2026-09-21,2026-09-25,44800.0,44950.0,44100.0,44300.0,306100,False,2026-09-19/2026-09-25
SCS,2026-09-28,2026-10-02,44300.0,44600.0,43.85,43.85,224100,False,2026-09-26/2026-10-02
SGR,2026-03-30,2026-04-03,12520.0,13522.0,12353.0,13146.0,811500,False,2026-03-28/2026-04-03
SGR,2026-04-06,2026-04-10,12604.0,13564.0,12604.0,13271.0,967100,False,2026-04-04/2026-04-10
SGR,2026-04-13,2026-04-17,13271.0,13313.0,12979.0,13146.0,483700,False,2026-04-11/2026-04-17
SGR,2026-04-20,2026-04-24,13063.0,13104.0,12478.0,12687.0,675400,False,2026-04-18/2026-04-24
SGR,2026-04-27,2026-05-01,12687.0,12729.0,12520.0,12687.0,143100,False,2026-04-25/2026-05-01
SGR,2026-05-04,2026-05-08,12645.0,13355.0,12562.0,12729.0,1247900,False,2026-05-02/2026-05-08
SGR,2026-05-11,2026-05-15,12645.0,12687.0,12061.0,12103.0,766900,False,2026-05-09/2026-05-15
SGR,2026-05-18,2026-05-22,12061.0,12186.0,11226.0,11894.0,553000,False,2026-05-16/2026-05-22
SGR,2026-05-25,2026-05-29,11936.0,12311.0,11727.0,11936.0,320600,False,2026-05-23/2026-05-29
SGR,2026-06-01,2026-06-05,11936.0,11978.0,11310.0,11602.0,326900,False,2026-05-30/2026-06-05
SGR,2026-06-08,2026-06-12,11393.0,11644.0,10851.0,11310.0,537400,False,2026-06-06/2026-06-12
SGR,2026-06-15,2026-06-19,11226.0,11352.0,10893.0,11101.0,486400,False,2026-06-13/2026-06-19
SGR,2026-06-22,2026-06-26,11101.0,11143.0,10350.0,10559.0,526600,False,2026-06-20/2026-06-26
SGR,2026-06-29,2026-07-03,10559.0,11602.0,10433.0,11602.0,1013900,False,2026-06-27/2026-07-03
SGR,2026-07-06,2026-07-10,11560.0,11560.0,10684.0,11018.0,225300,False,2026-07-04/2026-07-10
SGR,2026-07-13,2026-07-17,10893.0,10893.0,10058.0,10642.0,282000,False,2026-07-11/2026-07-17
SGR,2026-07-20,2026-07-24,10225.0,10600.0,9557.0,10225.0,519700,False,2026-07-18/2026-07-24
SGR,2026-07-27,2026-07-31,9849.0,10100.0,9641.0,9849.0,250700,False,2026-07-25/2026-07-31
SGR,2026-08-03,2026-08-07,9807.0,10100.0,9682.0,9933.0,428000,False,2026-08-01/2026-08-07
SGR,2026-08-10,2026-08-14,9933.0,10600.0,9933.0,10400.0,456200,False,2026-08-08/2026-08-14
SGR,2026-08-17,2026-08-21,10200.0,10450.0,9760.0,10200.0,256800,False,2026-08-15/2026-08-21
SGR,2026-08-24,2026-08-28,10200.0,10350.0,10000.0,10000.0,311000,False,2026-08-22/2026-08-28
SGR,2026-08-31,2026-09-04,10000.0,10050.0,9830.0,10000.0,66700,False,2026-08-29/2026-09-04
SGR,2026-09-07,2026-09-11,10100.0,10100.0,9760.0,9990.0,97900,False,2026-09-05/2026-09-11
SGR,2026-09-14,2026-09-18,9970.0,10400.0,9400.0,10300.0,308300,False,2026-09-12/2026-09-18
SGR,2026-09-21,2026-09-25,10350.0,10950.0,10000.0,10600.0,254000,False,2026-09-19/2026-09-25
SGR,2026-09-28,2026-10-02,10450.0,10750.0,10.4,10.7,178200,False,2026-09-26/2026-10-02
SHB,2026-03-30,2026-04-03,14995.0,15439.0,14400.0,14900.0,424345300,False,2026-03-28/2026-04-03
SHB,2026-04-06,2026-04-10,14800.0,15550.0,14450.0,15400.0,359528600,False,2026-04-04/2026-04-10
SHB,2026-04-13,2026-04-17,15200.0,15550.0,14800.0,15300.0,489128400,False,2026-04-11/2026-04-17
SHB,2026-04-20,2026-04-24,15200.0,15400.0,14600.0,14750.0,285856100,False,2026-04-18/2026-04-24
SHB,2026-04-27,2026-05-01,14750.0,14750.0,14350.0,14550.0,93215400,False,2026-04-25/2026-05-01
SHB,2026-05-04,2026-05-08,14650.0,14650.0,14000.0,14250.0,286310000,False,2026-05-02/2026-05-08
SHB,2026-05-11,2026-05-15,14250.0,14250.0,13900.0,13900.0,201632500,False,2026-05-09/2026-05-15
SHB,2026-05-18,2026-05-22,13850.0,13900.0,13100.0,13550.0,274826000,False,2026-05-16/2026-05-22
SHB,2026-05-25,2026-05-29,13450.0,14050.0,13450.0,13800.0,258280400,False,2026-05-23/2026-05-29
SHB,2026-06-01,2026-06-05,13700.0,14150.0,13500.0,14000.0,264816100,False,2026-05-30/2026-06-05
SHB,2026-06-08,2026-06-12,13850.0,13900.0,13600.0,13800.0,226994000,False,2026-06-06/2026-06-12
SHB,2026-06-15,2026-06-19,13900.0,14100.0,13750.0,13750.0,239115500,False,2026-06-13/2026-06-19
SHB,2026-06-22,2026-06-26,13750.0,13850.0,13500.0,13650.0,222331700,False,2026-06-20/2026-06-26
SHB,2026-06-29,2026-07-03,13700.0,13950.0,13450.0,13650.0,224483900,False,2026-06-27/2026-07-03
SHB,2026-07-06,2026-07-10,13650.0,13700.0,13150.0,13150.0,228482000,False,2026-07-04/2026-07-10
SHB,2026-07-13,2026-07-17,13150.0,13200.0,12450.0,12650.0,220082700,False,2026-07-11/2026-07-17
SHB,2026-07-20,2026-07-24,12550.0,12600.0,11400.0,11800.0,336827300,False,2026-07-18/2026-07-24
SHB,2026-07-27,2026-07-31,11750.0,11800.0,11100.0,11500.0,281565000,False,2026-07-25/2026-07-31
SHB,2026-08-03,2026-08-07,11550.0,11950.0,11500.0,11700.0,250087200,False,2026-08-01/2026-08-07
SHB,2026-08-10,2026-08-14,11750.0,12150.0,11450.0,11750.0,261512900,False,2026-08-08/2026-08-14
SHB,2026-08-17,2026-08-21,11650.0,11950.0,11400.0,11900.0,233591300,False,2026-08-15/2026-08-21
SHB,2026-08-24,2026-08-28,12050.0,12250.0,11850.0,12200.0,257521200,False,2026-08-22/2026-08-28
SHB,2026-08-31,2026-09-04,12050.0,12150.0,11900.0,12050.0,91620800,False,2026-08-29/2026-09-04
SHB,2026-09-07,2026-09-11,12150.0,12150.0,11500.0,11550.0,200980500,False,2026-09-05/2026-09-11
SHB,2026-09-14,2026-09-18,11550.0,11800.0,11300.0,11800.0,242863200,False,2026-09-12/2026-09-18
SHB,2026-09-21,2026-09-25,11750.0,11800.0,11450.0,11600.0,157470600,False,2026-09-19/2026-09-25
SHB,2026-09-28,2026-10-02,11600.0,11600.0,11.3,11.45,94585600,False,2026-09-26/2026-10-02
SHI,2026-03-30,2026-04-03,14000.0,14500.0,13950.0,14250.0,1998200,False,2026-03-28/2026-04-03
SHI,2026-04-06,2026-04-10,14000.0,14450.0,13950.0,14300.0,1583600,False,2026-04-04/2026-04-10
SHI,2026-04-13,2026-04-17,14200.0,14500.0,14150.0,14400.0,1355800,False,2026-04-11/2026-04-17
SHI,2026-04-20,2026-04-24,14500.0,14500.0,13950.0,14200.0,1256000,False,2026-04-18/2026-04-24
SHI,2026-04-27,2026-05-01,14100.0,14200.0,14100.0,14150.0,630800,False,2026-04-25/2026-05-01
SHI,2026-05-04,2026-05-08,14150.0,14350.0,14100.0,14250.0,2895400,False,2026-05-02/2026-05-08
SHI,2026-05-11,2026-05-15,14200.0,15000.0,14200.0,14600.0,1778000,False,2026-05-09/2026-05-15
SHI,2026-05-18,2026-05-22,14350.0,14950.0,14050.0,14200.0,852200,False,2026-05-16/2026-05-22
SHI,2026-05-25,2026-05-29,14050.0,14100.0,14000.0,14100.0,1381100,False,2026-05-23/2026-05-29
SHI,2026-06-01,2026-06-05,14050.0,14400.0,13800.0,14100.0,1459600,False,2026-05-30/2026-06-05
SHI,2026-06-08,2026-06-12,13950.0,14100.0,13600.0,13900.0,901700,False,2026-06-06/2026-06-12
SHI,2026-06-15,2026-06-19,13800.0,14450.0,13650.0,14100.0,738400,False,2026-06-13/2026-06-19
SHI,2026-06-22,2026-06-26,14050.0,14400.0,13950.0,14250.0,833800,False,2026-06-20/2026-06-26
SHI,2026-06-29,2026-07-03,14100.0,14450.0,13900.0,14100.0,553600,False,2026-06-27/2026-07-03
SHI,2026-07-06,2026-07-10,13850.0,14450.0,13850.0,14100.0,1043600,False,2026-07-04/2026-07-10
SHI,2026-07-13,2026-07-17,14800.0,14800.0,13800.0,14000.0,547800,False,2026-07-11/2026-07-17
SHI,2026-07-20,2026-07-24,14100.0,14450.0,13800.0,14000.0,581300,False,2026-07-18/2026-07-24
SHI,2026-07-27,2026-07-31,14050.0,14250.0,13900.0,14000.0,691500,False,2026-07-25/2026-07-31
SHI,2026-08-03,2026-08-07,14000.0,14250.0,13850.0,14000.0,958700,False,2026-08-01/2026-08-07
SHI,2026-08-10,2026-08-14,14000.0,14000.0,13800.0,14000.0,1225200,False,2026-08-08/2026-08-14
SHI,2026-08-17,2026-08-21,14000.0,14700.0,13950.0,14000.0,1845000,False,2026-08-15/2026-08-21
SHI,2026-08-24,2026-08-28,13950.0,14200.0,13950.0,14100.0,944100,False,2026-08-22/2026-08-28
SHI,2026-08-31,2026-09-04,14050.0,14200.0,14050.0,14150.0,290500,False,2026-08-29/2026-09-04
SHI,2026-09-07,2026-09-11,14150.0,14900.0,14100.0,14550.0,1338100,False,2026-09-05/2026-09-11
SHI,2026-09-14,2026-09-18,14850.0,14850.0,14250.0,14450.0,1304300,False,2026-09-12/2026-09-18
SHI,2026-09-21,2026-09-25,14250.0,14650.0,13400.0,14000.0,1359500,False,2026-09-19/2026-09-25
SHI,2026-09-28,2026-10-02,13750.0,14150.0,13.75,14.0,330100,False,2026-09-26/2026-10-02
SIP,2026-03-30,2026-04-03,53136.0,57797.0,53136.0,55373.0,1748900,False,2026-03-28/2026-04-03
SIP,2026-04-06,2026-04-10,55373.0,57610.0,54347.0,56678.0,1384600,False,2026-04-04/2026-04-10
SIP,2026-04-13,2026-04-17,56492.0,58263.0,56212.0,57703.0,1101400,False,2026-04-11/2026-04-17
SIP,2026-04-20,2026-04-24,57703.0,57703.0,53695.0,56212.0,1505300,False,2026-04-18/2026-04-24
SIP,2026-04-27,2026-05-01,56212.0,56585.0,55093.0,56585.0,272900,False,2026-04-25/2026-05-01
SIP,2026-05-04,2026-05-08,56585.0,56585.0,54254.0,54627.0,1391500,False,2026-05-02/2026-05-08
SIP,2026-05-11,2026-05-15,55280.0,55800.0,53800.0,54000.0,1738400,False,2026-05-09/2026-05-15
SIP,2026-05-18,2026-05-22,53200.0,53700.0,50000.0,52000.0,1234400,False,2026-05-16/2026-05-22
SIP,2026-05-25,2026-05-29,52000.0,52500.0,51000.0,51700.0,814600,False,2026-05-23/2026-05-29
SIP,2026-06-01,2026-06-05,52000.0,52200.0,50600.0,51000.0,793600,False,2026-05-30/2026-06-05
SIP,2026-06-08,2026-06-12,50900.0,52500.0,49550.0,52000.0,1258100,False,2026-06-06/2026-06-12
SIP,2026-06-15,2026-06-19,52000.0,52500.0,50800.0,51300.0,1479200,False,2026-06-13/2026-06-19
SIP,2026-06-22,2026-06-26,51400.0,51400.0,49950.0,50100.0,410400,False,2026-06-20/2026-06-26
SIP,2026-06-29,2026-07-03,50100.0,50700.0,49800.0,49950.0,514100,False,2026-06-27/2026-07-03
SIP,2026-07-06,2026-07-10,50200.0,50200.0,49350.0,49600.0,285200,False,2026-07-04/2026-07-10
SIP,2026-07-13,2026-07-17,49600.0,49650.0,47900.0,48450.0,342000,False,2026-07-11/2026-07-17
SIP,2026-07-20,2026-07-24,48500.0,48500.0,46100.0,46700.0,479600,False,2026-07-18/2026-07-24
SIP,2026-07-27,2026-07-31,46700.0,48700.0,46200.0,48100.0,390000,False,2026-07-25/2026-07-31
SIP,2026-08-03,2026-08-07,48550.0,51700.0,48550.0,50900.0,674400,False,2026-08-01/2026-08-07
SIP,2026-08-10,2026-08-14,51000.0,51600.0,50000.0,50000.0,335400,False,2026-08-08/2026-08-14
SIP,2026-08-17,2026-08-21,49700.0,50400.0,48800.0,49900.0,511900,False,2026-08-15/2026-08-21
SIP,2026-08-24,2026-08-28,50000.0,50500.0,49350.0,49450.0,348500,False,2026-08-22/2026-08-28
SIP,2026-08-31,2026-09-04,49450.0,49800.0,48900.0,48900.0,205300,False,2026-08-29/2026-09-04
SIP,2026-09-07,2026-09-11,49000.0,49450.0,48500.0,48500.0,278500,False,2026-09-05/2026-09-11
SIP,2026-09-14,2026-09-18,48600.0,50200.0,45150.0,49500.0,413300,False,2026-09-12/2026-09-18
SIP,2026-09-21,2026-09-25,49500.0,51100.0,49500.0,50000.0,278600,False,2026-09-19/2026-09-25
SIP,2026-09-28,2026-10-02,49400.0,49900.0,49.05,49.1,225900,False,2026-09-26/2026-10-02
SKG,2026-03-30,2026-04-03,8646.0,8920.0,8504.0,8646.0,362900,False,2026-03-28/2026-04-03
SKG,2026-04-06,2026-04-10,8778.0,8826.0,8504.0,8826.0,321600,False,2026-04-04/2026-04-10
SKG,2026-04-13,2026-04-17,8693.0,8845.0,8542.0,8788.0,266200,False,2026-04-11/2026-04-17
SKG,2026-04-20,2026-04-24,8788.0,9109.0,8788.0,9071.0,469400,False,2026-04-18/2026-04-24
SKG,2026-04-27,2026-05-01,9071.0,9071.0,8788.0,9024.0,163200,False,2026-04-25/2026-05-01
SKG,2026-05-04,2026-05-08,9024.0,9166.0,8977.0,9071.0,499100,False,2026-05-02/2026-05-08
SKG,2026-05-11,2026-05-15,9119.0,9119.0,8684.0,8835.0,274300,False,2026-05-09/2026-05-15
SKG,2026-05-18,2026-05-22,8788.0,8882.0,8552.0,8693.0,376300,False,2026-05-16/2026-05-22
SKG,2026-05-25,2026-05-29,8967.0,8967.0,8580.0,8684.0,178900,False,2026-05-23/2026-05-29
SKG,2026-06-01,2026-06-05,8788.0,8788.0,8315.0,8523.0,570200,False,2026-05-30/2026-06-05
SKG,2026-06-08,2026-06-12,8410.0,8637.0,8325.0,8580.0,245000,False,2026-06-06/2026-06-12
SKG,2026-06-15,2026-06-19,8610.0,8800.0,8610.0,8660.0,201700,False,2026-06-13/2026-06-19
SKG,2026-06-22,2026-06-26,8630.0,8730.0,8250.0,8340.0,301600,False,2026-06-20/2026-06-26
SKG,2026-06-29,2026-07-03,8340.0,8420.0,8000.0,8310.0,198900,False,2026-06-27/2026-07-03
SKG,2026-07-06,2026-07-10,8300.0,8450.0,8290.0,8390.0,160700,False,2026-07-04/2026-07-10
SKG,2026-07-13,2026-07-17,8380.0,8380.0,8030.0,8050.0,91500,False,2026-07-11/2026-07-17
SKG,2026-07-20,2026-07-24,8150.0,8160.0,7750.0,7840.0,219800,False,2026-07-18/2026-07-24
SKG,2026-07-27,2026-07-31,7840.0,7890.0,7460.0,7590.0,210900,False,2026-07-25/2026-07-31
SKG,2026-08-03,2026-08-07,7590.0,7730.0,7500.0,7550.0,447400,False,2026-08-01/2026-08-07
SKG,2026-08-10,2026-08-14,7550.0,7740.0,7500.0,7550.0,384900,False,2026-08-08/2026-08-14
SKG,2026-08-17,2026-08-21,7620.0,7800.0,7440.0,7800.0,275100,False,2026-08-15/2026-08-21
SKG,2026-08-24,2026-08-28,7800.0,7860.0,7600.0,7740.0,230100,False,2026-08-22/2026-08-28
SKG,2026-08-31,2026-09-04,7550.0,7700.0,7550.0,7650.0,45300,False,2026-08-29/2026-09-04
SKG,2026-09-07,2026-09-11,7600.0,7770.0,7420.0,7420.0,226500,False,2026-09-05/2026-09-11
SKG,2026-09-14,2026-09-18,7430.0,7550.0,7310.0,7310.0,95300,False,2026-09-12/2026-09-18
SKG,2026-09-21,2026-09-25,7310.0,7400.0,7010.0,7290.0,266200,False,2026-09-19/2026-09-25
SKG,2026-09-28,2026-10-02,7290.0,7300.0,7.19,7.2,69200,False,2026-09-26/2026-10-02
SMC,2026-03-30,2026-04-03,11200.0,13350.0,11050.0,12600.0,5004100,False,2026-03-28/2026-04-03
SMC,2026-04-06,2026-04-10,12600.0,13350.0,11950.0,13350.0,1999000,False,2026-04-04/2026-04-10
SMC,2026-04-13,2026-04-17,13000.0,14250.0,13000.0,13250.0,2145900,False,2026-04-11/2026-04-17
SMC,2026-04-20,2026-04-24,13400.0,13700.0,12650.0,13000.0,1621800,False,2026-04-18/2026-04-24
SMC,2026-04-27,2026-05-01,13000.0,13000.0,12550.0,12700.0,509900,False,2026-04-25/2026-05-01
SMC,2026-05-04,2026-05-08,12900.0,13100.0,12000.0,12150.0,1160300,False,2026-05-02/2026-05-08
SMC,2026-05-11,2026-05-15,12300.0,12300.0,11550.0,11700.0,1452400,False,2026-05-09/2026-05-15
SMC,2026-05-18,2026-05-22,11500.0,11800.0,10900.0,11600.0,1254500,False,2026-05-16/2026-05-22
SMC,2026-05-25,2026-05-29,11250.0,11700.0,11100.0,11150.0,1007100,False,2026-05-23/2026-05-29
SMC,2026-06-01,2026-06-05,11200.0,11400.0,10750.0,10750.0,1022400,False,2026-05-30/2026-06-05
SMC,2026-06-08,2026-06-12,10600.0,10800.0,10550.0,10700.0,956700,False,2026-06-06/2026-06-12
SMC,2026-06-15,2026-06-19,10750.0,11000.0,10550.0,10600.0,1500200,False,2026-06-13/2026-06-19
SMC,2026-06-22,2026-06-26,10600.0,10700.0,10150.0,10650.0,1843700,False,2026-06-20/2026-06-26
SMC,2026-06-29,2026-07-03,10700.0,10900.0,10500.0,10600.0,1143600,False,2026-06-27/2026-07-03
SMC,2026-07-06,2026-07-10,10600.0,10650.0,10300.0,10300.0,969300,False,2026-07-04/2026-07-10
SMC,2026-07-13,2026-07-17,10300.0,10300.0,9880.0,9900.0,1738100,False,2026-07-11/2026-07-17
SMC,2026-07-20,2026-07-24,9900.0,10150.0,9200.0,10150.0,1063300,False,2026-07-18/2026-07-24
SMC,2026-07-27,2026-07-31,9650.0,11200.0,9600.0,11000.0,579500,False,2026-07-25/2026-07-31
SMC,2026-08-03,2026-08-07,10450.0,11150.0,10450.0,10750.0,366700,False,2026-08-01/2026-08-07
SMC,2026-08-10,2026-08-14,10800.0,11000.0,9980.0,10350.0,480900,False,2026-08-08/2026-08-14
SMC,2026-08-17,2026-08-21,10200.0,10350.0,9910.0,10050.0,301700,False,2026-08-15/2026-08-21
SMC,2026-08-24,2026-08-28,10150.0,10750.0,9630.0,10300.0,708600,False,2026-08-22/2026-08-28
SMC,2026-08-31,2026-09-04,9700.0,10100.0,9700.0,10050.0,116700,False,2026-08-29/2026-09-04
SMC,2026-09-07,2026-09-11,10000.0,10400.0,9850.0,10000.0,489500,False,2026-09-05/2026-09-11
SMC,2026-09-14,2026-09-18,10000.0,10100.0,9760.0,10000.0,290400,False,2026-09-12/2026-09-18
SMC,2026-09-21,2026-09-25,10000.0,10050.0,9700.0,10050.0,297800,False,2026-09-19/2026-09-25
SMC,2026-09-28,2026-10-02,9800.0,10100.0,9.83,10.05,219600,False,2026-09-26/2026-10-02
SSB,2026-03-30,2026-04-03,13979.0,14145.0,13772.0,13937.0,9144500,False,2026-03-28/2026-04-03
SSB,2026-04-06,2026-04-10,13937.0,14394.0,13813.0,14228.0,9656500,False,2026-04-04/2026-04-10
SSB,2026-04-13,2026-04-17,14062.0,14228.0,13730.0,13979.0,10233700,False,2026-04-11/2026-04-17
SSB,2026-04-20,2026-04-24,13937.0,14020.0,13689.0,13813.0,10295700,False,2026-04-18/2026-04-24
SSB,2026-04-27,2026-05-01,13813.0,13854.0,13689.0,13854.0,3224800,False,2026-04-25/2026-05-01
SSB,2026-05-04,2026-05-08,13854.0,14020.0,13730.0,13937.0,9549900,False,2026-05-02/2026-05-08
SSB,2026-05-11,2026-05-15,13896.0,13937.0,13689.0,13689.0,9815900,False,2026-05-09/2026-05-15
SSB,2026-05-18,2026-05-22,13730.0,13854.0,13564.0,13854.0,9746700,False,2026-05-16/2026-05-22
SSB,2026-05-25,2026-05-29,13854.0,14950.0,13854.0,14000.0,12164400,False,2026-05-23/2026-05-29
SSB,2026-06-01,2026-06-05,14000.0,14500.0,13950.0,14350.0,15181600,False,2026-05-30/2026-06-05
SSB,2026-06-08,2026-06-12,14350.0,14700.0,14100.0,14550.0,11607800,False,2026-06-06/2026-06-12
SSB,2026-06-15,2026-06-19,14650.0,14900.0,14500.0,14900.0,11171000,False,2026-06-13/2026-06-19
SSB,2026-06-22,2026-06-26,14850.0,16250.0,14750.0,16100.0,12732800,False,2026-06-20/2026-06-26
SSB,2026-06-29,2026-07-03,16350.0,16550.0,15700.0,16500.0,12569100,False,2026-06-27/2026-07-03
SSB,2026-07-06,2026-07-10,16500.0,16500.0,15650.0,16250.0,11356900,False,2026-07-04/2026-07-10
SSB,2026-07-13,2026-07-17,16200.0,16250.0,15250.0,15950.0,11091000,False,2026-07-11/2026-07-17
SSB,2026-07-20,2026-07-24,15900.0,15900.0,15050.0,15400.0,11573600,False,2026-07-18/2026-07-24
SSB,2026-07-27,2026-07-31,15450.0,15650.0,14950.0,15550.0,10326600,False,2026-07-25/2026-07-31
SSB,2026-08-03,2026-08-07,15550.0,15550.0,15050.0,15050.0,10723700,False,2026-08-01/2026-08-07
SSB,2026-08-10,2026-08-14,15050.0,15550.0,14800.0,15050.0,10373300,False,2026-08-08/2026-08-14
SSB,2026-08-17,2026-08-21,15050.0,15300.0,14750.0,15300.0,11181500,False,2026-08-15/2026-08-21
SSB,2026-08-24,2026-08-28,15500.0,17100.0,15200.0,17100.0,13645700,False,2026-08-22/2026-08-28
SSB,2026-08-31,2026-09-04,17150.0,18350.0,17100.0,17450.0,5270500,False,2026-08-29/2026-09-04
SSB,2026-09-07,2026-09-11,17500.0,18400.0,17100.0,18300.0,10729200,False,2026-09-05/2026-09-11
SSB,2026-09-14,2026-09-18,18500.0,24800.0,18500.0,24100.0,35075500,False,2026-09-12/2026-09-18
SSB,2026-09-21,2026-09-25,24100.0,24100.0,19450.0,19450.0,14974900,False,2026-09-19/2026-09-25
SSB,2026-09-28,2026-10-02,19300.0,19950.0,18.25,18.25,7377800,False,2026-09-26/2026-10-02
SSI,2026-03-30,2026-04-03,21080.0,22800.0,20800.0,21600.0,152991700,False,2026-03-28/2026-04-03
SSI,2026-04-06,2026-04-10,21520.0,23520.0,21400.0,22880.0,153858100,False,2026-04-04/2026-04-10
SSI,2026-04-13,2026-04-17,22560.0,23320.0,22480.0,22840.0,111010900,False,2026-04-11/2026-04-17
SSI,2026-04-20,2026-04-24,22880.0,23360.0,22040.0,22160.0,92976100,False,2026-04-18/2026-04-24
SSI,2026-04-27,2026-05-01,22240.0,22440.0,22120.0,22120.0,22989400,False,2026-04-25/2026-05-01
SSI,2026-05-04,2026-05-08,22280.0,23040.0,21840.0,22640.0,88812200,False,2026-05-02/2026-05-08
SSI,2026-05-11,2026-05-15,22760.0,23040.0,22120.0,22320.0,79232900,False,2026-05-09/2026-05-15
SSI,2026-05-18,2026-05-22,22240.0,23000.0,21200.0,22040.0,117993000,False,2026-05-16/2026-05-22
SSI,2026-05-25,2026-05-29,22200.0,22560.0,21920.0,22000.0,64006200,False,2026-05-23/2026-05-29
SSI,2026-06-01,2026-06-05,22000.0,22360.0,21520.0,21600.0,62778400,False,2026-05-30/2026-06-05
SSI,2026-06-08,2026-06-12,21440.0,21480.0,20920.0,20920.0,61107700,False,2026-06-06/2026-06-12
SSI,2026-06-15,2026-06-19,21360.0,22400.0,21280.0,21720.0,88803600,False,2026-06-13/2026-06-19
SSI,2026-06-22,2026-06-26,21760.0,21960.0,21000.0,21120.0,56043000,False,2026-06-20/2026-06-26
SSI,2026-06-29,2026-07-03,21200.0,22000.0,21200.0,21880.0,66788800,False,2026-06-27/2026-07-03
SSI,2026-07-06,2026-07-10,22000.0,22240.0,21040.0,21240.0,81173900,False,2026-07-04/2026-07-10
SSI,2026-07-13,2026-07-17,21200.0,21200.0,18960.0,19400.0,119364800,False,2026-07-11/2026-07-17
SSI,2026-07-20,2026-07-24,19120.0,19240.0,17760.0,18240.0,141538300,False,2026-07-18/2026-07-24
SSI,2026-07-27,2026-07-31,18440.0,19440.0,17360.0,18840.0,112578800,False,2026-07-25/2026-07-31
SSI,2026-08-03,2026-08-07,19040.0,19880.0,19000.0,19560.0,82982900,False,2026-08-01/2026-08-07
SSI,2026-08-10,2026-08-14,19720.0,20400.0,19440.0,19600.0,120802800,False,2026-08-08/2026-08-14
SSI,2026-08-17,2026-08-21,19800.0,20750.0,19200.0,20750.0,94327500,False,2026-08-15/2026-08-21
SSI,2026-08-24,2026-08-28,21400.0,21750.0,21100.0,21350.0,127320600,False,2026-08-22/2026-08-28
SSI,2026-08-31,2026-09-04,21100.0,21350.0,20900.0,21050.0,33520300,False,2026-08-29/2026-09-04
SSI,2026-09-07,2026-09-11,21100.0,21300.0,20300.0,20300.0,75158100,False,2026-09-05/2026-09-11
SSI,2026-09-14,2026-09-18,20250.0,21650.0,19700.0,21400.0,132238000,False,2026-09-12/2026-09-18
SSI,2026-09-21,2026-09-25,21550.0,21600.0,20600.0,20700.0,95381200,False,2026-09-19/2026-09-25
SSI,2026-09-28,2026-10-02,20700.0,20750.0,20.05,20.1,60366000,False,2026-09-26/2026-10-02
ST8,2026-03-30,2026-04-03,3280.0,3390.0,3160.0,3280.0,353600,False,2026-03-28/2026-04-03
ST8,2026-04-06,2026-04-10,3260.0,3350.0,3260.0,3310.0,306500,False,2026-04-04/2026-04-10
ST8,2026-04-13,2026-04-17,3340.0,3500.0,3250.0,3290.0,561900,False,2026-04-11/2026-04-17
ST8,2026-04-20,2026-04-24,3350.0,3380.0,3280.0,3310.0,435400,False,2026-04-18/2026-04-24
ST8,2026-04-27,2026-05-01,3310.0,3330.0,3250.0,3290.0,171600,False,2026-04-25/2026-05-01
ST8,2026-05-04,2026-05-08,3290.0,3360.0,3080.0,3170.0,278900,False,2026-05-02/2026-05-08
ST8,2026-05-11,2026-05-15,3180.0,3230.0,3120.0,3180.0,190300,False,2026-05-09/2026-05-15
ST8,2026-05-18,2026-05-22,3180.0,3200.0,3000.0,3040.0,525000,False,2026-05-16/2026-05-22
ST8,2026-05-25,2026-05-29,3000.0,3040.0,2930.0,2960.0,466000,False,2026-05-23/2026-05-29
ST8,2026-06-01,2026-06-05,2980.0,3380.0,2930.0,3080.0,1774000,False,2026-05-30/2026-06-05
ST8,2026-06-08,2026-06-12,2950.0,3230.0,2950.0,3110.0,479400,False,2026-06-06/2026-06-12
ST8,2026-06-15,2026-06-19,3170.0,3170.0,3000.0,3090.0,317800,False,2026-06-13/2026-06-19
ST8,2026-06-22,2026-06-26,3090.0,3140.0,2890.0,3020.0,406500,False,2026-06-20/2026-06-26
ST8,2026-06-29,2026-07-03,2920.0,3020.0,2920.0,2990.0,129700,False,2026-06-27/2026-07-03
ST8,2026-07-06,2026-07-10,2990.0,3020.0,2900.0,2960.0,426000,False,2026-07-04/2026-07-10
ST8,2026-07-13,2026-07-17,2990.0,2990.0,2760.0,2810.0,353900,False,2026-07-11/2026-07-17
ST8,2026-07-20,2026-07-24,2800.0,2800.0,2500.0,2590.0,315200,False,2026-07-18/2026-07-24
ST8,2026-07-27,2026-07-31,2530.0,2690.0,2500.0,2590.0,285900,False,2026-07-25/2026-07-31
ST8,2026-08-03,2026-08-07,2580.0,2660.0,2470.0,2570.0,517700,False,2026-08-01/2026-08-07
ST8,2026-08-10,2026-08-14,2580.0,2580.0,2280.0,2290.0,598700,False,2026-08-08/2026-08-14
ST8,2026-08-17,2026-08-21,2300.0,2300.0,2040.0,2170.0,888800,False,2026-08-15/2026-08-21
ST8,2026-08-24,2026-08-28,2170.0,2220.0,2080.0,2110.0,370700,False,2026-08-22/2026-08-28
ST8,2026-08-31,2026-09-04,2090.0,2100.0,2040.0,2070.0,139400,False,2026-08-29/2026-09-04
ST8,2026-09-07,2026-09-11,2070.0,2080.0,1990.0,2000.0,360200,False,2026-09-05/2026-09-11
ST8,2026-09-14,2026-09-18,2000.0,2040.0,1910.0,2010.0,225200,False,2026-09-12/2026-09-18
ST8,2026-09-21,2026-09-25,2010.0,2290.0,1990.0,2280.0,734700,False,2026-09-19/2026-09-25
ST8,2026-09-28,2026-10-02,2300.0,2300.0,2.05,2.06,365000,False,2026-09-26/2026-10-02
STB,2026-03-30,2026-04-03,58900.0,63700.0,58100.0,60800.0,27101300,False,2026-03-28/2026-04-03
STB,2026-04-06,2026-04-10,60800.0,68800.0,59600.0,66900.0,38630500,False,2026-04-04/2026-04-10
STB,2026-04-13,2026-04-17,66300.0,68700.0,63500.0,64000.0,24603900,False,2026-04-11/2026-04-17
STB,2026-04-20,2026-04-24,64500.0,69200.0,64100.0,64900.0,35973700,False,2026-04-18/2026-04-24
STB,2026-04-27,2026-05-01,65900.0,69300.0,65100.0,67500.0,13166300,False,2026-04-25/2026-05-01
STB,2026-05-04,2026-05-08,67600.0,74800.0,65800.0,73500.0,38978500,False,2026-05-02/2026-05-08
STB,2026-05-11,2026-05-15,73000.0,76800.0,71900.0,72900.0,28361500,False,2026-05-09/2026-05-15
STB,2026-05-18,2026-05-22,72900.0,74000.0,70100.0,71200.0,26375100,False,2026-05-16/2026-05-22
STB,2026-05-25,2026-05-29,71200.0,72000.0,68000.0,68000.0,25372800,False,2026-05-23/2026-05-29
STB,2026-06-01,2026-06-05,68400.0,70500.0,66100.0,69800.0,31779600,False,2026-05-30/2026-06-05
STB,2026-06-08,2026-06-12,69200.0,73500.0,68600.0,70900.0,25803700,False,2026-06-06/2026-06-12
STB,2026-06-15,2026-06-19,71100.0,73500.0,70700.0,72300.0,24322500,False,2026-06-13/2026-06-19
STB,2026-06-22,2026-06-26,72200.0,75500.0,70900.0,73700.0,27562800,False,2026-06-20/2026-06-26
STB,2026-06-29,2026-07-03,73900.0,76200.0,72000.0,72000.0,19992800,False,2026-06-27/2026-07-03
STB,2026-07-06,2026-07-10,72300.0,72600.0,70100.0,70100.0,12339500,False,2026-07-04/2026-07-10
STB,2026-07-13,2026-07-17,70300.0,74200.0,68300.0,73500.0,26077400,False,2026-07-11/2026-07-17
STB,2026-07-20,2026-07-24,72700.0,74000.0,69000.0,73500.0,31040000,False,2026-07-18/2026-07-24
STB,2026-07-27,2026-07-31,73500.0,75000.0,71000.0,71300.0,12217000,False,2026-07-25/2026-07-31
STB,2026-08-03,2026-08-07,71800.0,76100.0,71300.0,74600.0,18327300,False,2026-08-01/2026-08-07
STB,2026-08-10,2026-08-14,75000.0,76100.0,72300.0,72300.0,9933900,False,2026-08-08/2026-08-14
STB,2026-08-17,2026-08-21,72500.0,76000.0,72500.0,74700.0,17794400,False,2026-08-15/2026-08-21
STB,2026-08-24,2026-08-28,75200.0,76600.0,73500.0,75500.0,19888700,False,2026-08-22/2026-08-28
STB,2026-08-31,2026-09-04,75200.0,77400.0,74300.0,77300.0,7886600,False,2026-08-29/2026-09-04
STB,2026-09-07,2026-09-11,77500.0,79000.0,75900.0,77300.0,19836700,False,2026-09-05/2026-09-11
STB,2026-09-14,2026-09-18,77300.0,78200.0,75600.0,78200.0,14699200,False,2026-09-12/2026-09-18
STB,2026-09-21,2026-09-25,78000.0,78200.0,76500.0,76500.0,8854500,False,2026-09-19/2026-09-25
STB,2026-09-28,2026-10-02,77100.0,77900.0,73.9,74.0,7321600,False,2026-09-26/2026-10-02
SZC,2026-03-30,2026-04-03,27319.0,28363.0,26655.0,26703.0,2984800,False,2026-03-28/2026-04-03
SZC,2026-04-06,2026-04-10,26750.0,27983.0,25991.0,27367.0,3387800,False,2026-04-04/2026-04-10
SZC,2026-04-13,2026-04-17,27319.0,28410.0,27082.0,27604.0,3729700,False,2026-04-11/2026-04-17
SZC,2026-04-20,2026-04-24,27556.0,27841.0,26086.0,26276.0,2779300,False,2026-04-18/2026-04-24
SZC,2026-04-27,2026-05-01,26276.0,26560.0,25612.0,25802.0,1183500,False,2026-04-25/2026-05-01
SZC,2026-05-04,2026-05-08,25991.0,26276.0,25090.0,25327.0,2798300,False,2026-05-02/2026-05-08
SZC,2026-05-11,2026-05-15,25327.0,25422.0,24331.0,24568.0,3028000,False,2026-05-09/2026-05-15
SZC,2026-05-18,2026-05-22,24568.0,24616.0,23003.0,23430.0,2834400,False,2026-05-16/2026-05-22
SZC,2026-05-25,2026-05-29,23525.0,23952.0,21438.0,21485.0,7029800,False,2026-05-23/2026-05-29
SZC,2026-06-01,2026-06-05,21817.0,22576.0,21391.0,21628.0,2585300,False,2026-05-30/2026-06-05
SZC,2026-06-08,2026-06-12,21438.0,22529.0,21011.0,22387.0,2539700,False,2026-06-06/2026-06-12
SZC,2026-06-15,2026-06-19,22481.0,22956.0,21865.0,21912.0,2525800,False,2026-06-13/2026-06-19
SZC,2026-06-22,2026-06-26,21960.0,22149.0,21153.0,21153.0,1265800,False,2026-06-20/2026-06-26
SZC,2026-06-29,2026-07-03,20964.0,21723.0,20964.0,21059.0,1389500,False,2026-06-27/2026-07-03
SZC,2026-07-06,2026-07-10,21201.0,21201.0,19731.0,19920.0,2113700,False,2026-07-04/2026-07-10
SZC,2026-07-13,2026-07-17,19731.0,19825.0,18782.0,19161.0,1268700,False,2026-07-11/2026-07-17
SZC,2026-07-20,2026-07-24,18403.0,19161.0,16885.0,17454.0,1738900,False,2026-07-18/2026-07-24
SZC,2026-07-27,2026-07-31,17217.0,17454.0,16031.0,16743.0,2121900,False,2026-07-25/2026-07-31
SZC,2026-08-03,2026-08-07,16743.0,18403.0,16743.0,18403.0,2118400,False,2026-08-01/2026-08-07
SZC,2026-08-10,2026-08-14,19351.0,19588.0,18497.0,18497.0,3845300,False,2026-08-08/2026-08-14
SZC,2026-08-17,2026-08-21,18497.0,18972.0,17833.0,18687.0,1949800,False,2026-08-15/2026-08-21
SZC,2026-08-24,2026-08-28,18829.0,19399.0,18545.0,18687.0,2368100,False,2026-08-22/2026-08-28
SZC,2026-08-31,2026-09-04,18687.0,19114.0,18592.0,18829.0,672100,False,2026-08-29/2026-09-04
SZC,2026-09-07,2026-09-11,18972.0,19541.0,18000.0,18000.0,2029000,False,2026-09-05/2026-09-11
SZC,2026-09-14,2026-09-18,18000.0,18050.0,17500.0,17850.0,1306800,False,2026-09-12/2026-09-18
SZC,2026-09-21,2026-09-25,17900.0,18600.0,17550.0,17850.0,1507200,False,2026-09-19/2026-09-25
SZC,2026-09-28,2026-10-02,17900.0,17900.0,17.2,17.3,844200,False,2026-09-26/2026-10-02
TAL,2026-03-30,2026-04-03,31720.0,32603.0,31050.0,31756.0,2170200,False,2026-03-28/2026-04-03
TAL,2026-04-06,2026-04-10,31720.0,32391.0,30732.0,31720.0,1751700,False,2026-04-04/2026-04-10
TAL,2026-04-13,2026-04-17,31544.0,31967.0,30979.0,31156.0,926300,False,2026-04-11/2026-04-17
TAL,2026-04-20,2026-04-24,31262.0,32250.0,29850.0,31967.0,757800,False,2026-04-18/2026-04-24
TAL,2026-04-27,2026-05-01,32109.0,32109.0,31050.0,31826.0,280000,False,2026-04-25/2026-05-01
TAL,2026-05-04,2026-05-08,31826.0,31826.0,29850.0,30697.0,713400,False,2026-05-02/2026-05-08
TAL,2026-05-11,2026-05-15,30662.0,32461.0,29850.0,32426.0,1396400,False,2026-05-09/2026-05-15
TAL,2026-05-18,2026-05-22,33520.0,33520.0,30062.0,31191.0,1140100,False,2026-05-16/2026-05-22
TAL,2026-05-25,2026-05-29,31121.0,32150.0,30500.0,31000.0,1155800,False,2026-05-23/2026-05-29
TAL,2026-06-01,2026-06-05,30750.0,31350.0,28100.0,29600.0,750100,False,2026-05-30/2026-06-05
TAL,2026-06-08,2026-06-12,29350.0,29350.0,27050.0,27550.0,647700,False,2026-06-06/2026-06-12
TAL,2026-06-15,2026-06-19,27700.0,28350.0,25650.0,27300.0,588100,False,2026-06-13/2026-06-19
TAL,2026-06-22,2026-06-26,27300.0,27700.0,26000.0,27000.0,523400,False,2026-06-20/2026-06-26
TAL,2026-06-29,2026-07-03,26350.0,27200.0,25000.0,26500.0,743000,False,2026-06-27/2026-07-03
TAL,2026-07-06,2026-07-10,26350.0,26500.0,23200.0,23200.0,1090000,False,2026-07-04/2026-07-10
TAL,2026-07-13,2026-07-17,23450.0,23450.0,20800.0,21900.0,1279900,False,2026-07-11/2026-07-17
TAL,2026-07-20,2026-07-24,21900.0,22250.0,19500.0,21000.0,1461800,False,2026-07-18/2026-07-24
TAL,2026-07-27,2026-07-31,20300.0,22250.0,19650.0,22250.0,896400,False,2026-07-25/2026-07-31
TAL,2026-08-03,2026-08-07,23250.0,26400.0,23250.0,25050.0,2170700,False,2026-08-01/2026-08-07
TAL,2026-08-10,2026-08-14,25100.0,25500.0,23500.0,23850.0,717000,False,2026-08-08/2026-08-14
TAL,2026-08-17,2026-08-21,23400.0,24300.0,22800.0,24300.0,871000,False,2026-08-15/2026-08-21
TAL,2026-08-24,2026-08-28,24600.0,25300.0,23700.0,24900.0,1373400,False,2026-08-22/2026-08-28
TAL,2026-08-31,2026-09-04,24900.0,24900.0,24000.0,24550.0,196300,False,2026-08-29/2026-09-04
TAL,2026-09-07,2026-09-11,24600.0,24600.0,22150.0,22150.0,366600,False,2026-09-05/2026-09-11
TAL,2026-09-14,2026-09-18,22150.0,22900.0,22000.0,22600.0,472200,False,2026-09-12/2026-09-18
TAL,2026-09-21,2026-09-25,22650.0,23850.0,21800.0,23000.0,1205600,False,2026-09-19/2026-09-25
TAL,2026-09-28,2026-10-02,23850.0,23850.0,22.0,22.8,1760900,False,2026-09-26/2026-10-02
TCB,2026-03-30,2026-04-03,29431.0,30705.0,29138.0,29138.0,40754100,False,2026-03-28/2026-04-03
TCB,2026-04-06,2026-04-10,29089.0,31978.0,27766.0,31586.0,97556000,False,2026-04-04/2026-04-10
TCB,2026-04-13,2026-04-17,30851.0,31880.0,30851.0,31586.0,53827700,False,2026-04-11/2026-04-17
TCB,2026-04-20,2026-04-24,31733.0,33594.0,31684.0,33545.0,75858300,False,2026-04-18/2026-04-24
TCB,2026-04-27,2026-05-01,34279.0,34279.0,32810.0,33153.0,33231800,False,2026-04-25/2026-05-01
TCB,2026-05-04,2026-05-08,33104.0,33496.0,32027.0,33153.0,50337000,False,2026-05-02/2026-05-08
TCB,2026-05-11,2026-05-15,33251.0,34084.0,32859.0,33349.0,64435100,False,2026-05-09/2026-05-15
TCB,2026-05-18,2026-05-22,33300.0,33600.0,31050.0,32200.0,64072200,False,2026-05-16/2026-05-22
TCB,2026-05-25,2026-05-29,32050.0,33700.0,32050.0,32750.0,43490900,False,2026-05-23/2026-05-29
TCB,2026-06-01,2026-06-05,32850.0,32950.0,31450.0,31700.0,38082800,False,2026-05-30/2026-06-05
TCB,2026-06-08,2026-06-12,31500.0,31600.0,30800.0,31250.0,41396600,False,2026-06-06/2026-06-12
TCB,2026-06-15,2026-06-19,31700.0,31950.0,30900.0,30950.0,54094000,False,2026-06-13/2026-06-19
TCB,2026-06-22,2026-06-26,31150.0,33500.0,30900.0,33400.0,83120800,False,2026-06-20/2026-06-26
TCB,2026-06-29,2026-07-03,33300.0,34600.0,33200.0,33600.0,66136300,False,2026-06-27/2026-07-03
TCB,2026-07-06,2026-07-10,33600.0,34200.0,32300.0,32400.0,58583600,False,2026-07-04/2026-07-10
TCB,2026-07-13,2026-07-17,32250.0,32350.0,30750.0,31450.0,60972400,False,2026-07-11/2026-07-17
TCB,2026-07-20,2026-07-24,31400.0,31400.0,28350.0,28600.0,71253000,False,2026-07-18/2026-07-24
TCB,2026-07-27,2026-07-31,28700.0,29750.0,27800.0,28950.0,60572700,False,2026-07-25/2026-07-31
TCB,2026-08-03,2026-08-07,29150.0,30300.0,28900.0,29700.0,68471200,False,2026-08-01/2026-08-07
TCB,2026-08-10,2026-08-14,29700.0,32150.0,29500.0,32000.0,117545100,False,2026-08-08/2026-08-14
TCB,2026-08-17,2026-08-21,31850.0,32050.0,30600.0,31650.0,50265600,False,2026-08-15/2026-08-21
TCB,2026-08-24,2026-08-28,31650.0,35200.0,31000.0,33400.0,124269000,False,2026-08-22/2026-08-28
TCB,2026-08-31,2026-09-04,33100.0,33100.0,32000.0,32600.0,37028000,False,2026-08-29/2026-09-04
TCB,2026-09-07,2026-09-11,32600.0,32700.0,31600.0,31600.0,51223200,False,2026-09-05/2026-09-11
TCB,2026-09-14,2026-09-18,31450.0,33000.0,31400.0,31600.0,58537600,False,2026-09-12/2026-09-18
TCB,2026-09-21,2026-09-25,32000.0,33700.0,31600.0,33250.0,108989500,False,2026-09-19/2026-09-25
TCB,2026-09-28,2026-10-02,33200.0,33250.0,32.3,32.55,53263200,False,2026-09-26/2026-10-02
TCH,2026-03-30,2026-04-03,14749.0,16297.0,14658.0,15022.0,61111200,False,2026-03-28/2026-04-03
TCH,2026-04-06,2026-04-10,14795.0,16206.0,14066.0,15478.0,63020900,False,2026-04-04/2026-04-10
TCH,2026-04-13,2026-04-17,15341.0,16206.0,15250.0,15569.0,56231600,False,2026-04-11/2026-04-17
TCH,2026-04-20,2026-04-24,15569.0,16388.0,14931.0,15933.0,41855700,False,2026-04-18/2026-04-24
TCH,2026-04-27,2026-05-01,15978.0,16661.0,15796.0,16525.0,28018400,False,2026-04-25/2026-05-01
TCH,2026-05-04,2026-05-08,16661.0,16843.0,15113.0,15432.0,49597600,False,2026-05-02/2026-05-08
TCH,2026-05-11,2026-05-15,15478.0,15887.0,15113.0,15296.0,38285200,False,2026-05-09/2026-05-15
TCH,2026-05-18,2026-05-22,15250.0,15341.0,13839.0,14249.0,41549400,False,2026-05-16/2026-05-22
TCH,2026-05-25,2026-05-29,14249.0,14704.0,13702.0,13702.0,21908300,False,2026-05-23/2026-05-29
TCH,2026-06-01,2026-06-05,13884.0,14203.0,13384.0,13475.0,17380200,False,2026-05-30/2026-06-05
TCH,2026-06-08,2026-06-12,13293.0,14112.0,13247.0,13611.0,21629100,False,2026-06-06/2026-06-12
TCH,2026-06-15,2026-06-19,13793.0,14476.0,13475.0,13566.0,27586000,False,2026-06-13/2026-06-19
TCH,2026-06-22,2026-06-26,13657.0,13793.0,12883.0,12974.0,16308700,False,2026-06-20/2026-06-26
TCH,2026-06-29,2026-07-03,12974.0,13429.0,12746.0,13019.0,13836700,False,2026-06-27/2026-07-03
TCH,2026-07-06,2026-07-10,12928.0,12974.0,12246.0,12428.0,18077600,False,2026-07-04/2026-07-10
TCH,2026-07-13,2026-07-17,12382.0,13384.0,11927.0,12246.0,25301000,False,2026-07-11/2026-07-17
TCH,2026-07-20,2026-07-24,12018.0,12018.0,10243.0,10652.0,28567200,False,2026-07-18/2026-07-24
TCH,2026-07-27,2026-07-31,10652.0,10789.0,9605.0,10379.0,24252000,False,2026-07-25/2026-07-31
TCH,2026-08-03,2026-08-07,10561.0,11472.0,10425.0,10743.0,28076800,False,2026-08-01/2026-08-07
TCH,2026-08-10,2026-08-14,10880.0,11381.0,10516.0,10880.0,24864200,False,2026-08-08/2026-08-14
TCH,2026-08-17,2026-08-21,10834.0,11290.0,10470.0,11290.0,24003100,False,2026-08-15/2026-08-21
TCH,2026-08-24,2026-08-28,11472.0,12610.0,11290.0,12200.0,47939500,False,2026-08-22/2026-08-28
TCH,2026-08-31,2026-09-04,12300.0,12400.0,11900.0,12200.0,9150300,False,2026-08-29/2026-09-04
TCH,2026-09-07,2026-09-11,12450.0,12450.0,11500.0,11700.0,24841600,False,2026-09-05/2026-09-11
TCH,2026-09-14,2026-09-18,11500.0,11950.0,11200.0,11850.0,21653800,False,2026-09-12/2026-09-18
TCH,2026-09-21,2026-09-25,11900.0,12100.0,11100.0,11300.0,16803300,False,2026-09-19/2026-09-25
TCH,2026-09-28,2026-10-02,11300.0,11600.0,11.25,11.55,14985900,False,2026-09-26/2026-10-02
TCI,2026-03-30,2026-04-03,8900.0,9250.0,8820.0,9220.0,726600,False,2026-03-28/2026-04-03
TCI,2026-04-06,2026-04-10,9220.0,10550.0,9220.0,10200.0,1702200,False,2026-04-04/2026-04-10
TCI,2026-04-13,2026-04-17,10550.0,10550.0,9950.0,10350.0,735700,False,2026-04-11/2026-04-17
TCI,2026-04-20,2026-04-24,10150.0,11000.0,10150.0,10650.0,1192100,False,2026-04-18/2026-04-24
TCI,2026-04-27,2026-05-01,10650.0,10800.0,10400.0,10450.0,468200,False,2026-04-25/2026-05-01
TCI,2026-05-04,2026-05-08,10400.0,11350.0,10400.0,11100.0,1177200,False,2026-05-02/2026-05-08
TCI,2026-05-11,2026-05-15,11100.0,11550.0,11000.0,11550.0,1233000,False,2026-05-09/2026-05-15
TCI,2026-05-18,2026-05-22,11500.0,11650.0,11100.0,11500.0,1683800,False,2026-05-16/2026-05-22
TCI,2026-05-25,2026-05-29,11300.0,11700.0,11250.0,11400.0,527900,False,2026-05-23/2026-05-29
TCI,2026-06-01,2026-06-05,11450.0,12450.0,11400.0,12100.0,1741100,False,2026-05-30/2026-06-05
TCI,2026-06-08,2026-06-12,11900.0,12800.0,11350.0,12250.0,3018600,False,2026-06-06/2026-06-12
TCI,2026-06-15,2026-06-19,12300.0,12350.0,10300.0,10600.0,2092200,False,2026-06-13/2026-06-19
TCI,2026-06-22,2026-06-26,10600.0,10950.0,10300.0,10500.0,299600,False,2026-06-20/2026-06-26
TCI,2026-06-29,2026-07-03,10500.0,11100.0,9990.0,10450.0,472300,False,2026-06-27/2026-07-03
TCI,2026-07-06,2026-07-10,10400.0,10600.0,10100.0,10400.0,151500,False,2026-07-04/2026-07-10
TCI,2026-07-13,2026-07-17,10000.0,10500.0,10000.0,10200.0,150300,False,2026-07-11/2026-07-17
TCI,2026-07-20,2026-07-24,10100.0,10150.0,8900.0,10000.0,447100,False,2026-07-18/2026-07-24
TCI,2026-07-27,2026-07-31,9900.0,10200.0,9500.0,10100.0,255200,False,2026-07-25/2026-07-31
TCI,2026-08-03,2026-08-07,10100.0,10100.0,9700.0,9900.0,48100,False,2026-08-01/2026-08-07
TCI,2026-08-10,2026-08-14,9900.0,9900.0,9570.0,9570.0,41100,False,2026-08-08/2026-08-14
TCI,2026-08-17,2026-08-21,9570.0,10100.0,9200.0,10000.0,265200,False,2026-08-15/2026-08-21
TCI,2026-08-24,2026-08-28,10100.0,10100.0,9110.0,9750.0,138200,False,2026-08-22/2026-08-28
TCI,2026-08-31,2026-09-04,9600.0,9700.0,9400.0,9650.0,55800,False,2026-08-29/2026-09-04
TCI,2026-09-07,2026-09-11,9650.0,9980.0,9000.0,9600.0,321900,False,2026-09-05/2026-09-11
TCI,2026-09-14,2026-09-18,9600.0,9800.0,9300.0,9700.0,228100,False,2026-09-12/2026-09-18
TCI,2026-09-21,2026-09-25,9700.0,10000.0,9370.0,9910.0,520400,False,2026-09-19/2026-09-25
TCI,2026-09-28,2026-10-02,9800.0,9910.0,9.7,9.89,312500,False,2026-09-26/2026-10-02
TCM,2026-03-30,2026-04-03,21443.0,21723.0,20977.0,21024.0,4675200,False,2026-03-28/2026-04-03
TCM,2026-04-06,2026-04-10,20977.0,21303.0,20371.0,21117.0,5430300,False,2026-04-04/2026-04-10
TCM,2026-04-13,2026-04-17,21070.0,23215.0,20977.0,22003.0,7945600,False,2026-04-11/2026-04-17
TCM,2026-04-20,2026-04-24,22189.0,22282.0,21210.0,21397.0,2914500,False,2026-04-18/2026-04-24
TCM,2026-04-27,2026-05-01,21397.0,21443.0,21024.0,21397.0,1135900,False,2026-04-25/2026-05-01
TCM,2026-05-04,2026-05-08,21723.0,21723.0,21117.0,21350.0,2271000,False,2026-05-02/2026-05-08
TCM,2026-05-11,2026-05-15,21350.0,21536.0,20930.0,21490.0,3966800,False,2026-05-09/2026-05-15
TCM,2026-05-18,2026-05-22,21443.0,21490.0,20791.0,21350.0,3886500,False,2026-05-16/2026-05-22
TCM,2026-05-25,2026-05-29,21600.0,21600.0,20850.0,20850.0,4752800,False,2026-05-23/2026-05-29
TCM,2026-06-01,2026-06-05,20650.0,20950.0,20400.0,20650.0,3330300,False,2026-05-30/2026-06-05
TCM,2026-06-08,2026-06-12,20450.0,20650.0,20050.0,20250.0,3408600,False,2026-06-06/2026-06-12
TCM,2026-06-15,2026-06-19,20150.0,20350.0,20000.0,20150.0,4504800,False,2026-06-13/2026-06-19
TCM,2026-06-22,2026-06-26,20150.0,20250.0,20000.0,20100.0,3879300,False,2026-06-20/2026-06-26
TCM,2026-06-29,2026-07-03,20100.0,20500.0,19900.0,20100.0,4580800,False,2026-06-27/2026-07-03
TCM,2026-07-06,2026-07-10,20100.0,20150.0,19850.0,20050.0,4757100,False,2026-07-04/2026-07-10
TCM,2026-07-13,2026-07-17,20000.0,20050.0,18800.0,18800.0,4924800,False,2026-07-11/2026-07-17
TCM,2026-07-20,2026-07-24,18900.0,18900.0,15200.0,17300.0,8506900,False,2026-07-18/2026-07-24
TCM,2026-07-27,2026-07-31,17000.0,17000.0,16050.0,16600.0,7801300,False,2026-07-25/2026-07-31
TCM,2026-08-03,2026-08-07,16550.0,17100.0,16350.0,16650.0,3515000,False,2026-08-01/2026-08-07
TCM,2026-08-10,2026-08-14,16700.0,16800.0,16300.0,16500.0,3413400,False,2026-08-08/2026-08-14
TCM,2026-08-17,2026-08-21,16500.0,16550.0,16000.0,16500.0,3293400,False,2026-08-15/2026-08-21
TCM,2026-08-24,2026-08-28,16500.0,17900.0,16350.0,17300.0,7595300,False,2026-08-22/2026-08-28
TCM,2026-08-31,2026-09-04,17250.0,17300.0,16800.0,17000.0,1411900,False,2026-08-29/2026-09-04
TCM,2026-09-07,2026-09-11,17000.0,17050.0,16050.0,16600.0,2957500,False,2026-09-05/2026-09-11
TCM,2026-09-14,2026-09-18,16550.0,16550.0,15800.0,16200.0,4621400,False,2026-09-12/2026-09-18
TCM,2026-09-21,2026-09-25,16200.0,16200.0,15300.0,15800.0,4194300,False,2026-09-19/2026-09-25
TCM,2026-09-28,2026-10-02,15800.0,15800.0,15.35,15.5,2552100,False,2026-09-26/2026-10-02
TCO,2026-03-30,2026-04-03,14300.0,14450.0,13250.0,13450.0,3557700,False,2026-03-28/2026-04-03
TCO,2026-04-06,2026-04-10,13350.0,13350.0,11100.0,12700.0,2376300,False,2026-04-04/2026-04-10
TCO,2026-04-13,2026-04-17,12700.0,13850.0,12400.0,13700.0,1151300,False,2026-04-11/2026-04-17
TCO,2026-04-20,2026-04-24,13300.0,14850.0,13200.0,14750.0,2404000,False,2026-04-18/2026-04-24
TCO,2026-04-27,2026-05-01,14700.0,15200.0,14700.0,15150.0,915400,False,2026-04-25/2026-05-01
TCO,2026-05-04,2026-05-08,15000.0,16600.0,15000.0,16600.0,2572500,False,2026-05-02/2026-05-08
TCO,2026-05-11,2026-05-15,16500.0,16500.0,14950.0,15500.0,1689500,False,2026-05-09/2026-05-15
TCO,2026-05-18,2026-05-22,15500.0,15950.0,14600.0,15200.0,1295600,False,2026-05-16/2026-05-22
TCO,2026-05-25,2026-05-29,15200.0,15200.0,13600.0,14100.0,671100,False,2026-05-23/2026-05-29
TCO,2026-06-01,2026-06-05,14400.0,14400.0,12250.0,13050.0,1339700,False,2026-05-30/2026-06-05
TCO,2026-06-08,2026-06-12,13050.0,13050.0,11150.0,11850.0,433200,False,2026-06-06/2026-06-12
TCO,2026-06-15,2026-06-19,11400.0,11950.0,11250.0,11750.0,152300,False,2026-06-13/2026-06-19
TCO,2026-06-22,2026-06-26,11900.0,11900.0,10300.0,11250.0,885600,False,2026-06-20/2026-06-26
TCO,2026-06-29,2026-07-03,11000.0,11300.0,10350.0,10800.0,676800,False,2026-06-27/2026-07-03
TCO,2026-07-06,2026-07-10,10700.0,11050.0,10500.0,10900.0,1573500,False,2026-07-04/2026-07-10
TCO,2026-07-13,2026-07-17,10700.0,11400.0,10450.0,10750.0,1352600,False,2026-07-11/2026-07-17
TCO,2026-07-20,2026-07-24,10750.0,10800.0,10200.0,10600.0,754700,False,2026-07-18/2026-07-24
TCO,2026-07-27,2026-07-31,10450.0,10950.0,10450.0,10700.0,2054300,False,2026-07-25/2026-07-31
TCO,2026-08-03,2026-08-07,10650.0,10800.0,10000.0,10700.0,1703500,False,2026-08-01/2026-08-07
TCO,2026-08-10,2026-08-14,10700.0,10850.0,10300.0,10400.0,625100,False,2026-08-08/2026-08-14
TCO,2026-08-17,2026-08-21,10400.0,11900.0,10400.0,11800.0,2190400,False,2026-08-15/2026-08-21
TCO,2026-08-24,2026-08-28,11800.0,12150.0,11000.0,11250.0,2822600,False,2026-08-22/2026-08-28
TCO,2026-08-31,2026-09-04,11250.0,11250.0,10700.0,10800.0,591700,False,2026-08-29/2026-09-04
TCO,2026-09-07,2026-09-11,11000.0,11150.0,10400.0,10400.0,1044000,False,2026-09-05/2026-09-11
TCO,2026-09-14,2026-09-18,10400.0,11250.0,10350.0,10700.0,3848300,False,2026-09-12/2026-09-18
TCO,2026-09-21,2026-09-25,10850.0,10950.0,10600.0,10700.0,2346600,False,2026-09-19/2026-09-25
TCO,2026-09-28,2026-10-02,10700.0,10800.0,10.55,10.75,837700,False,2026-09-26/2026-10-02
TCX,2026-03-30,2026-04-03,34858.0,36302.0,33896.0,34514.0,9512000,False,2026-03-28/2026-04-03
TCX,2026-04-06,2026-04-10,34652.0,36746.0,32647.0,35843.0,12175400,False,2026-04-04/2026-04-10
TCX,2026-04-13,2026-04-17,35356.0,36954.0,35356.0,35843.0,4347400,False,2026-04-11/2026-04-17
TCX,2026-04-20,2026-04-24,35565.0,36121.0,34870.0,34940.0,6462100,False,2026-04-18/2026-04-24
TCX,2026-04-27,2026-05-01,34940.0,36190.0,34870.0,35148.0,2121000,False,2026-04-25/2026-05-01
TCX,2026-05-04,2026-05-08,35148.0,36051.0,34141.0,35356.0,6042300,False,2026-05-02/2026-05-08
TCX,2026-05-11,2026-05-15,35426.0,36051.0,34453.0,35565.0,4814400,False,2026-05-09/2026-05-15
TCX,2026-05-18,2026-05-22,34870.0,35982.0,34592.0,35426.0,8158700,False,2026-05-16/2026-05-22
TCX,2026-05-25,2026-05-29,35884.0,36510.0,34801.0,35009.0,5894600,False,2026-05-23/2026-05-29
TCX,2026-06-01,2026-06-05,34926.0,34968.0,33092.0,33175.0,5544800,False,2026-05-30/2026-06-05
TCX,2026-06-08,2026-06-12,32925.0,33092.0,31675.0,31758.0,4000000,False,2026-06-06/2026-06-12
TCX,2026-06-15,2026-06-19,32425.0,36510.0,32133.0,35801.0,12383600,False,2026-06-13/2026-06-19
TCX,2026-06-22,2026-06-26,35718.0,38593.0,35176.0,37510.0,13107900,False,2026-06-20/2026-06-26
TCX,2026-06-29,2026-07-03,37301.0,38510.0,36426.0,37510.0,9033500,False,2026-06-27/2026-07-03
TCX,2026-07-06,2026-07-10,37343.0,37677.0,35093.0,35176.0,10545700,False,2026-07-04/2026-07-10
TCX,2026-07-13,2026-07-17,34926.0,36260.0,33592.0,35926.0,10213200,False,2026-07-11/2026-07-17
TCX,2026-07-20,2026-07-24,35843.0,35926.0,32675.0,32675.0,7407900,False,2026-07-18/2026-07-24
TCX,2026-07-27,2026-07-31,32925.0,34176.0,30425.0,34176.0,7819700,False,2026-07-25/2026-07-31
TCX,2026-08-03,2026-08-07,33842.0,34509.0,32717.0,32759.0,8364500,False,2026-08-01/2026-08-07
TCX,2026-08-10,2026-08-14,33009.0,34176.0,32509.0,32634.0,9249800,False,2026-08-08/2026-08-14
TCX,2026-08-17,2026-08-21,32634.0,34426.0,32342.0,34176.0,7299200,False,2026-08-15/2026-08-21
TCX,2026-08-24,2026-08-28,34509.0,35426.0,33425.0,34009.0,11162800,False,2026-08-22/2026-08-28
TCX,2026-08-31,2026-09-04,33592.0,33842.0,32842.0,33676.0,5643200,False,2026-08-29/2026-09-04
TCX,2026-09-07,2026-09-11,33300.0,33676.0,31758.0,31758.0,10267500,False,2026-09-05/2026-09-11
TCX,2026-09-14,2026-09-18,31342.0,32900.0,31133.0,31500.0,12550400,False,2026-09-12/2026-09-18
TCX,2026-09-21,2026-09-25,32150.0,32150.0,29900.0,29950.0,10805900,False,2026-09-19/2026-09-25
TCX,2026-09-28,2026-10-02,29950.0,29950.0,29.15,29.15,6590400,False,2026-09-26/2026-10-02
TDC,2026-03-30,2026-04-03,10057.0,10150.0,9919.0,10104.0,734700,False,2026-03-28/2026-04-03
TDC,2026-04-06,2026-04-10,10104.0,10519.0,9919.0,10196.0,639200,False,2026-04-04/2026-04-10
TDC,2026-04-13,2026-04-17,10196.0,10288.0,10057.0,10150.0,722400,False,2026-04-11/2026-04-17
TDC,2026-04-20,2026-04-24,10104.0,10242.0,9965.0,10104.0,817600,False,2026-04-18/2026-04-24
TDC,2026-04-27,2026-05-01,10104.0,10242.0,10057.0,10150.0,259000,False,2026-04-25/2026-05-01
TDC,2026-05-04,2026-05-08,10104.0,10196.0,9965.0,10150.0,774200,False,2026-05-02/2026-05-08
TDC,2026-05-11,2026-05-15,10150.0,10150.0,9965.0,10104.0,391000,False,2026-05-09/2026-05-15
TDC,2026-05-18,2026-05-22,10011.0,10104.0,9688.0,10011.0,823500,False,2026-05-16/2026-05-22
TDC,2026-05-25,2026-05-29,9827.0,10011.0,9688.0,9873.0,467600,False,2026-05-23/2026-05-29
TDC,2026-06-01,2026-06-05,9873.0,9873.0,9458.0,9550.0,146300,False,2026-05-30/2026-06-05
TDC,2026-06-08,2026-06-12,9504.0,9873.0,9365.0,9642.0,472900,False,2026-06-06/2026-06-12
TDC,2026-06-15,2026-06-19,9642.0,9735.0,9227.0,9642.0,363700,False,2026-06-13/2026-06-19
TDC,2026-06-22,2026-06-26,9642.0,9688.0,9365.0,9550.0,368200,False,2026-06-20/2026-06-26
TDC,2026-06-29,2026-07-03,9250.0,9530.0,8800.0,9200.0,319400,False,2026-06-27/2026-07-03
TDC,2026-07-06,2026-07-10,9130.0,9200.0,8930.0,9000.0,235500,False,2026-07-04/2026-07-10
TDC,2026-07-13,2026-07-17,9100.0,9100.0,7060.0,7300.0,3620300,False,2026-07-11/2026-07-17
TDC,2026-07-20,2026-07-24,7500.0,7500.0,6690.0,7130.0,1782500,False,2026-07-18/2026-07-24
TDC,2026-07-27,2026-07-31,7130.0,7130.0,6700.0,7070.0,1229700,False,2026-07-25/2026-07-31
TDC,2026-08-03,2026-08-07,7070.0,7550.0,7000.0,7250.0,727800,False,2026-08-01/2026-08-07
TDC,2026-08-10,2026-08-14,7360.0,7800.0,7300.0,7480.0,776200,False,2026-08-08/2026-08-14
TDC,2026-08-17,2026-08-21,7250.0,7900.0,7040.0,7300.0,365200,False,2026-08-15/2026-08-21
TDC,2026-08-24,2026-08-28,7300.0,7390.0,6850.0,7200.0,307100,False,2026-08-22/2026-08-28
TDC,2026-08-31,2026-09-04,7240.0,7240.0,7140.0,7170.0,49000,False,2026-08-29/2026-09-04
TDC,2026-09-07,2026-09-11,7170.0,7210.0,6930.0,6930.0,195500,False,2026-09-05/2026-09-11
TDC,2026-09-14,2026-09-18,6930.0,7060.0,6400.0,6820.0,176200,False,2026-09-12/2026-09-18
TDC,2026-09-21,2026-09-25,6890.0,6890.0,6270.0,6450.0,449200,False,2026-09-19/2026-09-25
TDC,2026-09-28,2026-10-02,6440.0,6450.0,6.2,6.37,304400,False,2026-09-26/2026-10-02
TDH,2026-03-30,2026-04-03,3700.0,3840.0,3560.0,3640.0,211300,False,2026-03-28/2026-04-03
TDH,2026-04-06,2026-04-10,3620.0,3810.0,3600.0,3690.0,259100,False,2026-04-04/2026-04-10
TDH,2026-04-13,2026-04-17,3690.0,3780.0,3640.0,3730.0,244900,False,2026-04-11/2026-04-17
TDH,2026-04-20,2026-04-24,3730.0,4550.0,3690.0,4550.0,2397900,False,2026-04-18/2026-04-24
TDH,2026-04-27,2026-05-01,4660.0,4690.0,4310.0,4510.0,1176700,False,2026-04-25/2026-05-01
TDH,2026-05-04,2026-05-08,4510.0,4750.0,3950.0,4110.0,1299300,False,2026-05-02/2026-05-08
TDH,2026-05-11,2026-05-15,4120.0,4230.0,3870.0,3870.0,445500,False,2026-05-09/2026-05-15
TDH,2026-05-18,2026-05-22,3870.0,4040.0,3790.0,3840.0,516400,False,2026-05-16/2026-05-22
TDH,2026-05-25,2026-05-29,3850.0,3870.0,3700.0,3710.0,292800,False,2026-05-23/2026-05-29
TDH,2026-06-01,2026-06-05,3710.0,3980.0,3710.0,3730.0,882900,False,2026-05-30/2026-06-05
TDH,2026-06-08,2026-06-12,3680.0,3880.0,3680.0,3790.0,267600,False,2026-06-06/2026-06-12
TDH,2026-06-15,2026-06-19,3890.0,3890.0,3750.0,3790.0,189300,False,2026-06-13/2026-06-19
TDH,2026-06-22,2026-06-26,3770.0,3820.0,3530.0,3680.0,313500,False,2026-06-20/2026-06-26
TDH,2026-06-29,2026-07-03,3570.0,3700.0,3560.0,3650.0,168500,False,2026-06-27/2026-07-03
TDH,2026-07-06,2026-07-10,3610.0,3700.0,3530.0,3640.0,228100,False,2026-07-04/2026-07-10
TDH,2026-07-13,2026-07-17,3550.0,3650.0,3400.0,3410.0,158800,False,2026-07-11/2026-07-17
TDH,2026-07-20,2026-07-24,3410.0,3470.0,3260.0,3270.0,161500,False,2026-07-18/2026-07-24
TDH,2026-07-27,2026-07-31,3270.0,3360.0,3000.0,3180.0,269000,False,2026-07-25/2026-07-31
TDH,2026-08-03,2026-08-07,3160.0,3490.0,3150.0,3370.0,158400,False,2026-08-01/2026-08-07
TDH,2026-08-10,2026-08-14,3300.0,3490.0,3300.0,3410.0,414800,False,2026-08-08/2026-08-14
TDH,2026-08-17,2026-08-21,3390.0,3440.0,3160.0,3340.0,177800,False,2026-08-15/2026-08-21
TDH,2026-08-24,2026-08-28,3230.0,3390.0,3200.0,3290.0,169600,False,2026-08-22/2026-08-28
TDH,2026-08-31,2026-09-04,3300.0,3390.0,3230.0,3300.0,276400,False,2026-08-29/2026-09-04
TDH,2026-09-07,2026-09-11,3300.0,3380.0,3020.0,3100.0,125000,False,2026-09-05/2026-09-11
TDH,2026-09-14,2026-09-18,3100.0,3240.0,3050.0,3150.0,58000,False,2026-09-12/2026-09-18
TDH,2026-09-21,2026-09-25,3140.0,3300.0,3030.0,3030.0,129700,False,2026-09-19/2026-09-25
TDH,2026-09-28,2026-10-02,3130.0,3130.0,2.91,2.97,204200,False,2026-09-26/2026-10-02
TDP,2026-03-30,2026-04-03,26345.0,28616.0,26345.0,26799.0,1654700,False,2026-03-28/2026-04-03
TDP,2026-04-06,2026-04-10,26617.0,28525.0,26481.0,26754.0,1352500,False,2026-04-04/2026-04-10
TDP,2026-04-13,2026-04-17,26799.0,27707.0,25981.0,26890.0,1305400,False,2026-04-11/2026-04-17
TDP,2026-04-20,2026-04-24,26799.0,26799.0,26072.0,26754.0,1545900,False,2026-04-18/2026-04-24
TDP,2026-04-27,2026-05-01,26617.0,27072.0,26436.0,27072.0,982500,False,2026-04-25/2026-05-01
TDP,2026-05-04,2026-05-08,27435.0,28025.0,25527.0,26754.0,1190300,False,2026-05-02/2026-05-08
TDP,2026-05-11,2026-05-15,25663.0,27253.0,25663.0,26526.0,828900,False,2026-05-09/2026-05-15
TDP,2026-05-18,2026-05-22,26345.0,27526.0,25527.0,26708.0,747600,False,2026-05-16/2026-05-22
TDP,2026-05-25,2026-05-29,26708.0,26708.0,25754.0,25981.0,505200,False,2026-05-23/2026-05-29
TDP,2026-06-01,2026-06-05,25981.0,26163.0,25891.0,25981.0,695800,False,2026-05-30/2026-06-05
TDP,2026-06-08,2026-06-12,25981.0,26345.0,25845.0,26345.0,632200,False,2026-06-06/2026-06-12
TDP,2026-06-15,2026-06-19,26345.0,27707.0,25891.0,26436.0,713800,False,2026-06-13/2026-06-19
TDP,2026-06-22,2026-06-26,25073.0,26526.0,24982.0,26163.0,739000,False,2026-06-20/2026-06-26
TDP,2026-06-29,2026-07-03,25981.0,26163.0,25709.0,25981.0,639200,False,2026-06-27/2026-07-03
TDP,2026-07-06,2026-07-10,25981.0,26799.0,25300.0,25891.0,878100,False,2026-07-04/2026-07-10
TDP,2026-07-13,2026-07-17,26345.0,26345.0,25663.0,26072.0,1034300,False,2026-07-11/2026-07-17
TDP,2026-07-20,2026-07-24,26072.0,26163.0,25073.0,25073.0,1114600,False,2026-07-18/2026-07-24
TDP,2026-07-27,2026-07-31,25073.0,25709.0,25073.0,25436.0,1470100,False,2026-07-25/2026-07-31
TDP,2026-08-03,2026-08-07,25436.0,26072.0,25436.0,25891.0,1085100,False,2026-08-01/2026-08-07
TDP,2026-08-10,2026-08-14,25800.0,27980.0,25482.0,27162.0,1246100,False,2026-08-08/2026-08-14
TDP,2026-08-17,2026-08-21,26345.0,29070.0,26345.0,28116.0,1482100,False,2026-08-15/2026-08-21
TDP,2026-08-24,2026-08-28,28116.0,29797.0,27526.0,28616.0,1458900,False,2026-08-22/2026-08-28
TDP,2026-08-31,2026-09-04,29888.0,30160.0,28616.0,30024.0,605900,False,2026-08-29/2026-09-04
TDP,2026-09-07,2026-09-11,28934.0,31432.0,28934.0,30705.0,1175800,False,2026-09-05/2026-09-11
TDP,2026-09-14,2026-09-18,30705.0,31750.0,27800.0,29800.0,971300,False,2026-09-12/2026-09-18
TDP,2026-09-21,2026-09-25,29250.0,29250.0,26300.0,27300.0,1913000,False,2026-09-19/2026-09-25
TDP,2026-09-28,2026-10-02,27300.0,27850.0,27.45,27.5,1224800,False,2026-09-26/2026-10-02
TEG,2026-03-30,2026-04-03,6000.0,6200.0,5900.0,5960.0,28400,False,2026-03-28/2026-04-03
TEG,2026-04-06,2026-04-10,5910.0,6180.0,5900.0,6080.0,44100,False,2026-04-04/2026-04-10
TEG,2026-04-13,2026-04-17,6050.0,6050.0,5810.0,5910.0,201500,False,2026-04-11/2026-04-17
TEG,2026-04-20,2026-04-24,5900.0,5980.0,5820.0,5860.0,120800,False,2026-04-18/2026-04-24
TEG,2026-04-27,2026-05-01,5830.0,5830.0,5700.0,5770.0,21500,False,2026-04-25/2026-05-01
TEG,2026-05-04,2026-05-08,5770.0,6930.0,5770.0,6530.0,782400,False,2026-05-02/2026-05-08
TEG,2026-05-11,2026-05-15,6690.0,6730.0,6210.0,6460.0,299500,False,2026-05-09/2026-05-15
TEG,2026-05-18,2026-05-22,6460.0,6500.0,6250.0,6370.0,116000,False,2026-05-16/2026-05-22
TEG,2026-05-25,2026-05-29,6370.0,6450.0,6330.0,6330.0,92000,False,2026-05-23/2026-05-29
TEG,2026-06-01,2026-06-05,6340.0,6410.0,6010.0,6200.0,70300,False,2026-05-30/2026-06-05
TEG,2026-06-08,2026-06-12,6060.0,6490.0,5910.0,5980.0,280000,False,2026-06-06/2026-06-12
TEG,2026-06-15,2026-06-19,5980.0,6190.0,5770.0,5950.0,80200,False,2026-06-13/2026-06-19
TEG,2026-06-22,2026-06-26,6010.0,6300.0,5710.0,5710.0,81500,False,2026-06-20/2026-06-26
TEG,2026-06-29,2026-07-03,6000.0,6000.0,5860.0,5990.0,808700,False,2026-06-27/2026-07-03
TEG,2026-07-06,2026-07-10,5810.0,6000.0,5630.0,5900.0,53300,False,2026-07-04/2026-07-10
TEG,2026-07-13,2026-07-17,5900.0,6150.0,5600.0,5800.0,29200,False,2026-07-11/2026-07-17
TEG,2026-07-20,2026-07-24,5900.0,6050.0,5510.0,5910.0,244300,False,2026-07-18/2026-07-24
TEG,2026-07-27,2026-07-31,6100.0,6100.0,5700.0,5950.0,66900,False,2026-07-25/2026-07-31
TEG,2026-08-03,2026-08-07,5990.0,6200.0,5620.0,5900.0,57300,False,2026-08-01/2026-08-07
TEG,2026-08-10,2026-08-14,6100.0,6100.0,5900.0,6000.0,269800,False,2026-08-08/2026-08-14
TEG,2026-08-17,2026-08-21,6000.0,6280.0,5850.0,6250.0,339100,False,2026-08-15/2026-08-21
TEG,2026-08-24,2026-08-28,6250.0,6480.0,5910.0,6000.0,89300,False,2026-08-22/2026-08-28
TEG,2026-08-31,2026-09-04,5710.0,6190.0,5590.0,6020.0,73500,False,2026-08-29/2026-09-04
TEG,2026-09-07,2026-09-11,6020.0,6050.0,5800.0,5950.0,223100,False,2026-09-05/2026-09-11
TEG,2026-09-14,2026-09-18,5990.0,6000.0,5700.0,5940.0,950900,False,2026-09-12/2026-09-18
TEG,2026-09-21,2026-09-25,6000.0,6050.0,5620.0,5800.0,1690100,False,2026-09-19/2026-09-25
TEG,2026-09-28,2026-10-02,5760.0,5800.0,5.71,5.75,67300,False,2026-09-26/2026-10-02
TLD,2026-03-30,2026-04-03,8350.0,8410.0,8200.0,8260.0,1067700,False,2026-03-28/2026-04-03
TLD,2026-04-06,2026-04-10,8260.0,8380.0,8250.0,8310.0,847700,False,2026-04-04/2026-04-10
TLD,2026-04-13,2026-04-17,8300.0,8380.0,8260.0,8370.0,974200,False,2026-04-11/2026-04-17
TLD,2026-04-20,2026-04-24,8370.0,8380.0,8280.0,8350.0,1217500,False,2026-04-18/2026-04-24
TLD,2026-04-27,2026-05-01,8340.0,8410.0,8320.0,8400.0,543600,False,2026-04-25/2026-05-01
TLD,2026-05-04,2026-05-08,8390.0,8700.0,8260.0,8450.0,2444200,False,2026-05-02/2026-05-08
TLD,2026-05-11,2026-05-15,8430.0,8500.0,8350.0,8400.0,1326000,False,2026-05-09/2026-05-15
TLD,2026-05-18,2026-05-22,8410.0,8480.0,8350.0,8470.0,1201600,False,2026-05-16/2026-05-22
TLD,2026-05-25,2026-05-29,8470.0,8520.0,8420.0,8500.0,1110800,False,2026-05-23/2026-05-29
TLD,2026-06-01,2026-06-05,8500.0,8580.0,8480.0,8580.0,1096300,False,2026-05-30/2026-06-05
TLD,2026-06-08,2026-06-12,8550.0,8580.0,8460.0,8520.0,1004500,False,2026-06-06/2026-06-12
TLD,2026-06-15,2026-06-19,8520.0,8560.0,8500.0,8550.0,733000,False,2026-06-13/2026-06-19
TLD,2026-06-22,2026-06-26,8550.0,8650.0,8470.0,8470.0,1579300,False,2026-06-20/2026-06-26
TLD,2026-06-29,2026-07-03,8470.0,8540.0,8400.0,8500.0,973500,False,2026-06-27/2026-07-03
TLD,2026-07-06,2026-07-10,8500.0,8520.0,8450.0,8480.0,571900,False,2026-07-04/2026-07-10
TLD,2026-07-13,2026-07-17,8480.0,8480.0,8380.0,8420.0,2797000,False,2026-07-11/2026-07-17
TLD,2026-07-20,2026-07-24,8410.0,8430.0,8300.0,8410.0,854600,False,2026-07-18/2026-07-24
TLD,2026-07-27,2026-07-31,8400.0,8400.0,8100.0,8380.0,977200,False,2026-07-25/2026-07-31
TLD,2026-08-03,2026-08-07,8350.0,8370.0,8260.0,8350.0,609200,False,2026-08-01/2026-08-07
TLD,2026-08-10,2026-08-14,8320.0,8360.0,8300.0,8350.0,423000,False,2026-08-08/2026-08-14
TLD,2026-08-17,2026-08-21,8350.0,8360.0,8300.0,8340.0,180700,False,2026-08-15/2026-08-21
TLD,2026-08-24,2026-08-28,8320.0,8330.0,7850.0,8280.0,268400,False,2026-08-22/2026-08-28
TLD,2026-08-31,2026-09-04,8280.0,8280.0,8100.0,8280.0,52300,False,2026-08-29/2026-09-04
TLD,2026-09-07,2026-09-11,8250.0,8280.0,8100.0,8200.0,2279800,False,2026-09-05/2026-09-11
TLD,2026-09-14,2026-09-18,8200.0,8200.0,8100.0,8170.0,611400,False,2026-09-12/2026-09-18
TLD,2026-09-21,2026-09-25,8170.0,8200.0,7660.0,8100.0,1017900,False,2026-09-19/2026-09-25
TLD,2026-09-28,2026-10-02,8100.0,8100.0,8.0,8.07,447300,False,2026-09-26/2026-10-02
TLG,2026-03-30,2026-04-03,47413.0,48001.0,46923.0,47462.0,680800,False,2026-03-28/2026-04-03
TLG,2026-04-06,2026-04-10,47413.0,49666.0,47021.0,49372.0,719800,False,2026-04-04/2026-04-10
TLG,2026-04-13,2026-04-17,48785.0,52409.0,48393.0,49764.0,2080700,False,2026-04-11/2026-04-17
TLG,2026-04-20,2026-04-24,49666.0,50744.0,47707.0,49079.0,1282300,False,2026-04-18/2026-04-24
TLG,2026-04-27,2026-05-01,48981.0,49177.0,48344.0,48981.0,132300,False,2026-04-25/2026-05-01
TLG,2026-05-04,2026-05-08,48981.0,50548.0,48834.0,49666.0,556200,False,2026-05-02/2026-05-08
TLG,2026-05-11,2026-05-15,49960.0,49960.0,48687.0,48981.0,378400,False,2026-05-09/2026-05-15
TLG,2026-05-18,2026-05-22,48981.0,49177.0,47805.0,48099.0,378700,False,2026-05-16/2026-05-22
TLG,2026-05-25,2026-05-29,48883.0,48883.0,47462.0,48050.0,484900,False,2026-05-23/2026-05-29
TLG,2026-06-01,2026-06-05,48393.0,48393.0,47413.0,47609.0,281800,False,2026-05-30/2026-06-05
TLG,2026-06-08,2026-06-12,47511.0,47756.0,47070.0,47070.0,254100,False,2026-06-06/2026-06-12
TLG,2026-06-15,2026-06-19,47070.0,48001.0,47070.0,47511.0,229500,False,2026-06-13/2026-06-19
TLG,2026-06-22,2026-06-26,47511.0,48932.0,47511.0,48295.0,379600,False,2026-06-20/2026-06-26
TLG,2026-06-29,2026-07-03,48393.0,51332.0,47021.0,48589.0,833300,False,2026-06-27/2026-07-03
TLG,2026-07-06,2026-07-10,48589.0,48883.0,47609.0,47707.0,308900,False,2026-07-04/2026-07-10
TLG,2026-07-13,2026-07-17,48344.0,48700.0,47300.0,47300.0,230500,False,2026-07-11/2026-07-17
TLG,2026-07-20,2026-07-24,47300.0,47900.0,45300.0,46100.0,443500,False,2026-07-18/2026-07-24
TLG,2026-07-27,2026-07-31,46100.0,48600.0,45600.0,48100.0,479300,False,2026-07-25/2026-07-31
TLG,2026-08-03,2026-08-07,49000.0,49500.0,48200.0,48650.0,513700,False,2026-08-01/2026-08-07
TLG,2026-08-10,2026-08-14,49150.0,54200.0,48950.0,51800.0,1383300,False,2026-08-08/2026-08-14
TLG,2026-08-17,2026-08-21,51500.0,52900.0,51000.0,52600.0,625400,False,2026-08-15/2026-08-21
TLG,2026-08-24,2026-08-28,52800.0,53400.0,51500.0,52800.0,775300,False,2026-08-22/2026-08-28
TLG,2026-08-31,2026-09-04,52100.0,52500.0,51500.0,51500.0,158400,False,2026-08-29/2026-09-04
TLG,2026-09-07,2026-09-11,52200.0,52300.0,49000.0,49800.0,600500,False,2026-09-05/2026-09-11
TLG,2026-09-14,2026-09-18,49800.0,55000.0,49100.0,54300.0,1332000,False,2026-09-12/2026-09-18
TLG,2026-09-21,2026-09-25,54800.0,55300.0,52500.0,53000.0,1644200,False,2026-09-19/2026-09-25
TLG,2026-09-28,2026-10-02,53000.0,53000.0,52.4,52.9,362400,False,2026-09-26/2026-10-02
TLH,2026-03-30,2026-04-03,4500.0,4680.0,4480.0,4510.0,1036500,False,2026-03-28/2026-04-03
TLH,2026-04-06,2026-04-10,4510.0,4680.0,4400.0,4590.0,891800,False,2026-04-04/2026-04-10
TLH,2026-04-13,2026-04-17,4590.0,5050.0,4530.0,4810.0,1697500,False,2026-04-11/2026-04-17
TLH,2026-04-20,2026-04-24,4770.0,4900.0,4610.0,4700.0,861100,False,2026-04-18/2026-04-24
TLH,2026-04-27,2026-05-01,4700.0,4750.0,4650.0,4660.0,271300,False,2026-04-25/2026-05-01
TLH,2026-05-04,2026-05-08,4740.0,4740.0,4340.0,4640.0,753400,False,2026-05-02/2026-05-08
TLH,2026-05-11,2026-05-15,4600.0,4700.0,4550.0,4570.0,769800,False,2026-05-09/2026-05-15
TLH,2026-05-18,2026-05-22,4580.0,4700.0,4430.0,4650.0,807800,False,2026-05-16/2026-05-22
TLH,2026-05-25,2026-05-29,4650.0,4650.0,4410.0,4500.0,943600,False,2026-05-23/2026-05-29
TLH,2026-06-01,2026-06-05,4500.0,4800.0,4440.0,4470.0,652800,False,2026-05-30/2026-06-05
TLH,2026-06-08,2026-06-12,4470.0,4470.0,4300.0,4390.0,762500,False,2026-06-06/2026-06-12
TLH,2026-06-15,2026-06-19,4500.0,4550.0,4410.0,4420.0,683200,False,2026-06-13/2026-06-19
TLH,2026-06-22,2026-06-26,4420.0,4500.0,4320.0,4370.0,616400,False,2026-06-20/2026-06-26
TLH,2026-06-29,2026-07-03,4370.0,4490.0,4310.0,4390.0,615900,False,2026-06-27/2026-07-03
TLH,2026-07-06,2026-07-10,4390.0,4400.0,4350.0,4360.0,737800,False,2026-07-04/2026-07-10
TLH,2026-07-13,2026-07-17,4360.0,4360.0,4020.0,4160.0,758700,False,2026-07-11/2026-07-17
TLH,2026-07-20,2026-07-24,4200.0,4200.0,3750.0,3920.0,650000,False,2026-07-18/2026-07-24
TLH,2026-07-27,2026-07-31,3920.0,4050.0,3700.0,3930.0,576200,False,2026-07-25/2026-07-31
TLH,2026-08-03,2026-08-07,3930.0,4200.0,3930.0,3990.0,824600,False,2026-08-01/2026-08-07
TLH,2026-08-10,2026-08-14,3990.0,4200.0,3920.0,3970.0,528200,False,2026-08-08/2026-08-14
TLH,2026-08-17,2026-08-21,3970.0,4000.0,3900.0,3940.0,527200,False,2026-08-15/2026-08-21
TLH,2026-08-24,2026-08-28,3940.0,4000.0,3900.0,3950.0,485600,False,2026-08-22/2026-08-28
TLH,2026-08-31,2026-09-04,3950.0,3950.0,3750.0,3900.0,229400,False,2026-08-29/2026-09-04
TLH,2026-09-07,2026-09-11,3900.0,3920.0,3650.0,3660.0,523300,False,2026-09-05/2026-09-11
TLH,2026-09-14,2026-09-18,3700.0,3700.0,3520.0,3560.0,519700,False,2026-09-12/2026-09-18
TLH,2026-09-21,2026-09-25,3560.0,3590.0,3330.0,3440.0,611800,False,2026-09-19/2026-09-25
TLH,2026-09-28,2026-10-02,3350.0,3430.0,2.96,3.07,470700,False,2026-09-26/2026-10-02
TNH,2026-03-30,2026-04-03,10100.0,10250.0,9990.0,10050.0,389400,False,2026-03-28/2026-04-03
TNH,2026-04-06,2026-04-10,10150.0,10250.0,9990.0,10050.0,496200,False,2026-04-04/2026-04-10
TNH,2026-04-13,2026-04-17,10050.0,10650.0,10050.0,10250.0,595300,False,2026-04-11/2026-04-17
TNH,2026-04-20,2026-04-24,10050.0,10450.0,10050.0,10100.0,920800,False,2026-04-18/2026-04-24
TNH,2026-04-27,2026-05-01,10000.0,10100.0,9990.0,10100.0,297600,False,2026-04-25/2026-05-01
TNH,2026-05-04,2026-05-08,10000.0,10200.0,9990.0,10100.0,561900,False,2026-05-02/2026-05-08
TNH,2026-05-11,2026-05-15,10450.0,10450.0,9950.0,9980.0,897500,False,2026-05-09/2026-05-15
TNH,2026-05-18,2026-05-22,9980.0,10000.0,9670.0,9780.0,463500,False,2026-05-16/2026-05-22
TNH,2026-05-25,2026-05-29,9780.0,9780.0,9410.0,9450.0,377600,False,2026-05-23/2026-05-29
TNH,2026-06-01,2026-06-05,9470.0,9600.0,9320.0,9460.0,284000,False,2026-05-30/2026-06-05
TNH,2026-06-08,2026-06-12,9460.0,9490.0,9110.0,9200.0,352200,False,2026-06-06/2026-06-12
TNH,2026-06-15,2026-06-19,9200.0,9350.0,8810.0,9000.0,635400,False,2026-06-13/2026-06-19
TNH,2026-06-22,2026-06-26,9000.0,9000.0,8450.0,8500.0,982700,False,2026-06-20/2026-06-26
TNH,2026-06-29,2026-07-03,8450.0,8500.0,7980.0,8040.0,1485100,False,2026-06-27/2026-07-03
TNH,2026-07-06,2026-07-10,8000.0,8600.0,7990.0,8320.0,465800,False,2026-07-04/2026-07-10
TNH,2026-07-13,2026-07-17,8320.0,8360.0,8100.0,8140.0,382700,False,2026-07-11/2026-07-17
TNH,2026-07-20,2026-07-24,8140.0,8260.0,7900.0,8120.0,519700,False,2026-07-18/2026-07-24
TNH,2026-07-27,2026-07-31,8120.0,8200.0,7700.0,8100.0,459400,False,2026-07-25/2026-07-31
TNH,2026-08-03,2026-08-07,8100.0,8580.0,7970.0,8220.0,656200,False,2026-08-01/2026-08-07
TNH,2026-08-10,2026-08-14,8300.0,8480.0,8200.0,8370.0,325900,False,2026-08-08/2026-08-14
TNH,2026-08-17,2026-08-21,8480.0,8480.0,8210.0,8380.0,315500,False,2026-08-15/2026-08-21
TNH,2026-08-24,2026-08-28,8380.0,8620.0,8200.0,8240.0,431100,False,2026-08-22/2026-08-28
TNH,2026-08-31,2026-09-04,8230.0,8240.0,8130.0,8140.0,117600,False,2026-08-29/2026-09-04
TNH,2026-09-07,2026-09-11,8160.0,8400.0,7920.0,7940.0,524300,False,2026-09-05/2026-09-11
TNH,2026-09-14,2026-09-18,7940.0,7950.0,6650.0,6650.0,1292100,False,2026-09-12/2026-09-18
TNH,2026-09-21,2026-09-25,6800.0,6800.0,6400.0,6400.0,581300,False,2026-09-19/2026-09-25
TNH,2026-09-28,2026-10-02,6400.0,6480.0,5.98,6.0,388400,False,2026-09-26/2026-10-02
TNI,2026-03-30,2026-04-03,3910.0,4940.0,3910.0,4940.0,192900,False,2026-03-28/2026-04-03
TNI,2026-04-06,2026-04-10,4860.0,4860.0,4350.0,4690.0,394200,False,2026-04-04/2026-04-10
TNI,2026-04-13,2026-04-17,4900.0,5070.0,4620.0,5060.0,168700,False,2026-04-11/2026-04-17
TNI,2026-04-20,2026-04-24,5400.0,5500.0,5100.0,5330.0,253700,False,2026-04-18/2026-04-24
TNI,2026-04-27,2026-05-01,5330.0,5330.0,4970.0,5330.0,62000,False,2026-04-25/2026-05-01
TNI,2026-05-04,2026-05-08,5530.0,5530.0,4830.0,4900.0,1069600,False,2026-05-02/2026-05-08
TNI,2026-05-11,2026-05-15,5000.0,5290.0,4600.0,5100.0,3622500,False,2026-05-09/2026-05-15
TNI,2026-05-18,2026-05-22,5200.0,5200.0,4600.0,4690.0,85400,False,2026-05-16/2026-05-22
TNI,2026-05-25,2026-05-29,4990.0,5000.0,4500.0,4800.0,78800,False,2026-05-23/2026-05-29
TNI,2026-06-01,2026-06-05,4980.0,4980.0,4610.0,4780.0,74800,False,2026-05-30/2026-06-05
TNI,2026-06-08,2026-06-12,4770.0,4880.0,4400.0,4790.0,86400,False,2026-06-06/2026-06-12
TNI,2026-06-15,2026-06-19,4780.0,4890.0,4490.0,4760.0,80100,False,2026-06-13/2026-06-19
TNI,2026-06-22,2026-06-26,4640.0,5040.0,4620.0,4800.0,26100,False,2026-06-20/2026-06-26
TNI,2026-06-29,2026-07-03,4900.0,5140.0,4700.0,5090.0,152900,False,2026-06-27/2026-07-03
TNI,2026-07-06,2026-07-10,5090.0,5830.0,4930.0,5550.0,6012100,False,2026-07-04/2026-07-10
TNI,2026-07-13,2026-07-17,5820.0,6240.0,5400.0,6240.0,8449300,False,2026-07-11/2026-07-17
TNI,2026-07-20,2026-07-24,6670.0,7090.0,6190.0,6320.0,8339100,False,2026-07-18/2026-07-24
TNI,2026-07-27,2026-07-31,6320.0,7150.0,5880.0,6750.0,9911800,False,2026-07-25/2026-07-31
TNI,2026-08-03,2026-08-07,6750.0,7180.0,5960.0,6490.0,6143100,False,2026-08-01/2026-08-07
TNI,2026-08-10,2026-08-14,6450.0,6670.0,6000.0,6010.0,4521000,False,2026-08-08/2026-08-14
TNI,2026-08-17,2026-08-21,5900.0,6500.0,5810.0,6000.0,7080200,False,2026-08-15/2026-08-21
TNI,2026-08-24,2026-08-28,5670.0,6270.0,5230.0,5500.0,2588600,False,2026-08-22/2026-08-28
TNI,2026-08-31,2026-09-04,5500.0,5680.0,5220.0,5680.0,2252500,False,2026-08-29/2026-09-04
TNI,2026-09-07,2026-09-11,5990.0,5990.0,5000.0,5300.0,715500,False,2026-09-05/2026-09-11
TNI,2026-09-14,2026-09-18,5420.0,5660.0,5100.0,5250.0,5613800,False,2026-09-12/2026-09-18
TNI,2026-09-21,2026-09-25,5300.0,5400.0,4980.0,5130.0,206900,False,2026-09-19/2026-09-25
TNI,2026-09-28,2026-10-02,5100.0,5120.0,4.59,4.59,415000,False,2026-09-26/2026-10-02
TPB,2026-03-30,2026-04-03,15900.0,16750.0,15850.0,16000.0,37854900,False,2026-03-28/2026-04-03
TPB,2026-04-06,2026-04-10,16000.0,16900.0,15550.0,16300.0,45473800,False,2026-04-04/2026-04-10
TPB,2026-04-13,2026-04-17,16200.0,16700.0,16100.0,16250.0,35457500,False,2026-04-11/2026-04-17
TPB,2026-04-20,2026-04-24,16250.0,16650.0,16150.0,16300.0,30121200,False,2026-04-18/2026-04-24
TPB,2026-04-27,2026-05-01,16300.0,16400.0,16150.0,16250.0,8442700,False,2026-04-25/2026-05-01
TPB,2026-05-04,2026-05-08,16250.0,16450.0,15950.0,16000.0,48553700,False,2026-05-02/2026-05-08
TPB,2026-05-11,2026-05-15,16100.0,16100.0,15500.0,15700.0,44628500,False,2026-05-09/2026-05-15
TPB,2026-05-18,2026-05-22,15700.0,15700.0,15150.0,15550.0,40180000,False,2026-05-16/2026-05-22
TPB,2026-05-25,2026-05-29,15600.0,16300.0,15500.0,15900.0,55269000,False,2026-05-23/2026-05-29
TPB,2026-06-01,2026-06-05,16000.0,16400.0,15550.0,16200.0,57619100,False,2026-05-30/2026-06-05
TPB,2026-06-08,2026-06-12,16050.0,16600.0,15750.0,16350.0,73316600,False,2026-06-06/2026-06-12
TPB,2026-06-15,2026-06-19,16450.0,16600.0,16050.0,16200.0,76994500,False,2026-06-13/2026-06-19
TPB,2026-06-22,2026-06-26,16250.0,16600.0,15950.0,16100.0,45382400,False,2026-06-20/2026-06-26
TPB,2026-06-29,2026-07-03,16150.0,16800.0,16150.0,16550.0,82029300,False,2026-06-27/2026-07-03
TPB,2026-07-06,2026-07-10,16650.0,16650.0,15950.0,15950.0,41252800,False,2026-07-04/2026-07-10
TPB,2026-07-13,2026-07-17,15900.0,15950.0,15050.0,15200.0,46899200,False,2026-07-11/2026-07-17
TPB,2026-07-20,2026-07-24,15150.0,15200.0,13750.0,14200.0,63111700,False,2026-07-18/2026-07-24
TPB,2026-07-27,2026-07-31,14400.0,14700.0,13800.0,14100.0,37445100,False,2026-07-25/2026-07-31
TPB,2026-08-03,2026-08-07,14250.0,15050.0,14200.0,14600.0,50450400,False,2026-08-01/2026-08-07
TPB,2026-08-10,2026-08-14,14600.0,14900.0,14350.0,14400.0,32567500,False,2026-08-08/2026-08-14
TPB,2026-08-17,2026-08-21,14400.0,14800.0,14200.0,14800.0,30220400,False,2026-08-15/2026-08-21
TPB,2026-08-24,2026-08-28,14950.0,14950.0,14350.0,14650.0,36067300,False,2026-08-22/2026-08-28
TPB,2026-08-31,2026-09-04,14600.0,14800.0,14500.0,14700.0,11792200,False,2026-08-29/2026-09-04
TPB,2026-09-07,2026-09-11,14700.0,14800.0,14150.0,14150.0,23732500,False,2026-09-05/2026-09-11
TPB,2026-09-14,2026-09-18,14150.0,14350.0,13950.0,14100.0,43731300,False,2026-09-12/2026-09-18
TPB,2026-09-21,2026-09-25,14300.0,14850.0,14000.0,14600.0,66694200,False,2026-09-19/2026-09-25
TPB,2026-09-28,2026-10-02,14600.0,14700.0,14.4,14.45,21652600,False,2026-09-26/2026-10-02
TRC,2026-03-30,2026-04-03,17349.0,17493.0,16820.0,17132.0,117200,False,2026-03-28/2026-04-03
TRC,2026-04-06,2026-04-10,17060.0,17493.0,16772.0,17445.0,269900,False,2026-04-04/2026-04-10
TRC,2026-04-13,2026-04-17,17445.0,17517.0,17108.0,17421.0,191900,False,2026-04-11/2026-04-17
TRC,2026-04-20,2026-04-24,17421.0,17661.0,17228.0,17541.0,242800,False,2026-04-18/2026-04-24
TRC,2026-04-27,2026-05-01,18021.0,18021.0,17589.0,17781.0,54200,False,2026-04-25/2026-05-01
TRC,2026-05-04,2026-05-08,17781.0,18262.0,17589.0,17853.0,151900,False,2026-05-02/2026-05-08
TRC,2026-05-11,2026-05-15,17805.0,18622.0,17637.0,18526.0,157000,False,2026-05-09/2026-05-15
TRC,2026-05-18,2026-05-22,18502.0,18502.0,17541.0,17997.0,87400,False,2026-05-16/2026-05-22
TRC,2026-05-25,2026-05-29,18142.0,18382.0,17901.0,18093.0,48400,False,2026-05-23/2026-05-29
TRC,2026-06-01,2026-06-05,18093.0,18382.0,17517.0,18069.0,67100,False,2026-05-30/2026-06-05
TRC,2026-06-08,2026-06-12,18069.0,18430.0,17901.0,18382.0,84800,False,2026-06-06/2026-06-12
TRC,2026-06-15,2026-06-19,18382.0,18694.0,18286.0,18550.0,54400,False,2026-06-13/2026-06-19
TRC,2026-06-22,2026-06-26,18502.0,18502.0,17901.0,18021.0,88000,False,2026-06-20/2026-06-26
TRC,2026-06-29,2026-07-03,18021.0,20592.0,18021.0,19944.0,967100,False,2026-06-27/2026-07-03
TRC,2026-07-06,2026-07-10,19920.0,20016.0,19223.0,19583.0,310800,False,2026-07-04/2026-07-10
TRC,2026-07-13,2026-07-17,19463.0,19463.0,18502.0,18742.0,313600,False,2026-07-11/2026-07-17
TRC,2026-07-20,2026-07-24,18862.0,18862.0,17301.0,17901.0,287600,False,2026-07-18/2026-07-24
TRC,2026-07-27,2026-07-31,18238.0,18725.0,17901.0,18325.0,121000,False,2026-07-25/2026-07-31
TRC,2026-08-03,2026-08-07,18275.0,19025.0,18250.0,18725.0,302200,False,2026-08-01/2026-08-07
TRC,2026-08-10,2026-08-14,19150.0,21000.0,19150.0,20125.0,729100,False,2026-08-08/2026-08-14
TRC,2026-08-17,2026-08-21,20600.0,20825.0,20125.0,20375.0,890000,False,2026-08-15/2026-08-21
TRC,2026-08-24,2026-08-28,20425.0,22225.0,20350.0,22075.0,630500,False,2026-08-22/2026-08-28
TRC,2026-08-31,2026-09-04,21925.0,22375.0,21650.0,21750.0,138100,False,2026-08-29/2026-09-04
TRC,2026-09-07,2026-09-11,21975.0,22050.0,20375.0,20450.0,663000,False,2026-09-05/2026-09-11
TRC,2026-09-14,2026-09-18,20500.0,22600.0,20125.0,21800.0,1482300,False,2026-09-12/2026-09-18
TRC,2026-09-21,2026-09-25,21650.0,22900.0,21000.0,22450.0,791800,False,2026-09-19/2026-09-25
TRC,2026-09-28,2026-10-02,22450.0,24200.0,24.25,24.65,1067400,False,2026-09-26/2026-10-02
TSA,2026-03-30,2026-04-03,15352.0,15400.0,14770.0,14819.0,784100,False,2026-03-28/2026-04-03
TSA,2026-04-06,2026-04-10,14770.0,14867.0,14092.0,14819.0,438600,False,2026-04-04/2026-04-10
TSA,2026-04-13,2026-04-17,14770.0,15109.0,14625.0,14916.0,476700,False,2026-04-11/2026-04-17
TSA,2026-04-20,2026-04-24,15013.0,15206.0,14625.0,15013.0,592000,False,2026-04-18/2026-04-24
TSA,2026-04-27,2026-05-01,15013.0,15594.0,15013.0,15448.0,431900,False,2026-04-25/2026-05-01
TSA,2026-05-04,2026-05-08,15448.0,15497.0,14722.0,14819.0,612800,False,2026-05-02/2026-05-08
TSA,2026-05-11,2026-05-15,14819.0,15013.0,14722.0,14916.0,523400,False,2026-05-09/2026-05-15
TSA,2026-05-18,2026-05-22,14964.0,15352.0,14770.0,15303.0,592800,False,2026-05-16/2026-05-22
TSA,2026-05-25,2026-05-29,15303.0,15500.0,15050.0,15300.0,582700,False,2026-05-23/2026-05-29
TSA,2026-06-01,2026-06-05,15300.0,15300.0,14900.0,15200.0,477900,False,2026-05-30/2026-06-05
TSA,2026-06-08,2026-06-12,15200.0,15350.0,15100.0,15200.0,518400,False,2026-06-06/2026-06-12
TSA,2026-06-15,2026-06-19,15250.0,16250.0,15050.0,16000.0,799300,False,2026-06-13/2026-06-19
TSA,2026-06-22,2026-06-26,16000.0,16950.0,14750.0,15300.0,516300,False,2026-06-20/2026-06-26
TSA,2026-06-29,2026-07-03,15300.0,15600.0,15300.0,15350.0,444600,False,2026-06-27/2026-07-03
TSA,2026-07-06,2026-07-10,15350.0,15500.0,15100.0,15350.0,380200,False,2026-07-04/2026-07-10
TSA,2026-07-13,2026-07-17,15350.0,15450.0,15150.0,15400.0,482200,False,2026-07-11/2026-07-17
TSA,2026-07-20,2026-07-24,15400.0,15400.0,15000.0,15000.0,258900,False,2026-07-18/2026-07-24
TSA,2026-07-27,2026-07-31,15000.0,15600.0,14800.0,15500.0,363000,False,2026-07-25/2026-07-31
TSA,2026-08-03,2026-08-07,15450.0,15700.0,15450.0,15550.0,447400,False,2026-08-01/2026-08-07
TSA,2026-08-10,2026-08-14,15550.0,15700.0,15150.0,15300.0,432200,False,2026-08-08/2026-08-14
TSA,2026-08-17,2026-08-21,15300.0,15700.0,15200.0,15500.0,411600,False,2026-08-15/2026-08-21
TSA,2026-08-24,2026-08-28,15500.0,15600.0,15400.0,15450.0,349000,False,2026-08-22/2026-08-28
TSA,2026-08-31,2026-09-04,15450.0,15450.0,15300.0,15450.0,136300,False,2026-08-29/2026-09-04
TSA,2026-09-07,2026-09-11,15500.0,15700.0,15450.0,15650.0,263000,False,2026-09-05/2026-09-11
TSA,2026-09-14,2026-09-18,15650.0,15750.0,15300.0,15300.0,63700,False,2026-09-12/2026-09-18
TSA,2026-09-21,2026-09-25,15300.0,15300.0,14050.0,14150.0,86700,False,2026-09-19/2026-09-25
TSA,2026-09-28,2026-10-02,13500.0,13650.0,13.0,13.8,24300,False,2026-09-26/2026-10-02
TSC,2026-03-30,2026-04-03,2560.0,2590.0,2380.0,2420.0,1127300,False,2026-03-28/2026-04-03
TSC,2026-04-06,2026-04-10,2440.0,2530.0,2390.0,2490.0,554200,False,2026-04-04/2026-04-10
TSC,2026-04-13,2026-04-17,2480.0,2490.0,2370.0,2370.0,956200,False,2026-04-11/2026-04-17
TSC,2026-04-20,2026-04-24,2370.0,2450.0,2300.0,2390.0,475600,False,2026-04-18/2026-04-24
TSC,2026-04-27,2026-05-01,2370.0,2430.0,2350.0,2390.0,130700,False,2026-04-25/2026-05-01
TSC,2026-05-04,2026-05-08,2400.0,2430.0,2270.0,2350.0,516700,False,2026-05-02/2026-05-08
TSC,2026-05-11,2026-05-15,2380.0,2380.0,2270.0,2320.0,874100,False,2026-05-09/2026-05-15
TSC,2026-05-18,2026-05-22,2320.0,2320.0,2230.0,2270.0,647700,False,2026-05-16/2026-05-22
TSC,2026-05-25,2026-05-29,2250.0,2300.0,2200.0,2200.0,397300,False,2026-05-23/2026-05-29
TSC,2026-06-01,2026-06-05,2200.0,2650.0,2200.0,2260.0,2368100,False,2026-05-30/2026-06-05
TSC,2026-06-08,2026-06-12,2260.0,2500.0,2230.0,2310.0,3293300,False,2026-06-06/2026-06-12
TSC,2026-06-15,2026-06-19,2310.0,2400.0,2260.0,2320.0,1327000,False,2026-06-13/2026-06-19
TSC,2026-06-22,2026-06-26,2330.0,2380.0,2240.0,2260.0,662700,False,2026-06-20/2026-06-26
TSC,2026-06-29,2026-07-03,2260.0,2320.0,2240.0,2270.0,524200,False,2026-06-27/2026-07-03
TSC,2026-07-06,2026-07-10,2270.0,2280.0,2070.0,2150.0,552400,False,2026-07-04/2026-07-10
TSC,2026-07-13,2026-07-17,2170.0,2200.0,2070.0,2100.0,545200,False,2026-07-11/2026-07-17
TSC,2026-07-20,2026-07-24,2100.0,2100.0,1900.0,2000.0,476600,False,2026-07-18/2026-07-24
TSC,2026-07-27,2026-07-31,2010.0,2070.0,1950.0,1980.0,420900,False,2026-07-25/2026-07-31
TSC,2026-08-03,2026-08-07,1980.0,2110.0,1970.0,2040.0,783000,False,2026-08-01/2026-08-07
TSC,2026-08-10,2026-08-14,2030.0,2080.0,1970.0,1980.0,442400,False,2026-08-08/2026-08-14
TSC,2026-08-17,2026-08-21,2000.0,2070.0,1950.0,2070.0,645700,False,2026-08-15/2026-08-21
TSC,2026-08-24,2026-08-28,2040.0,2120.0,2000.0,2050.0,638000,False,2026-08-22/2026-08-28
TSC,2026-08-31,2026-09-04,2050.0,2050.0,1990.0,2010.0,98100,False,2026-08-29/2026-09-04
TSC,2026-09-07,2026-09-11,2000.0,2030.0,1890.0,1890.0,476400,False,2026-09-05/2026-09-11
TSC,2026-09-14,2026-09-18,1900.0,1970.0,1870.0,1930.0,463500,False,2026-09-12/2026-09-18
TSC,2026-09-21,2026-09-25,1930.0,1950.0,1870.0,1920.0,412000,False,2026-09-19/2026-09-25
TSC,2026-09-28,2026-10-02,1920.0,1920.0,1.74,1.74,566000,False,2026-09-26/2026-10-02
TTA,2026-03-30,2026-04-03,12100.0,12600.0,11500.0,11850.0,5757400,False,2026-03-28/2026-04-03
TTA,2026-04-06,2026-04-10,11650.0,11850.0,11050.0,11600.0,3455200,False,2026-04-04/2026-04-10
TTA,2026-04-13,2026-04-17,11600.0,11600.0,11100.0,11300.0,1910800,False,2026-04-11/2026-04-17
TTA,2026-04-20,2026-04-24,11300.0,11650.0,10700.0,10800.0,2110700,False,2026-04-18/2026-04-24
TTA,2026-04-27,2026-05-01,10900.0,11050.0,10700.0,10800.0,827100,False,2026-04-25/2026-05-01
TTA,2026-05-04,2026-05-08,10800.0,11050.0,10650.0,10800.0,1297700,False,2026-05-02/2026-05-08
TTA,2026-05-11,2026-05-15,10850.0,10900.0,10400.0,10650.0,1262900,False,2026-05-09/2026-05-15
TTA,2026-05-18,2026-05-22,10700.0,10700.0,10100.0,10300.0,1451300,False,2026-05-16/2026-05-22
TTA,2026-05-25,2026-05-29,10300.0,10650.0,10100.0,10400.0,8177900,False,2026-05-23/2026-05-29
TTA,2026-06-01,2026-06-05,10250.0,10850.0,10150.0,10700.0,3341700,False,2026-05-30/2026-06-05
TTA,2026-06-08,2026-06-12,10550.0,10600.0,10250.0,10450.0,1693800,False,2026-06-06/2026-06-12
TTA,2026-06-15,2026-06-19,10450.0,11200.0,10300.0,11200.0,5965700,False,2026-06-13/2026-06-19
TTA,2026-06-22,2026-06-26,11300.0,11850.0,10900.0,11450.0,3474700,False,2026-06-20/2026-06-26
TTA,2026-06-29,2026-07-03,11500.0,11800.0,11250.0,11450.0,893900,False,2026-06-27/2026-07-03
TTA,2026-07-06,2026-07-10,11450.0,11900.0,11100.0,11500.0,1329500,False,2026-07-04/2026-07-10
TTA,2026-07-13,2026-07-17,11500.0,11700.0,11200.0,11300.0,1114500,False,2026-07-11/2026-07-17
TTA,2026-07-20,2026-07-24,11300.0,11350.0,10300.0,10500.0,824100,False,2026-07-18/2026-07-24
TTA,2026-07-27,2026-07-31,10500.0,10700.0,10200.0,10600.0,1150000,False,2026-07-25/2026-07-31
TTA,2026-08-03,2026-08-07,10600.0,11750.0,10550.0,11400.0,4424300,False,2026-08-01/2026-08-07
TTA,2026-08-10,2026-08-14,11200.0,11450.0,10900.0,11200.0,996800,False,2026-08-08/2026-08-14
TTA,2026-08-17,2026-08-21,11250.0,11800.0,11000.0,11600.0,1162500,False,2026-08-15/2026-08-21
TTA,2026-08-24,2026-08-28,11600.0,11850.0,11400.0,11550.0,796300,False,2026-08-22/2026-08-28
TTA,2026-08-31,2026-09-04,11550.0,11550.0,11100.0,11250.0,171600,False,2026-08-29/2026-09-04
TTA,2026-09-07,2026-09-11,11250.0,11400.0,11100.0,11250.0,1303500,False,2026-09-05/2026-09-11
TTA,2026-09-14,2026-09-18,11100.0,11250.0,10800.0,11150.0,762500,False,2026-09-12/2026-09-18
TTA,2026-09-21,2026-09-25,11000.0,11200.0,10850.0,10900.0,130300,False,2026-09-19/2026-09-25
TTA,2026-09-28,2026-10-02,10950.0,10950.0,10.7,10.8,74600,False,2026-09-26/2026-10-02
TTF,2026-03-30,2026-04-03,2650.0,2750.0,2610.0,2620.0,2549100,False,2026-03-28/2026-04-03
TTF,2026-04-06,2026-04-10,2620.0,2740.0,2520.0,2670.0,2828200,False,2026-04-04/2026-04-10
TTF,2026-04-13,2026-04-17,2680.0,2710.0,2630.0,2640.0,2084400,False,2026-04-11/2026-04-17
TTF,2026-04-20,2026-04-24,2640.0,2680.0,2600.0,2600.0,2795100,False,2026-04-18/2026-04-24
TTF,2026-04-27,2026-05-01,2600.0,2730.0,2580.0,2630.0,2746000,False,2026-04-25/2026-05-01
TTF,2026-05-04,2026-05-08,2650.0,2680.0,2570.0,2580.0,2129900,False,2026-05-02/2026-05-08
TTF,2026-05-11,2026-05-15,2620.0,2620.0,2350.0,2460.0,4226000,False,2026-05-09/2026-05-15
TTF,2026-05-18,2026-05-22,2460.0,2460.0,2250.0,2290.0,3778000,False,2026-05-16/2026-05-22
TTF,2026-05-25,2026-05-29,2290.0,2330.0,2250.0,2270.0,2351000,False,2026-05-23/2026-05-29
TTF,2026-06-01,2026-06-05,2270.0,2470.0,2260.0,2270.0,4479800,False,2026-05-30/2026-06-05
TTF,2026-06-08,2026-06-12,2270.0,2300.0,2160.0,2240.0,2988700,False,2026-06-06/2026-06-12
TTF,2026-06-15,2026-06-19,2250.0,2280.0,2220.0,2220.0,2250200,False,2026-06-13/2026-06-19
TTF,2026-06-22,2026-06-26,2230.0,2230.0,2090.0,2100.0,3143500,False,2026-06-20/2026-06-26
TTF,2026-06-29,2026-07-03,2130.0,2150.0,2040.0,2090.0,3110000,False,2026-06-27/2026-07-03
TTF,2026-07-06,2026-07-10,2100.0,2100.0,2030.0,2030.0,1842800,False,2026-07-04/2026-07-10
TTF,2026-07-13,2026-07-17,2050.0,2050.0,1960.0,2010.0,2102900,False,2026-07-11/2026-07-17
TTF,2026-07-20,2026-07-24,2010.0,2020.0,1800.0,1850.0,2707800,False,2026-07-18/2026-07-24
TTF,2026-07-27,2026-07-31,1810.0,1900.0,1790.0,1810.0,2125000,False,2026-07-25/2026-07-31
TTF,2026-08-03,2026-08-07,1750.0,1890.0,1750.0,1810.0,2082700,False,2026-08-01/2026-08-07
TTF,2026-08-10,2026-08-14,1810.0,1900.0,1790.0,1810.0,2228800,False,2026-08-08/2026-08-14
TTF,2026-08-17,2026-08-21,1810.0,1830.0,1710.0,1780.0,1580600,False,2026-08-15/2026-08-21
TTF,2026-08-24,2026-08-28,1800.0,1820.0,1690.0,1700.0,3129300,False,2026-08-22/2026-08-28
TTF,2026-08-31,2026-09-04,1700.0,1710.0,1670.0,1690.0,1161300,False,2026-08-29/2026-09-04
TTF,2026-09-07,2026-09-11,1690.0,1700.0,1460.0,1480.0,6058700,False,2026-09-05/2026-09-11
TTF,2026-09-14,2026-09-18,1460.0,1520.0,1380.0,1460.0,3622100,False,2026-09-12/2026-09-18
TTF,2026-09-21,2026-09-25,1470.0,1670.0,1430.0,1670.0,5988700,False,2026-09-19/2026-09-25
TTF,2026-09-28,2026-10-02,1700.0,1730.0,1.5,1.52,3233900,False,2026-09-26/2026-10-02
TV2,2026-03-30,2026-04-03,38050.0,40250.0,37150.0,37150.0,2726100,False,2026-03-28/2026-04-03
TV2,2026-04-06,2026-04-10,37000.0,37500.0,35850.0,36950.0,1527000,False,2026-04-04/2026-04-10
TV2,2026-04-13,2026-04-17,36550.0,37650.0,36000.0,36050.0,1683900,False,2026-04-11/2026-04-17
TV2,2026-04-20,2026-04-24,36050.0,36500.0,32700.0,35450.0,3807000,False,2026-04-18/2026-04-24
TV2,2026-04-27,2026-05-01,35450.0,35900.0,34100.0,34650.0,751600,False,2026-04-25/2026-05-01
TV2,2026-05-04,2026-05-08,34600.0,35500.0,32700.0,32950.0,1818900,False,2026-05-02/2026-05-08
TV2,2026-05-11,2026-05-15,32900.0,33350.0,31500.0,32250.0,1292700,False,2026-05-09/2026-05-15
TV2,2026-05-18,2026-05-22,32100.0,33300.0,29800.0,30500.0,2840300,False,2026-05-16/2026-05-22
TV2,2026-05-25,2026-05-29,30750.0,31400.0,29250.0,29250.0,1192400,False,2026-05-23/2026-05-29
TV2,2026-06-01,2026-06-05,29250.0,29600.0,28250.0,28700.0,699200,False,2026-05-30/2026-06-05
TV2,2026-06-08,2026-06-12,28300.0,29500.0,28000.0,28750.0,815100,False,2026-06-06/2026-06-12
TV2,2026-06-15,2026-06-19,28750.0,30900.0,28400.0,29500.0,907600,False,2026-06-13/2026-06-19
TV2,2026-06-22,2026-06-26,29500.0,29500.0,28150.0,28350.0,750400,False,2026-06-20/2026-06-26
TV2,2026-06-29,2026-07-03,28800.0,29800.0,28450.0,28650.0,939800,False,2026-06-27/2026-07-03
TV2,2026-07-06,2026-07-10,29000.0,29000.0,26650.0,27150.0,905600,False,2026-07-04/2026-07-10
TV2,2026-07-13,2026-07-17,27100.0,27150.0,25800.0,26250.0,442300,False,2026-07-11/2026-07-17
TV2,2026-07-20,2026-07-24,26100.0,26450.0,23500.0,23750.0,648100,False,2026-07-18/2026-07-24
TV2,2026-07-27,2026-07-31,23750.0,26500.0,23000.0,25700.0,930000,False,2026-07-25/2026-07-31
TV2,2026-08-03,2026-08-07,26000.0,27000.0,25800.0,26500.0,619300,False,2026-08-01/2026-08-07
TV2,2026-08-10,2026-08-14,26500.0,27500.0,25900.0,26000.0,636700,False,2026-08-08/2026-08-14
TV2,2026-08-17,2026-08-21,26000.0,26200.0,25000.0,26200.0,476500,False,2026-08-15/2026-08-21
TV2,2026-08-24,2026-08-28,26300.0,27200.0,25800.0,26850.0,597000,False,2026-08-22/2026-08-28
TV2,2026-08-31,2026-09-04,26800.0,26850.0,26400.0,26400.0,169300,False,2026-08-29/2026-09-04
TV2,2026-09-07,2026-09-11,26500.0,26500.0,25000.0,25750.0,351100,False,2026-09-05/2026-09-11
TV2,2026-09-14,2026-09-18,25750.0,26000.0,25350.0,25750.0,375600,False,2026-09-12/2026-09-18
TV2,2026-09-21,2026-09-25,25900.0,26300.0,25200.0,25650.0,551800,False,2026-09-19/2026-09-25
TV2,2026-09-28,2026-10-02,25650.0,25700.0,25.6,25.75,312100,False,2026-09-26/2026-10-02
TVS,2026-03-30,2026-04-03,12285.0,12706.0,12052.0,12519.0,258000,False,2026-03-28/2026-04-03
TVS,2026-04-06,2026-04-10,12239.0,13080.0,12239.0,13033.0,554300,False,2026-04-04/2026-04-10
TVS,2026-04-13,2026-04-17,13033.0,13360.0,12799.0,12986.0,231200,False,2026-04-11/2026-04-17
TVS,2026-04-20,2026-04-24,12986.0,12986.0,12472.0,12893.0,230800,False,2026-04-18/2026-04-24
TVS,2026-04-27,2026-05-01,12799.0,12799.0,12519.0,12799.0,106300,False,2026-04-25/2026-05-01
TVS,2026-05-04,2026-05-08,12799.0,12799.0,12145.0,12379.0,345200,False,2026-05-02/2026-05-08
TVS,2026-05-11,2026-05-15,12379.0,12659.0,12145.0,12426.0,153900,False,2026-05-09/2026-05-15
TVS,2026-05-18,2026-05-22,12239.0,12519.0,12052.0,12332.0,257000,False,2026-05-16/2026-05-22
TVS,2026-05-25,2026-05-29,12426.0,12426.0,12099.0,12239.0,230900,False,2026-05-23/2026-05-29
TVS,2026-06-01,2026-06-05,12239.0,12285.0,11958.0,12099.0,225000,False,2026-05-30/2026-06-05
TVS,2026-06-08,2026-06-12,12052.0,12145.0,11772.0,12052.0,208400,False,2026-06-06/2026-06-12
TVS,2026-06-15,2026-06-19,11865.0,12986.0,11865.0,12332.0,279800,False,2026-06-13/2026-06-19
TVS,2026-06-22,2026-06-26,12239.0,14715.0,12052.0,13920.0,3718400,False,2026-06-20/2026-06-26
TVS,2026-06-29,2026-07-03,13967.0,14294.0,13360.0,13780.0,1742400,False,2026-06-27/2026-07-03
TVS,2026-07-06,2026-07-10,13780.0,15369.0,12986.0,14481.0,2775500,False,2026-07-04/2026-07-10
TVS,2026-07-13,2026-07-17,14341.0,14341.0,13640.0,13920.0,1925500,False,2026-07-11/2026-07-17
TVS,2026-07-20,2026-07-24,13687.0,14154.0,12893.0,13080.0,1069700,False,2026-07-18/2026-07-24
TVS,2026-07-27,2026-07-31,13547.0,13547.0,11725.0,12519.0,520900,False,2026-07-25/2026-07-31
TVS,2026-08-03,2026-08-07,12706.0,12986.0,12472.0,12472.0,467500,False,2026-08-01/2026-08-07
TVS,2026-08-10,2026-08-14,12566.0,13220.0,12566.0,13220.0,622200,False,2026-08-08/2026-08-14
TVS,2026-08-17,2026-08-21,13220.0,14500.0,13173.0,14050.0,815100,False,2026-08-15/2026-08-21
TVS,2026-08-24,2026-08-28,14650.0,14650.0,13800.0,14150.0,601900,False,2026-08-22/2026-08-28
TVS,2026-08-31,2026-09-04,14100.0,14100.0,13700.0,13850.0,93400,False,2026-08-29/2026-09-04
TVS,2026-09-07,2026-09-11,13850.0,15250.0,13700.0,14600.0,988000,False,2026-09-05/2026-09-11
TVS,2026-09-14,2026-09-18,14450.0,14750.0,14100.0,14300.0,669400,False,2026-09-12/2026-09-18
TVS,2026-09-21,2026-09-25,14300.0,15950.0,14200.0,15050.0,2065900,False,2026-09-19/2026-09-25
TVS,2026-09-28,2026-10-02,15000.0,15000.0,14.5,14.75,317700,False,2026-09-26/2026-10-02
VAB,2026-03-30,2026-04-03,8959.0,9276.0,8959.0,9004.0,1534700,False,2026-03-28/2026-04-03
VAB,2026-04-06,2026-04-10,9140.0,9457.0,9050.0,9321.0,2105200,False,2026-04-04/2026-04-10
VAB,2026-04-13,2026-04-17,9321.0,9592.0,9230.0,9457.0,2164000,False,2026-04-11/2026-04-17
VAB,2026-04-20,2026-04-24,9547.0,9592.0,9230.0,9276.0,2889400,False,2026-04-18/2026-04-24
VAB,2026-04-27,2026-05-01,9276.0,9366.0,9230.0,9276.0,713000,False,2026-04-25/2026-05-01
VAB,2026-05-04,2026-05-08,9321.0,9321.0,9140.0,9185.0,1530200,False,2026-05-02/2026-05-08
VAB,2026-05-11,2026-05-15,9185.0,9366.0,9185.0,9230.0,1331300,False,2026-05-09/2026-05-15
VAB,2026-05-18,2026-05-22,9230.0,9276.0,9095.0,9140.0,1569300,False,2026-05-16/2026-05-22
VAB,2026-05-25,2026-05-29,9140.0,9954.0,9140.0,9457.0,7082800,False,2026-05-23/2026-05-29
VAB,2026-06-01,2026-06-05,9457.0,9773.0,9276.0,9683.0,3685300,False,2026-05-30/2026-06-05
VAB,2026-06-08,2026-06-12,9638.0,10181.0,9411.0,9864.0,5107800,False,2026-06-06/2026-06-12
VAB,2026-06-15,2026-06-19,10045.0,10135.0,9773.0,9819.0,4897000,False,2026-06-13/2026-06-19
VAB,2026-06-22,2026-06-26,9864.0,10452.0,9773.0,10271.0,5981800,False,2026-06-20/2026-06-26
VAB,2026-06-29,2026-07-03,10271.0,10814.0,10135.0,10452.0,5472700,False,2026-06-27/2026-07-03
VAB,2026-07-06,2026-07-10,10497.0,10543.0,9819.0,9819.0,5053100,False,2026-07-04/2026-07-10
VAB,2026-07-13,2026-07-17,9819.0,9909.0,9366.0,9411.0,3869800,False,2026-07-11/2026-07-17
VAB,2026-07-20,2026-07-24,9366.0,9502.0,9013.0,9095.0,3184100,False,2026-07-18/2026-07-24
VAB,2026-07-27,2026-07-31,9022.0,9321.0,8688.0,9140.0,3008000,False,2026-07-25/2026-07-31
VAB,2026-08-03,2026-08-07,9095.0,9185.0,9031.0,9095.0,2195400,False,2026-08-01/2026-08-07
VAB,2026-08-10,2026-08-14,9140.0,9230.0,9040.0,9095.0,2114200,False,2026-08-08/2026-08-14
VAB,2026-08-17,2026-08-21,9095.0,9185.0,8941.0,9185.0,2602200,False,2026-08-15/2026-08-21
VAB,2026-08-24,2026-08-28,9230.0,9410.0,9130.0,9150.0,2914800,False,2026-08-22/2026-08-28
VAB,2026-08-31,2026-09-04,9150.0,9170.0,9110.0,9140.0,506700,False,2026-08-29/2026-09-04
VAB,2026-09-07,2026-09-11,9170.0,9170.0,8930.0,9020.0,1868200,False,2026-09-05/2026-09-11
VAB,2026-09-14,2026-09-18,9020.0,9400.0,8910.0,9250.0,3133300,False,2026-09-12/2026-09-18
VAB,2026-09-21,2026-09-25,9350.0,9350.0,8990.0,9050.0,2073800,False,2026-09-19/2026-09-25
VAB,2026-09-28,2026-10-02,9010.0,9050.0,8.94,9.0,1402300,False,2026-09-26/2026-10-02
VBB,2026-03-30,2026-04-03,9420.0,10779.0,9239.0,10145.0,1027700,False,2026-03-28/2026-04-03
VBB,2026-04-06,2026-04-10,10054.0,12138.0,9783.0,11594.0,1257200,False,2026-04-04/2026-04-10
VBB,2026-04-13,2026-04-17,11504.0,12862.0,11504.0,12409.0,1793400,False,2026-04-11/2026-04-17
VBB,2026-04-20,2026-04-24,12409.0,14040.0,11957.0,12772.0,1539500,False,2026-04-18/2026-04-24
VBB,2026-04-27,2026-05-01,12772.0,13134.0,12138.0,12138.0,297900,False,2026-04-25/2026-05-01
VBB,2026-05-04,2026-05-08,12138.0,12862.0,11957.0,12138.0,784200,False,2026-05-02/2026-05-08
VBB,2026-05-11,2026-05-15,12138.0,12138.0,11322.0,11594.0,296400,False,2026-05-09/2026-05-15
VBB,2026-05-18,2026-05-22,11413.0,11957.0,11141.0,11775.0,263100,False,2026-05-16/2026-05-22
VBB,2026-05-25,2026-05-29,11866.0,12138.0,11504.0,11775.0,424400,False,2026-05-23/2026-05-29
VBB,2026-06-01,2026-06-05,11775.0,12228.0,10326.0,11866.0,261700,False,2026-05-30/2026-06-05
VBB,2026-06-08,2026-06-12,11866.0,12228.0,11504.0,11866.0,234500,False,2026-06-06/2026-06-12
VBB,2026-06-15,2026-06-19,12047.0,13496.0,11866.0,13315.0,673800,False,2026-06-13/2026-06-19
VBB,2026-06-22,2026-06-26,13134.0,14000.0,12228.0,13600.0,475500,False,2026-06-20/2026-06-26
VBB,2026-06-29,2026-07-03,13600.0,14000.0,13400.0,13700.0,88800,False,2026-06-27/2026-07-03
VBB,2026-07-13,2026-07-17,15100.0,15100.0,13400.0,14500.0,1103800,False,2026-07-11/2026-07-17
VBB,2026-07-20,2026-07-24,14550.0,14550.0,12650.0,13950.0,569000,False,2026-07-18/2026-07-24
VBB,2026-07-27,2026-07-31,13500.0,13950.0,12800.0,13150.0,183900,False,2026-07-25/2026-07-31
VBB,2026-08-03,2026-08-07,13150.0,13450.0,12600.0,13200.0,563600,False,2026-08-01/2026-08-07
VBB,2026-08-10,2026-08-14,13200.0,13500.0,12800.0,12900.0,512200,False,2026-08-08/2026-08-14
VBB,2026-08-17,2026-08-21,12900.0,12950.0,12000.0,12150.0,258200,False,2026-08-15/2026-08-21
VBB,2026-08-24,2026-08-28,12150.0,12450.0,11400.0,11700.0,260600,False,2026-08-22/2026-08-28
VBB,2026-08-31,2026-09-04,11850.0,11850.0,11400.0,11400.0,95400,False,2026-08-29/2026-09-04
VBB,2026-09-07,2026-09-11,11600.0,11600.0,10900.0,11150.0,133800,False,2026-09-05/2026-09-11
VBB,2026-09-14,2026-09-18,11150.0,11250.0,10550.0,11150.0,39700,False,2026-09-12/2026-09-18
VBB,2026-09-21,2026-09-25,11150.0,11500.0,10800.0,11100.0,144600,False,2026-09-19/2026-09-25
VBB,2026-09-28,2026-10-02,11000.0,12500.0,11.8,13.3,435500,False,2026-09-26/2026-10-02
VCB,2026-03-30,2026-04-03,57475.0,58766.0,57277.0,57277.0,30865900,False,2026-03-28/2026-04-03
VCB,2026-04-06,2026-04-10,57376.0,60552.0,57277.0,59361.0,35808600,False,2026-04-04/2026-04-10
VCB,2026-04-13,2026-04-17,59063.0,60056.0,58567.0,59063.0,27988700,False,2026-04-11/2026-04-17
VCB,2026-04-20,2026-04-24,59163.0,63034.0,58766.0,60155.0,62915400,False,2026-04-18/2026-04-24
VCB,2026-04-27,2026-05-01,60354.0,61049.0,59063.0,59361.0,14027400,False,2026-04-25/2026-05-01
VCB,2026-05-04,2026-05-08,60056.0,61247.0,59262.0,60255.0,35747000,False,2026-05-02/2026-05-08
VCB,2026-05-11,2026-05-15,60552.0,61247.0,58766.0,60255.0,34811100,False,2026-05-09/2026-05-15
VCB,2026-05-18,2026-05-22,60255.0,65714.0,59857.0,63034.0,85716700,False,2026-05-16/2026-05-22
VCB,2026-05-25,2026-05-29,62736.0,64027.0,61346.0,61545.0,26012200,False,2026-05-23/2026-05-29
VCB,2026-06-01,2026-06-05,61843.0,62339.0,60949.0,61247.0,20341300,False,2026-05-30/2026-06-05
VCB,2026-06-08,2026-06-12,60751.0,61744.0,60453.0,61148.0,17967100,False,2026-06-06/2026-06-12
VCB,2026-06-15,2026-06-19,61843.0,61942.0,60751.0,61247.0,24677500,False,2026-06-13/2026-06-19
VCB,2026-06-22,2026-06-26,61247.0,62141.0,60354.0,60949.0,16842600,False,2026-06-20/2026-06-26
VCB,2026-06-29,2026-07-03,61148.0,62637.0,60949.0,61545.0,19683400,False,2026-06-27/2026-07-03
VCB,2026-07-06,2026-07-10,61545.0,62041.0,60056.0,60056.0,13997500,False,2026-07-04/2026-07-10
VCB,2026-07-13,2026-07-17,60056.0,60056.0,57971.0,58071.0,17591300,False,2026-07-11/2026-07-17
VCB,2026-07-20,2026-07-24,58368.0,58368.0,52600.0,54100.0,31062700,False,2026-07-18/2026-07-24
VCB,2026-07-27,2026-07-31,54500.0,60400.0,53300.0,59300.0,31003000,False,2026-07-25/2026-07-31
VCB,2026-08-03,2026-08-07,59600.0,61000.0,58500.0,59700.0,25883700,False,2026-08-01/2026-08-07
VCB,2026-08-10,2026-08-14,60300.0,60800.0,58500.0,58500.0,18549500,False,2026-08-08/2026-08-14
VCB,2026-08-17,2026-08-21,58300.0,59100.0,57200.0,59100.0,17105700,False,2026-08-15/2026-08-21
VCB,2026-08-24,2026-08-28,60200.0,61400.0,59200.0,60100.0,25819300,False,2026-08-22/2026-08-28
VCB,2026-08-31,2026-09-04,59600.0,59800.0,58600.0,58900.0,12775400,False,2026-08-29/2026-09-04
VCB,2026-09-07,2026-09-11,59000.0,59400.0,57900.0,58200.0,20384600,False,2026-09-05/2026-09-11
VCB,2026-09-14,2026-09-18,58200.0,61000.0,58000.0,59900.0,33005300,False,2026-09-12/2026-09-18
VCB,2026-09-21,2026-09-25,60200.0,60200.0,57700.0,58000.0,20708000,False,2026-09-19/2026-09-25
VCB,2026-09-28,2026-10-02,58000.0,58400.0,58.0,58.0,8548200,False,2026-09-26/2026-10-02
VCG,2026-03-30,2026-04-03,18933.0,20444.0,18844.0,19022.0,54043200,False,2026-03-28/2026-04-03
VCG,2026-04-06,2026-04-10,19022.0,20844.0,18622.0,20311.0,60134700,False,2026-04-04/2026-04-10
VCG,2026-04-13,2026-04-17,20133.0,20844.0,19378.0,19778.0,50909500,False,2026-04-11/2026-04-17
VCG,2026-04-20,2026-04-24,19778.0,20711.0,19156.0,20356.0,43470200,False,2026-04-18/2026-04-24
VCG,2026-04-27,2026-05-01,20267.0,20311.0,19556.0,19689.0,16116000,False,2026-04-25/2026-05-01
VCG,2026-05-04,2026-05-08,19867.0,21067.0,19333.0,19600.0,70318800,False,2026-05-02/2026-05-08
VCG,2026-05-11,2026-05-15,19689.0,19733.0,19156.0,19200.0,28497600,False,2026-05-09/2026-05-15
VCG,2026-05-18,2026-05-22,19156.0,19200.0,17778.0,18667.0,28380600,False,2026-05-16/2026-05-22
VCG,2026-05-25,2026-05-29,18756.0,18800.0,17822.0,17822.0,14478900,False,2026-05-23/2026-05-29
VCG,2026-06-01,2026-06-05,17911.0,18089.0,17333.0,17333.0,14435900,False,2026-05-30/2026-06-05
VCG,2026-06-08,2026-06-12,16889.0,17956.0,16889.0,17422.0,14706100,False,2026-06-06/2026-06-12
VCG,2026-06-15,2026-06-19,17600.0,18178.0,17422.0,17600.0,10437100,False,2026-06-13/2026-06-19
VCG,2026-06-22,2026-06-26,17644.0,17733.0,17333.0,17422.0,10651200,False,2026-06-20/2026-06-26
VCG,2026-06-29,2026-07-03,17600.0,19333.0,17600.0,18400.0,31534300,False,2026-06-27/2026-07-03
VCG,2026-07-06,2026-07-10,18400.0,18844.0,17822.0,18044.0,18359100,False,2026-07-04/2026-07-10
VCG,2026-07-13,2026-07-17,18044.0,18250.0,16800.0,16800.0,19395700,False,2026-07-11/2026-07-17
VCG,2026-07-20,2026-07-24,16550.0,16550.0,15300.0,15550.0,21199600,False,2026-07-18/2026-07-24
VCG,2026-07-27,2026-07-31,15550.0,15800.0,14700.0,15500.0,14076700,False,2026-07-25/2026-07-31
VCG,2026-08-03,2026-08-07,15500.0,16200.0,15400.0,15650.0,13307900,False,2026-08-01/2026-08-07
VCG,2026-08-10,2026-08-14,15750.0,16600.0,15700.0,15800.0,11278600,False,2026-08-08/2026-08-14
VCG,2026-08-17,2026-08-21,15850.0,16050.0,15400.0,15900.0,7747400,False,2026-08-15/2026-08-21
VCG,2026-08-24,2026-08-28,16150.0,16600.0,15900.0,16000.0,13500100,False,2026-08-22/2026-08-28
VCG,2026-08-31,2026-09-04,15900.0,16100.0,15750.0,15750.0,3499100,False,2026-08-29/2026-09-04
VCG,2026-09-07,2026-09-11,15800.0,15850.0,15050.0,15050.0,10950100,False,2026-09-05/2026-09-11
VCG,2026-09-14,2026-09-18,15050.0,15100.0,14150.0,14400.0,10724300,False,2026-09-12/2026-09-18
VCG,2026-09-21,2026-09-25,14500.0,14550.0,13950.0,14050.0,7316300,False,2026-09-19/2026-09-25
VCG,2026-09-28,2026-10-02,14050.0,14150.0,13.65,13.65,4384600,False,2026-09-26/2026-10-02
VCI,2026-03-30,2026-04-03,26000.0,27950.0,25700.0,26500.0,55369000,False,2026-03-28/2026-04-03
VCI,2026-04-06,2026-04-10,26500.0,29000.0,26050.0,27900.0,55063500,False,2026-04-04/2026-04-10
VCI,2026-04-13,2026-04-17,27500.0,28500.0,27300.0,27300.0,37462300,False,2026-04-11/2026-04-17
VCI,2026-04-20,2026-04-24,27300.0,27750.0,26400.0,27000.0,33293700,False,2026-04-18/2026-04-24
VCI,2026-04-27,2026-05-01,27000.0,27050.0,25900.0,26200.0,13841500,False,2026-04-25/2026-05-01
VCI,2026-05-04,2026-05-08,26300.0,26750.0,25600.0,25950.0,44257400,False,2026-05-02/2026-05-08
VCI,2026-05-11,2026-05-15,26000.0,26450.0,25350.0,25600.0,35648000,False,2026-05-09/2026-05-15
VCI,2026-05-18,2026-05-22,25550.0,26300.0,24200.0,25000.0,45674600,False,2026-05-16/2026-05-22
VCI,2026-05-25,2026-05-29,25100.0,25550.0,24500.0,24650.0,26987200,False,2026-05-23/2026-05-29
VCI,2026-06-01,2026-06-05,24700.0,25100.0,24050.0,24150.0,26166000,False,2026-05-30/2026-06-05
VCI,2026-06-08,2026-06-12,23900.0,24050.0,23150.0,23600.0,25940700,False,2026-06-06/2026-06-12
VCI,2026-06-15,2026-06-19,24050.0,25100.0,23900.0,24600.0,36698800,False,2026-06-13/2026-06-19
VCI,2026-06-22,2026-06-26,24750.0,25400.0,24000.0,24050.0,28989900,False,2026-06-20/2026-06-26
VCI,2026-06-29,2026-07-03,24150.0,25400.0,24150.0,25100.0,32375300,False,2026-06-27/2026-07-03
VCI,2026-07-06,2026-07-10,25200.0,25900.0,24100.0,24450.0,41206700,False,2026-07-04/2026-07-10
VCI,2026-07-13,2026-07-17,24300.0,24400.0,21050.0,21250.0,49310800,False,2026-07-11/2026-07-17
VCI,2026-07-20,2026-07-24,21000.0,21000.0,19050.0,19800.0,48537700,False,2026-07-18/2026-07-24
VCI,2026-07-27,2026-07-31,20000.0,21800.0,18150.0,21300.0,59469200,False,2026-07-25/2026-07-31
VCI,2026-08-03,2026-08-07,21600.0,22250.0,21300.0,21750.0,45037800,False,2026-08-01/2026-08-07
VCI,2026-08-10,2026-08-14,22000.0,22850.0,21450.0,21800.0,48378600,False,2026-08-08/2026-08-14
VCI,2026-08-17,2026-08-21,21750.0,22100.0,20600.0,22100.0,38634500,False,2026-08-15/2026-08-21
VCI,2026-08-24,2026-08-28,22500.0,23150.0,22050.0,22850.0,59479400,False,2026-08-22/2026-08-28
VCI,2026-08-31,2026-09-04,22600.0,22850.0,22250.0,22300.0,14333100,False,2026-08-29/2026-09-04
VCI,2026-09-07,2026-09-11,22250.0,22550.0,20000.0,20050.0,48067800,False,2026-09-05/2026-09-11
VCI,2026-09-14,2026-09-18,20000.0,20900.0,19150.0,20650.0,61726900,False,2026-09-12/2026-09-18
VCI,2026-09-21,2026-09-25,20950.0,20950.0,19800.0,19800.0,36621400,False,2026-09-19/2026-09-25
VCI,2026-09-28,2026-10-02,19750.0,19900.0,19.35,19.35,19273400,False,2026-09-26/2026-10-02
VDS,2026-03-30,2026-04-03,14200.0,15300.0,13800.0,14450.0,4407500,False,2026-03-28/2026-04-03
VDS,2026-04-06,2026-04-10,14450.0,15500.0,14200.0,15200.0,3585100,False,2026-04-04/2026-04-10
VDS,2026-04-13,2026-04-17,15000.0,15550.0,14800.0,15000.0,3282200,False,2026-04-11/2026-04-17
VDS,2026-04-20,2026-04-24,14950.0,15100.0,14200.0,14350.0,2519900,False,2026-04-18/2026-04-24
VDS,2026-04-27,2026-05-01,14200.0,14450.0,14000.0,14450.0,770900,False,2026-04-25/2026-05-01
VDS,2026-05-04,2026-05-08,14450.0,14700.0,13850.0,13900.0,5510400,False,2026-05-02/2026-05-08
VDS,2026-05-11,2026-05-15,14000.0,14050.0,13450.0,13600.0,2944400,False,2026-05-09/2026-05-15
VDS,2026-05-18,2026-05-22,13350.0,13900.0,12850.0,13550.0,3483900,False,2026-05-16/2026-05-22
VDS,2026-05-25,2026-05-29,13600.0,14150.0,13350.0,13650.0,2867000,False,2026-05-23/2026-05-29
VDS,2026-06-01,2026-06-05,13650.0,14000.0,13350.0,13650.0,2072700,False,2026-05-30/2026-06-05
VDS,2026-06-08,2026-06-12,13500.0,14100.0,13200.0,13800.0,1672600,False,2026-06-06/2026-06-12
VDS,2026-06-15,2026-06-19,14000.0,15050.0,13900.0,14600.0,6831700,False,2026-06-13/2026-06-19
VDS,2026-06-22,2026-06-26,14750.0,14750.0,13850.0,13850.0,3466700,False,2026-06-20/2026-06-26
VDS,2026-06-29,2026-07-03,13750.0,15900.0,13700.0,15900.0,11748700,False,2026-06-27/2026-07-03
VDS,2026-07-06,2026-07-10,16100.0,16600.0,15050.0,15300.0,14094600,False,2026-07-04/2026-07-10
VDS,2026-07-13,2026-07-17,15200.0,15400.0,13200.0,13200.0,10132600,False,2026-07-11/2026-07-17
VDS,2026-07-20,2026-07-24,13300.0,13300.0,11800.0,12000.0,6531400,False,2026-07-18/2026-07-24
VDS,2026-07-27,2026-07-31,12100.0,12250.0,10700.0,11800.0,5376100,False,2026-07-25/2026-07-31
VDS,2026-08-03,2026-08-07,11850.0,12400.0,11800.0,11800.0,4196300,False,2026-08-01/2026-08-07
VDS,2026-08-10,2026-08-14,11950.0,12500.0,11500.0,11700.0,4411600,False,2026-08-08/2026-08-14
VDS,2026-08-17,2026-08-21,11750.0,12400.0,11450.0,12400.0,3484100,False,2026-08-15/2026-08-21
VDS,2026-08-24,2026-08-28,12400.0,12800.0,12000.0,12100.0,3745100,False,2026-08-22/2026-08-28
VDS,2026-08-31,2026-09-04,12100.0,12100.0,11800.0,11850.0,1103500,False,2026-08-29/2026-09-04
VDS,2026-09-07,2026-09-11,12000.0,12050.0,11000.0,11000.0,2985900,False,2026-09-05/2026-09-11
VDS,2026-09-14,2026-09-18,11000.0,11150.0,10400.0,10900.0,3151500,False,2026-09-12/2026-09-18
VDS,2026-09-21,2026-09-25,11000.0,11050.0,10300.0,10300.0,2029000,False,2026-09-19/2026-09-25
VDS,2026-09-28,2026-10-02,10300.0,10300.0,9.85,9.88,1786300,False,2026-09-26/2026-10-02
VGC,2026-03-30,2026-04-03,41908.0,44542.0,41344.0,42190.0,4238800,False,2026-03-28/2026-04-03
VGC,2026-04-06,2026-04-10,42190.0,44354.0,40779.0,43743.0,5017200,False,2026-04-04/2026-04-10
VGC,2026-04-13,2026-04-17,43649.0,45154.0,43084.0,43272.0,4676400,False,2026-04-11/2026-04-17
VGC,2026-04-20,2026-04-24,43272.0,43931.0,40497.0,41250.0,3582300,False,2026-04-18/2026-04-24
VGC,2026-04-27,2026-05-01,41203.0,41673.0,39698.0,40074.0,1107300,False,2026-04-25/2026-05-01
VGC,2026-05-04,2026-05-08,40262.0,42990.0,40215.0,41673.0,3628100,False,2026-05-02/2026-05-08
VGC,2026-05-11,2026-05-15,41861.0,42896.0,40450.0,41297.0,5488800,False,2026-05-09/2026-05-15
VGC,2026-05-18,2026-05-22,41250.0,41861.0,39745.0,40450.0,3221100,False,2026-05-16/2026-05-22
VGC,2026-05-25,2026-05-29,40497.0,41203.0,39792.0,39792.0,2177700,False,2026-05-23/2026-05-29
VGC,2026-06-01,2026-06-05,40168.0,40968.0,39039.0,39039.0,1824400,False,2026-05-30/2026-06-05
VGC,2026-06-08,2026-06-12,38992.0,39886.0,38428.0,39415.0,1551000,False,2026-06-06/2026-06-12
VGC,2026-06-15,2026-06-19,39839.0,41673.0,39792.0,40732.0,2257900,False,2026-06-13/2026-06-19
VGC,2026-06-22,2026-06-26,40732.0,40873.0,39133.0,39886.0,1372700,False,2026-06-20/2026-06-26
VGC,2026-06-29,2026-07-03,39886.0,42332.0,39792.0,40873.0,1941800,False,2026-06-27/2026-07-03
VGC,2026-07-06,2026-07-10,40873.0,40873.0,38051.0,39509.0,1337400,False,2026-07-04/2026-07-10
VGC,2026-07-13,2026-07-17,39086.0,39839.0,38145.0,38898.0,1347300,False,2026-07-11/2026-07-17
VGC,2026-07-20,2026-07-24,38804.0,38898.0,34147.0,35276.0,2666500,False,2026-07-18/2026-07-24
VGC,2026-07-27,2026-07-31,35653.0,37900.0,34000.0,37850.0,2020500,False,2026-07-25/2026-07-31
VGC,2026-08-03,2026-08-07,37850.0,40000.0,37300.0,38500.0,1985900,False,2026-08-01/2026-08-07
VGC,2026-08-10,2026-08-14,38800.0,41500.0,38750.0,40300.0,2985300,False,2026-08-08/2026-08-14
VGC,2026-08-17,2026-08-21,40300.0,41550.0,39500.0,41100.0,1372900,False,2026-08-15/2026-08-21
VGC,2026-08-24,2026-08-28,41400.0,41850.0,40450.0,40450.0,1712600,False,2026-08-22/2026-08-28
VGC,2026-08-31,2026-09-04,40450.0,40450.0,39200.0,39900.0,534200,False,2026-08-29/2026-09-04
VGC,2026-09-07,2026-09-11,39600.0,42200.0,39500.0,41000.0,1452900,False,2026-09-05/2026-09-11
VGC,2026-09-14,2026-09-18,40900.0,41200.0,38150.0,40500.0,1677600,False,2026-09-12/2026-09-18
VGC,2026-09-21,2026-09-25,40200.0,43100.0,39650.0,42750.0,2635500,False,2026-09-19/2026-09-25
VGC,2026-09-28,2026-10-02,43000.0,43250.0,42.95,45.0,3431700,False,2026-09-26/2026-10-02
VHC,2026-03-30,2026-04-03,57800.0,59600.0,57300.0,57400.0,2773300,False,2026-03-28/2026-04-03
VHC,2026-04-06,2026-04-10,57100.0,61900.0,56200.0,61200.0,4514600,False,2026-04-04/2026-04-10
VHC,2026-04-13,2026-04-17,60600.0,61900.0,60000.0,61300.0,2914600,False,2026-04-11/2026-04-17
VHC,2026-04-20,2026-04-24,61500.0,62900.0,60800.0,62400.0,6054400,False,2026-04-18/2026-04-24
VHC,2026-04-27,2026-05-01,62600.0,62600.0,59500.0,61200.0,2736200,False,2026-04-25/2026-05-01
VHC,2026-05-04,2026-05-08,61200.0,62800.0,60000.0,60500.0,8241900,False,2026-05-02/2026-05-08
VHC,2026-05-11,2026-05-15,61200.0,62300.0,60000.0,60000.0,4577300,False,2026-05-09/2026-05-15
VHC,2026-05-18,2026-05-22,60000.0,60000.0,57300.0,59000.0,1850400,False,2026-05-16/2026-05-22
VHC,2026-05-25,2026-05-29,59100.0,60500.0,58000.0,58700.0,1265200,False,2026-05-23/2026-05-29
VHC,2026-06-01,2026-06-05,59000.0,59000.0,57500.0,57500.0,820000,False,2026-05-30/2026-06-05
VHC,2026-06-08,2026-06-12,57500.0,57700.0,55400.0,57100.0,1441800,False,2026-06-06/2026-06-12
VHC,2026-06-15,2026-06-19,57400.0,58900.0,57400.0,57500.0,791600,False,2026-06-13/2026-06-19
VHC,2026-06-22,2026-06-26,57300.0,61100.0,57300.0,60100.0,2018900,False,2026-06-20/2026-06-26
VHC,2026-06-29,2026-07-03,60000.0,60500.0,59300.0,59300.0,789500,False,2026-06-27/2026-07-03
VHC,2026-07-06,2026-07-10,59500.0,60000.0,56200.0,57500.0,1062900,False,2026-07-04/2026-07-10
VHC,2026-07-13,2026-07-17,56700.0,57700.0,56000.0,57200.0,1207500,False,2026-07-11/2026-07-17
VHC,2026-07-20,2026-07-24,56300.0,57100.0,52400.0,53900.0,1381800,False,2026-07-18/2026-07-24
VHC,2026-07-27,2026-07-31,53600.0,54800.0,52600.0,52600.0,733400,False,2026-07-25/2026-07-31
VHC,2026-08-03,2026-08-07,53000.0,54500.0,51400.0,51400.0,1831600,False,2026-08-01/2026-08-07
VHC,2026-08-10,2026-08-14,51400.0,55800.0,51400.0,54400.0,3476800,False,2026-08-08/2026-08-14
VHC,2026-08-17,2026-08-21,54500.0,54800.0,52100.0,53000.0,1604800,False,2026-08-15/2026-08-21
VHC,2026-08-24,2026-08-28,53600.0,53600.0,52100.0,52100.0,1168400,False,2026-08-22/2026-08-28
VHC,2026-08-31,2026-09-04,52200.0,52500.0,51800.0,52500.0,651200,False,2026-08-29/2026-09-04
VHC,2026-09-07,2026-09-11,52800.0,53000.0,50100.0,50200.0,1594900,False,2026-09-05/2026-09-11
VHC,2026-09-14,2026-09-18,50200.0,51400.0,50000.0,50100.0,1342900,False,2026-09-12/2026-09-18
VHC,2026-09-21,2026-09-25,50500.0,50500.0,49400.0,49550.0,1733900,False,2026-09-19/2026-09-25
VHC,2026-09-28,2026-10-02,49550.0,49550.0,48.0,48.5,686300,False,2026-09-26/2026-10-02
VHM,2026-03-30,2026-04-03,48533.0,60185.0,48244.0,57393.0,28444400,False,2026-03-28/2026-04-03
VHM,2026-04-06,2026-04-10,56815.0,61389.0,54648.0,58307.0,19609700,False,2026-04-04/2026-04-10
VHM,2026-04-13,2026-04-17,57344.0,70537.0,56911.0,65337.0,33436500,False,2026-04-11/2026-04-17
VHM,2026-04-20,2026-04-24,65770.0,74630.0,63315.0,67985.0,32497200,False,2026-04-18/2026-04-24
VHM,2026-04-27,2026-05-01,67744.0,75063.0,67407.0,70296.0,16338600,False,2026-04-25/2026-05-01
VHM,2026-05-04,2026-05-08,71500.0,78963.0,68226.0,78963.0,33538800,False,2026-05-02/2026-05-08
VHM,2026-05-11,2026-05-15,79926.0,83441.0,71596.0,76074.0,36635200,False,2026-05-09/2026-05-15
VHM,2026-05-18,2026-05-22,75881.0,78530.0,72463.0,74052.0,28280900,False,2026-05-16/2026-05-22
VHM,2026-05-25,2026-05-29,74630.0,77807.0,69911.0,75111.0,28816100,False,2026-05-23/2026-05-29
VHM,2026-06-01,2026-06-05,75593.0,76074.0,68467.0,73185.0,21944800,False,2026-05-30/2026-06-05
VHM,2026-06-08,2026-06-12,71741.0,72463.0,66781.0,66781.0,14067600,False,2026-06-06/2026-06-12
VHM,2026-06-15,2026-06-19,67407.0,72126.0,62111.0,69959.0,30714400,False,2026-06-13/2026-06-19
VHM,2026-06-22,2026-06-26,70826.0,78915.0,70007.0,78000.0,32467600,False,2026-06-20/2026-06-26
VHM,2026-06-29,2026-07-03,79000.0,79050.0,73450.0,75800.0,18389900,False,2026-06-27/2026-07-03
VHM,2026-07-06,2026-07-10,79350.0,79350.0,73350.0,73500.0,18894200,False,2026-07-04/2026-07-10
VHM,2026-07-13,2026-07-17,73500.0,73500.0,66750.0,70250.0,21819900,False,2026-07-11/2026-07-17
VHM,2026-07-20,2026-07-24,69600.0,71000.0,63300.0,65000.0,21354000,False,2026-07-18/2026-07-24
VHM,2026-07-27,2026-07-31,65300.0,77000.0,64450.0,74050.0,24646500,False,2026-07-25/2026-07-31
VHM,2026-08-03,2026-08-07,74350.0,81700.0,72550.0,73000.0,48257800,False,2026-08-01/2026-08-07
VHM,2026-08-10,2026-08-14,72800.0,75500.0,68000.0,68200.0,42995800,False,2026-08-08/2026-08-14
VHM,2026-08-17,2026-08-21,68000.0,71900.0,66600.0,71700.0,22121100,False,2026-08-15/2026-08-21
VHM,2026-08-24,2026-08-28,72900.0,75200.0,72100.0,73000.0,29881400,False,2026-08-22/2026-08-28
VHM,2026-08-31,2026-09-04,72500.0,77000.0,71600.0,75200.0,19387300,False,2026-08-29/2026-09-04
VHM,2026-09-07,2026-09-11,76400.0,79500.0,69500.0,72000.0,55296100,False,2026-09-05/2026-09-11
VHM,2026-09-14,2026-09-18,71000.0,73900.0,70500.0,71000.0,52017500,False,2026-09-12/2026-09-18
VHM,2026-09-21,2026-09-25,71700.0,72000.0,65200.0,69100.0,60978900,False,2026-09-19/2026-09-25
VHM,2026-09-28,2026-10-02,69100.0,71000.0,68.5,68.5,22249200,False,2026-09-26/2026-10-02
VIB,2026-03-30,2026-04-03,14548.0,15068.0,14418.0,14418.0,21828500,False,2026-03-28/2026-04-03
VIB,2026-04-06,2026-04-10,14418.0,15198.0,14332.0,15111.0,32960900,False,2026-04-04/2026-04-10
VIB,2026-04-13,2026-04-17,15024.0,15631.0,14808.0,15024.0,44744800,False,2026-04-11/2026-04-17
VIB,2026-04-20,2026-04-24,15111.0,15198.0,14808.0,14938.0,29205400,False,2026-04-18/2026-04-24
VIB,2026-04-27,2026-05-01,15068.0,15154.0,14887.0,14887.0,10381800,False,2026-04-25/2026-05-01
VIB,2026-05-04,2026-05-08,15024.0,15024.0,14476.0,14659.0,21440300,False,2026-05-02/2026-05-08
VIB,2026-05-11,2026-05-15,14659.0,14842.0,14568.0,14705.0,19659100,False,2026-05-09/2026-05-15
VIB,2026-05-18,2026-05-22,14613.0,14705.0,13746.0,14339.0,26890500,False,2026-05-16/2026-05-22
VIB,2026-05-25,2026-05-29,14476.0,15481.0,14339.0,14705.0,67868500,False,2026-05-23/2026-05-29
VIB,2026-06-01,2026-06-05,14750.0,15024.0,14431.0,14750.0,43229500,False,2026-05-30/2026-06-05
VIB,2026-06-08,2026-06-12,14613.0,14979.0,14339.0,14750.0,39438800,False,2026-06-06/2026-06-12
VIB,2026-06-15,2026-06-19,14933.0,15116.0,14613.0,14659.0,45581800,False,2026-06-13/2026-06-19
VIB,2026-06-22,2026-06-26,14705.0,15070.0,14522.0,14750.0,35454200,False,2026-06-20/2026-06-26
VIB,2026-06-29,2026-07-03,14796.0,15344.0,14750.0,15024.0,62939500,False,2026-06-27/2026-07-03
VIB,2026-07-06,2026-07-10,15116.0,15161.0,14568.0,14568.0,40858600,False,2026-07-04/2026-07-10
VIB,2026-07-13,2026-07-17,14568.0,14613.0,13791.0,14065.0,34507400,False,2026-07-11/2026-07-17
VIB,2026-07-20,2026-07-24,14020.0,14065.0,12924.0,13152.0,47411500,False,2026-07-18/2026-07-24
VIB,2026-07-27,2026-07-31,13198.0,13654.0,12832.0,13243.0,29225500,False,2026-07-25/2026-07-31
VIB,2026-08-03,2026-08-07,13289.0,13883.0,13289.0,13380.0,32055600,False,2026-08-01/2026-08-07
VIB,2026-08-10,2026-08-14,13472.0,13746.0,13152.0,13152.0,21706200,False,2026-08-08/2026-08-14
VIB,2026-08-17,2026-08-21,13106.0,13517.0,12969.0,13472.0,16144900,False,2026-08-15/2026-08-21
VIB,2026-08-24,2026-08-28,13609.0,13837.0,13243.0,13654.0,28943700,False,2026-08-22/2026-08-28
VIB,2026-08-31,2026-09-04,13609.0,13837.0,13426.0,13746.0,12646600,False,2026-08-29/2026-09-04
VIB,2026-09-07,2026-09-11,13746.0,13837.0,13250.0,13250.0,24567000,False,2026-09-05/2026-09-11
VIB,2026-09-14,2026-09-18,13300.0,13750.0,13150.0,13600.0,20145900,False,2026-09-12/2026-09-18
VIB,2026-09-21,2026-09-25,13600.0,13750.0,13300.0,13400.0,18640700,False,2026-09-19/2026-09-25
VIB,2026-09-28,2026-10-02,13350.0,13450.0,13.25,13.35,10291400,False,2026-09-26/2026-10-02
VIC,2026-03-30,2026-04-03,128900.0,144900.0,127500.0,141000.0,16019700,False,2026-03-28/2026-04-03
VIC,2026-04-06,2026-04-10,141000.0,154000.0,139000.0,151700.0,13954900,False,2026-04-04/2026-04-10
VIC,2026-04-13,2026-04-17,151700.0,200000.0,149300.0,187900.0,28671600,False,2026-04-11/2026-04-17
VIC,2026-04-20,2026-04-24,186500.0,221900.0,178100.0,212100.0,21972700,False,2026-04-18/2026-04-24
VIC,2026-04-27,2026-05-01,210000.0,227800.0,209800.0,214000.0,10981100,False,2026-04-25/2026-05-01
VIC,2026-05-04,2026-05-08,217000.0,231000.0,204000.0,226000.0,17895100,False,2026-05-02/2026-05-08
VIC,2026-05-11,2026-05-15,225900.0,232000.0,206500.0,228000.0,22763100,False,2026-05-09/2026-05-15
VIC,2026-05-18,2026-05-22,226800.0,230200.0,209300.0,216500.0,19380000,False,2026-05-16/2026-05-22
VIC,2026-05-25,2026-05-29,216600.0,221200.0,204900.0,211300.0,14318400,False,2026-05-23/2026-05-29
VIC,2026-06-01,2026-06-05,211400.0,212500.0,191000.0,207000.0,14976100,False,2026-05-30/2026-06-05
VIC,2026-06-08,2026-06-12,204900.0,204900.0,190800.0,195500.0,11469600,False,2026-06-06/2026-06-12
VIC,2026-06-15,2026-06-19,196100.0,207500.0,184700.0,205500.0,21966600,False,2026-06-13/2026-06-19
VIC,2026-06-22,2026-06-26,205500.0,242000.0,203100.0,228000.0,17897600,False,2026-06-20/2026-06-26
VIC,2026-06-29,2026-07-03,227000.0,227700.0,212000.0,220300.0,13893400,False,2026-06-27/2026-07-03
VIC,2026-07-06,2026-07-10,222500.0,224700.0,215200.0,223000.0,14341300,False,2026-07-04/2026-07-10
VIC,2026-07-13,2026-07-17,223600.0,224000.0,211500.0,220000.0,17853500,False,2026-07-11/2026-07-17
VIC,2026-07-20,2026-07-24,219900.0,220200.0,200000.0,213100.0,18143500,False,2026-07-18/2026-07-24
VIC,2026-07-27,2026-07-31,215000.0,223800.0,209700.0,214100.0,19797000,False,2026-07-25/2026-07-31
VIC,2026-08-03,2026-08-07,216000.0,222000.0,212000.0,215000.0,25740700,False,2026-08-01/2026-08-07
VIC,2026-08-10,2026-08-14,213600.0,215800.0,195000.0,200400.0,28228400,False,2026-08-08/2026-08-14
VIC,2026-08-17,2026-08-21,200400.0,205700.0,194600.0,205000.0,24478000,False,2026-08-15/2026-08-21
VIC,2026-08-24,2026-08-28,208000.0,237800.0,208000.0,236000.0,40999800,False,2026-08-22/2026-08-28
VIC,2026-08-31,2026-09-04,232900.0,260000.0,226000.0,256100.0,15195400,False,2026-08-29/2026-09-04
VIC,2026-09-07,2026-09-11,256100.0,265000.0,240800.0,243300.0,25936000,False,2026-09-05/2026-09-11
VIC,2026-09-14,2026-09-18,242300.0,244500.0,235600.0,241200.0,29557800,False,2026-09-12/2026-09-18
VIC,2026-09-21,2026-09-25,243400.0,246400.0,227900.0,232000.0,12589200,False,2026-09-19/2026-09-25
VIC,2026-09-28,2026-10-02,232000.0,233100.0,227.5,227.9,3532600,False,2026-09-26/2026-10-02
VIP,2026-03-30,2026-04-03,10952.0,10952.0,10633.0,10678.0,856400,False,2026-03-28/2026-04-03
VIP,2026-04-06,2026-04-10,10678.0,10815.0,10450.0,10678.0,1223700,False,2026-04-04/2026-04-10
VIP,2026-04-13,2026-04-17,10815.0,10861.0,10633.0,10678.0,890400,False,2026-04-11/2026-04-17
VIP,2026-04-20,2026-04-24,10678.0,10861.0,10404.0,10587.0,1229800,False,2026-04-18/2026-04-24
VIP,2026-04-27,2026-05-01,10541.0,10633.0,10359.0,10450.0,257400,False,2026-04-25/2026-05-01
VIP,2026-05-04,2026-05-08,10541.0,10541.0,10404.0,10404.0,774200,False,2026-05-02/2026-05-08
VIP,2026-05-11,2026-05-15,10450.0,10496.0,10359.0,10450.0,651800,False,2026-05-09/2026-05-15
VIP,2026-05-18,2026-05-22,10450.0,10541.0,10222.0,10313.0,962200,False,2026-05-16/2026-05-22
VIP,2026-05-25,2026-05-29,10359.0,10450.0,10313.0,10359.0,648200,False,2026-05-23/2026-05-29
VIP,2026-06-01,2026-06-05,10404.0,10496.0,10313.0,10404.0,666000,False,2026-05-30/2026-06-05
VIP,2026-06-08,2026-06-12,10404.0,10496.0,10359.0,10359.0,596000,False,2026-06-06/2026-06-12
VIP,2026-06-15,2026-06-19,10404.0,10724.0,10404.0,10633.0,742000,False,2026-06-13/2026-06-19
VIP,2026-06-22,2026-06-26,10633.0,10769.0,10450.0,10450.0,831900,False,2026-06-20/2026-06-26
VIP,2026-06-29,2026-07-03,10300.0,10450.0,10200.0,10350.0,559200,False,2026-06-27/2026-07-03
VIP,2026-07-06,2026-07-10,10350.0,10350.0,10200.0,10250.0,230000,False,2026-07-04/2026-07-10
VIP,2026-07-13,2026-07-17,10250.0,10300.0,10050.0,10050.0,800200,False,2026-07-11/2026-07-17
VIP,2026-07-20,2026-07-24,10050.0,10150.0,9890.0,9970.0,427800,False,2026-07-18/2026-07-24
VIP,2026-07-27,2026-07-31,9990.0,10100.0,9760.0,10000.0,288500,False,2026-07-25/2026-07-31
VIP,2026-08-03,2026-08-07,10000.0,10050.0,9750.0,9850.0,279900,False,2026-08-01/2026-08-07
VIP,2026-08-10,2026-08-14,9910.0,9990.0,9730.0,9750.0,253400,False,2026-08-08/2026-08-14
VIP,2026-08-17,2026-08-21,9750.0,9990.0,9550.0,9750.0,206800,False,2026-08-15/2026-08-21
VIP,2026-08-24,2026-08-28,9750.0,9810.0,9600.0,9770.0,301100,False,2026-08-22/2026-08-28
VIP,2026-08-31,2026-09-04,9610.0,9780.0,9610.0,9760.0,62200,False,2026-08-29/2026-09-04
VIP,2026-09-07,2026-09-11,9760.0,9790.0,9650.0,9660.0,132400,False,2026-09-05/2026-09-11
VIP,2026-09-14,2026-09-18,9750.0,9800.0,9600.0,9730.0,184300,False,2026-09-12/2026-09-18
VIP,2026-09-21,2026-09-25,9730.0,9900.0,9690.0,9790.0,146000,False,2026-09-19/2026-09-25
VIP,2026-09-28,2026-10-02,9790.0,10000.0,9.8,9.88,230900,False,2026-09-26/2026-10-02
VIX,2026-03-30,2026-04-03,15458.0,16603.0,15315.0,15458.0,161132600,False,2026-03-28/2026-04-03
VIX,2026-04-06,2026-04-10,15458.0,17748.0,15124.0,17223.0,247899700,False,2026-04-04/2026-04-10
VIX,2026-04-13,2026-04-17,16937.0,17844.0,16698.0,16698.0,189677500,False,2026-04-11/2026-04-17
VIX,2026-04-20,2026-04-24,16364.0,16889.0,15553.0,15840.0,164591500,False,2026-04-18/2026-04-24
VIX,2026-04-27,2026-05-01,15935.0,16031.0,15553.0,15935.0,31872500,False,2026-04-25/2026-05-01
VIX,2026-05-04,2026-05-08,16078.0,17987.0,15697.0,17748.0,221986900,False,2026-05-02/2026-05-08
VIX,2026-05-11,2026-05-15,17987.0,18941.0,17271.0,17891.0,266050400,False,2026-05-09/2026-05-15
VIX,2026-05-18,2026-05-22,17557.0,18893.0,17176.0,17700.0,262506300,False,2026-05-16/2026-05-22
VIX,2026-05-25,2026-05-29,17796.0,18082.0,16555.0,16889.0,182193300,False,2026-05-23/2026-05-29
VIX,2026-06-01,2026-06-05,16889.0,17366.0,16555.0,16937.0,146068400,False,2026-05-30/2026-06-05
VIX,2026-06-08,2026-06-12,16555.0,16603.0,15935.0,16269.0,154978200,False,2026-06-06/2026-06-12
VIX,2026-06-15,2026-06-19,16508.0,17366.0,16460.0,16651.0,189790300,False,2026-06-13/2026-06-19
VIX,2026-06-22,2026-06-26,16698.0,16794.0,15887.0,16078.0,128108600,False,2026-06-20/2026-06-26
VIX,2026-06-29,2026-07-03,16174.0,16508.0,15983.0,16269.0,118964800,False,2026-06-27/2026-07-03
VIX,2026-07-06,2026-07-10,16364.0,16412.0,14695.0,14742.0,191847600,False,2026-07-04/2026-07-10
VIX,2026-07-13,2026-07-17,14742.0,14742.0,12595.0,13120.0,200413200,False,2026-07-11/2026-07-17
VIX,2026-07-20,2026-07-24,12643.0,12929.0,11403.0,11880.0,282253500,False,2026-07-18/2026-07-24
VIX,2026-07-27,2026-07-31,11975.0,12786.0,11021.0,12405.0,254020000,False,2026-07-25/2026-07-31
VIX,2026-08-03,2026-08-07,12548.0,13597.0,12500.0,12977.0,213556500,False,2026-08-01/2026-08-07
VIX,2026-08-10,2026-08-14,13025.0,13836.0,12691.0,12834.0,255427800,False,2026-08-08/2026-08-14
VIX,2026-08-17,2026-08-21,12786.0,13500.0,12309.0,13500.0,151086900,False,2026-08-15/2026-08-21
VIX,2026-08-24,2026-08-28,14000.0,14650.0,13700.0,14100.0,264168000,False,2026-08-22/2026-08-28
VIX,2026-08-31,2026-09-04,13950.0,14300.0,13900.0,14000.0,63071200,False,2026-08-29/2026-09-04
VIX,2026-09-07,2026-09-11,14050.0,14100.0,13250.0,13250.0,191300400,False,2026-09-05/2026-09-11
VIX,2026-09-14,2026-09-18,13150.0,13450.0,12350.0,13150.0,223439800,False,2026-09-12/2026-09-18
VIX,2026-09-21,2026-09-25,13300.0,13450.0,12650.0,12650.0,110074200,False,2026-09-19/2026-09-25
VIX,2026-09-28,2026-10-02,12650.0,12750.0,12.3,12.3,66908000,False,2026-09-26/2026-10-02
VJC,2026-03-30,2026-04-03,119224.0,131147.0,116917.0,123916.0,6291200,False,2026-03-28/2026-04-03
VJC,2026-04-06,2026-04-10,122301.0,130378.0,122301.0,128455.0,5339900,False,2026-04-04/2026-04-10
VJC,2026-04-13,2026-04-17,124147.0,137223.0,124070.0,136762.0,7969600,False,2026-04-11/2026-04-17
VJC,2026-04-20,2026-04-24,135300.0,138839.0,132454.0,138839.0,6288600,False,2026-04-18/2026-04-24
VJC,2026-04-27,2026-05-01,137531.0,139608.0,135454.0,138454.0,2849100,False,2026-04-25/2026-05-01
VJC,2026-05-04,2026-05-08,137300.0,146146.0,135531.0,135531.0,7359800,False,2026-05-02/2026-05-08
VJC,2026-05-11,2026-05-15,135531.0,139608.0,130301.0,131762.0,6238500,False,2026-05-09/2026-05-15
VJC,2026-05-18,2026-05-22,130378.0,133839.0,129916.0,130839.0,6507300,False,2026-05-16/2026-05-22
VJC,2026-05-25,2026-05-29,130839.0,133839.0,129608.0,132224.0,5158000,False,2026-05-23/2026-05-29
VJC,2026-06-01,2026-06-05,132224.0,141992.0,129839.0,141992.0,5695600,False,2026-05-30/2026-06-05
VJC,2026-06-08,2026-06-12,136916.0,141146.0,134531.0,139069.0,4479600,False,2026-06-06/2026-06-12
VJC,2026-06-15,2026-06-19,139223.0,144100.0,136300.0,140500.0,5314500,False,2026-06-13/2026-06-19
VJC,2026-06-22,2026-06-26,140500.0,141000.0,136100.0,139500.0,4859000,False,2026-06-20/2026-06-26
VJC,2026-06-29,2026-07-03,139500.0,142500.0,136600.0,141800.0,4634100,False,2026-06-27/2026-07-03
VJC,2026-07-06,2026-07-10,141800.0,142000.0,137100.0,138000.0,4280300,False,2026-07-04/2026-07-10
VJC,2026-07-13,2026-07-17,136800.0,137500.0,128400.0,131300.0,4726500,False,2026-07-11/2026-07-17
VJC,2026-07-20,2026-07-24,131000.0,134600.0,124500.0,127400.0,5253800,False,2026-07-18/2026-07-24
VJC,2026-07-27,2026-07-31,127000.0,129500.0,118100.0,125000.0,5875700,False,2026-07-25/2026-07-31
VJC,2026-08-03,2026-08-07,125100.0,128000.0,123700.0,125500.0,7055100,False,2026-08-01/2026-08-07
VJC,2026-08-10,2026-08-14,125700.0,128500.0,121700.0,123200.0,7295900,False,2026-08-08/2026-08-14
VJC,2026-08-17,2026-08-21,121500.0,125000.0,121500.0,124500.0,6522200,False,2026-08-15/2026-08-21
VJC,2026-08-24,2026-08-28,125000.0,128000.0,123800.0,125000.0,7020300,False,2026-08-22/2026-08-28
VJC,2026-08-31,2026-09-04,125000.0,126500.0,124500.0,124500.0,2230100,False,2026-08-29/2026-09-04
VJC,2026-09-07,2026-09-11,124700.0,126500.0,123700.0,124700.0,5106100,False,2026-09-05/2026-09-11
VJC,2026-09-14,2026-09-18,124600.0,129000.0,122500.0,129000.0,6145300,False,2026-09-12/2026-09-18
VJC,2026-09-21,2026-09-25,129000.0,138000.0,125100.0,132800.0,5855700,False,2026-09-19/2026-09-25
VJC,2026-09-28,2026-10-02,133000.0,134500.0,131.8,132.0,2680800,False,2026-09-26/2026-10-02
VND,2026-03-30,2026-04-03,14919.0,16037.0,14724.0,15210.0,59423900,False,2026-03-28/2026-04-03
VND,2026-04-06,2026-04-10,15210.0,16668.0,15065.0,16279.0,61820700,False,2026-04-04/2026-04-10
VND,2026-04-13,2026-04-17,16037.0,16717.0,15939.0,16085.0,50865800,False,2026-04-11/2026-04-17
VND,2026-04-20,2026-04-24,16085.0,16571.0,15648.0,15745.0,37698700,False,2026-04-18/2026-04-24
VND,2026-04-27,2026-05-01,15745.0,15891.0,15453.0,15648.0,14071500,False,2026-04-25/2026-05-01
VND,2026-05-04,2026-05-08,15842.0,16522.0,15502.0,15988.0,45320100,False,2026-05-02/2026-05-08
VND,2026-05-11,2026-05-15,15988.0,16328.0,15696.0,15988.0,40769500,False,2026-05-09/2026-05-15
VND,2026-05-18,2026-05-22,15939.0,16960.0,15599.0,16960.0,111839000,False,2026-05-16/2026-05-22
VND,2026-05-25,2026-05-29,17300.0,17883.0,16850.0,16850.0,107660400,False,2026-05-23/2026-05-29
VND,2026-06-01,2026-06-05,16800.0,18250.0,16800.0,17600.0,91293000,False,2026-05-30/2026-06-05
VND,2026-06-08,2026-06-12,17350.0,17700.0,16650.0,17100.0,78422600,False,2026-06-06/2026-06-12
VND,2026-06-15,2026-06-19,17500.0,18550.0,17450.0,17700.0,92003400,False,2026-06-13/2026-06-19
VND,2026-06-22,2026-06-26,17700.0,18300.0,17100.0,17600.0,80098600,False,2026-06-20/2026-06-26
VND,2026-06-29,2026-07-03,17600.0,18700.0,17350.0,18400.0,72408400,False,2026-06-27/2026-07-03
VND,2026-07-06,2026-07-10,18400.0,19100.0,17650.0,18000.0,98796100,False,2026-07-04/2026-07-10
VND,2026-07-13,2026-07-17,17750.0,17900.0,16500.0,17850.0,79359200,False,2026-07-11/2026-07-17
VND,2026-07-20,2026-07-24,17800.0,17800.0,16000.0,16500.0,75626100,False,2026-07-18/2026-07-24
VND,2026-07-27,2026-07-31,16700.0,17200.0,14900.0,16600.0,65018400,False,2026-07-25/2026-07-31
VND,2026-08-03,2026-08-07,16750.0,17200.0,16600.0,16650.0,44335700,False,2026-08-01/2026-08-07
VND,2026-08-10,2026-08-14,16800.0,17350.0,16150.0,16250.0,54367200,False,2026-08-08/2026-08-14
VND,2026-08-17,2026-08-21,16300.0,16900.0,15650.0,16900.0,47103200,False,2026-08-15/2026-08-21
VND,2026-08-24,2026-08-28,17150.0,17200.0,16550.0,16650.0,52502400,False,2026-08-22/2026-08-28
VND,2026-08-31,2026-09-04,16550.0,16600.0,16300.0,16350.0,14481900,False,2026-08-29/2026-09-04
VND,2026-09-07,2026-09-11,16350.0,16450.0,15150.0,15150.0,42370700,False,2026-09-05/2026-09-11
VND,2026-09-14,2026-09-18,15200.0,15350.0,14400.0,15200.0,68110100,False,2026-09-12/2026-09-18
VND,2026-09-21,2026-09-25,15300.0,15300.0,14300.0,14350.0,41714800,False,2026-09-19/2026-09-25
VND,2026-09-28,2026-10-02,14350.0,14400.0,13.85,13.85,25865900,False,2026-09-26/2026-10-02
VNM,2026-03-30,2026-04-03,58729.0,60280.0,58148.0,58148.0,21488900,False,2026-03-28/2026-04-03
VNM,2026-04-06,2026-04-10,58148.0,62024.0,58148.0,60861.0,19060500,False,2026-04-04/2026-04-10
VNM,2026-04-13,2026-04-17,60473.0,61539.0,59214.0,59407.0,17456800,False,2026-04-11/2026-04-17
VNM,2026-04-20,2026-04-24,59504.0,60764.0,58632.0,59504.0,22588200,False,2026-04-18/2026-04-24
VNM,2026-04-27,2026-05-01,59310.0,59407.0,58438.0,59020.0,5628000,False,2026-04-25/2026-05-01
VNM,2026-05-04,2026-05-08,59214.0,59892.0,58535.0,59020.0,14754900,False,2026-05-02/2026-05-08
VNM,2026-05-11,2026-05-15,59214.0,59214.0,56888.0,57954.0,21581500,False,2026-05-09/2026-05-15
VNM,2026-05-18,2026-05-22,57663.0,58826.0,56791.0,57663.0,22594200,False,2026-05-16/2026-05-22
VNM,2026-05-25,2026-05-29,57663.0,57954.0,56888.0,57372.0,12204100,False,2026-05-23/2026-05-29
VNM,2026-06-01,2026-06-05,57372.0,57469.0,56306.0,56597.0,13028300,False,2026-05-30/2026-06-05
VNM,2026-06-08,2026-06-12,56403.0,57954.0,56015.0,57178.0,12054800,False,2026-06-06/2026-06-12
VNM,2026-06-15,2026-06-19,57469.0,57954.0,57081.0,57178.0,12722800,False,2026-06-13/2026-06-19
VNM,2026-06-22,2026-06-26,57663.0,57760.0,55900.0,56300.0,11802200,False,2026-06-20/2026-06-26
VNM,2026-06-29,2026-07-03,56500.0,56500.0,54700.0,54900.0,20951200,False,2026-06-27/2026-07-03
VNM,2026-07-06,2026-07-10,55000.0,56700.0,54600.0,56600.0,16570500,False,2026-07-04/2026-07-10
VNM,2026-07-13,2026-07-17,56600.0,59400.0,55200.0,59000.0,21171300,False,2026-07-11/2026-07-17
VNM,2026-07-20,2026-07-24,58800.0,60100.0,56900.0,58900.0,27638200,False,2026-07-18/2026-07-24
VNM,2026-07-27,2026-07-31,59200.0,61400.0,57700.0,60900.0,26551900,False,2026-07-25/2026-07-31
VNM,2026-08-03,2026-08-07,60900.0,63100.0,58600.0,62000.0,33669000,False,2026-08-01/2026-08-07
VNM,2026-08-10,2026-08-14,61600.0,63300.0,61000.0,61600.0,18631200,False,2026-08-08/2026-08-14
VNM,2026-08-17,2026-08-21,61700.0,64300.0,61600.0,63800.0,19366500,False,2026-08-15/2026-08-21
VNM,2026-08-24,2026-08-28,64000.0,64400.0,62300.0,62300.0,14116300,False,2026-08-22/2026-08-28
VNM,2026-08-31,2026-09-04,62200.0,62300.0,61200.0,61900.0,5854000,False,2026-08-29/2026-09-04
VNM,2026-09-07,2026-09-11,61900.0,62200.0,59800.0,59900.0,12436800,False,2026-09-05/2026-09-11
VNM,2026-09-14,2026-09-18,59700.0,61200.0,58600.0,61200.0,14380100,False,2026-09-12/2026-09-18
VNM,2026-09-21,2026-09-25,61200.0,61300.0,59700.0,59800.0,8906100,False,2026-09-19/2026-09-25
VNM,2026-09-28,2026-10-02,59700.0,60500.0,59.4,59.4,4767800,False,2026-09-26/2026-10-02
VPB,2026-03-30,2026-04-03,19990.0,21314.0,19912.0,20107.0,74407100,False,2026-03-28/2026-04-03
VPB,2026-04-06,2026-04-10,20107.0,21743.0,19873.0,21276.0,73732800,False,2026-04-04/2026-04-10
VPB,2026-04-13,2026-04-17,21042.0,22211.0,20886.0,22016.0,81321400,False,2026-04-11/2026-04-17
VPB,2026-04-20,2026-04-24,22211.0,22211.0,21198.0,21237.0,62895400,False,2026-04-18/2026-04-24
VPB,2026-04-27,2026-05-01,21237.0,21392.0,20652.0,20652.0,26513700,False,2026-04-25/2026-05-01
VPB,2026-05-04,2026-05-08,20808.0,22055.0,20652.0,21782.0,80967600,False,2026-05-02/2026-05-08
VPB,2026-05-11,2026-05-15,21743.0,22407.0,21431.0,21852.0,80654100,False,2026-05-09/2026-05-15
VPB,2026-05-18,2026-05-22,21772.0,21812.0,20345.0,21257.0,76840400,False,2026-05-16/2026-05-22
VPB,2026-05-25,2026-05-29,21257.0,22407.0,21257.0,21495.0,69808500,False,2026-05-23/2026-05-29
VPB,2026-06-01,2026-06-05,21415.0,21574.0,20702.0,20979.0,50295400,False,2026-05-30/2026-06-05
VPB,2026-06-08,2026-06-12,20741.0,21019.0,20305.0,20622.0,54768600,False,2026-06-06/2026-06-12
VPB,2026-06-15,2026-06-19,21019.0,21257.0,20503.0,20543.0,72632200,False,2026-06-13/2026-06-19
VPB,2026-06-22,2026-06-26,20543.0,21614.0,20464.0,21217.0,55723800,False,2026-06-20/2026-06-26
VPB,2026-06-29,2026-07-03,21257.0,22209.0,21257.0,22050.0,68839700,False,2026-06-27/2026-07-03
VPB,2026-07-06,2026-07-10,22050.0,22288.0,21178.0,21178.0,64537600,False,2026-07-04/2026-07-10
VPB,2026-07-13,2026-07-17,20979.0,21059.0,19869.0,20503.0,83199900,False,2026-07-11/2026-07-17
VPB,2026-07-20,2026-07-24,20503.0,20622.0,19036.0,19789.0,94229800,False,2026-07-18/2026-07-24
VPB,2026-07-27,2026-07-31,19750.0,20226.0,18996.0,19670.0,60068100,False,2026-07-25/2026-07-31
VPB,2026-08-03,2026-08-07,19750.0,20622.0,19552.0,19829.0,77226300,False,2026-08-01/2026-08-07
VPB,2026-08-10,2026-08-14,19908.0,20622.0,19710.0,19908.0,63130000,False,2026-08-08/2026-08-14
VPB,2026-08-17,2026-08-21,19750.0,20384.0,19433.0,20384.0,64765000,False,2026-08-15/2026-08-21
VPB,2026-08-24,2026-08-28,20702.0,22129.0,20543.0,22050.0,110625800,False,2026-08-22/2026-08-28
VPB,2026-08-31,2026-09-04,21733.0,22050.0,21376.0,22050.0,43183800,False,2026-08-29/2026-09-04
VPB,2026-09-07,2026-09-11,22129.0,22367.0,21296.0,21376.0,75170000,False,2026-09-05/2026-09-11
VPB,2026-09-14,2026-09-18,21376.0,23041.0,21296.0,21772.0,146448700,False,2026-09-12/2026-09-18
VPB,2026-09-21,2026-09-25,22090.0,23600.0,21891.0,23000.0,143632700,False,2026-09-19/2026-09-25
VPB,2026-09-28,2026-10-02,23150.0,23200.0,22.9,23.4,53867000,False,2026-09-26/2026-10-02
VPG,2026-03-30,2026-04-03,4330.0,4330.0,4000.0,4020.0,1057300,False,2026-03-28/2026-04-03
VPG,2026-04-06,2026-04-10,4020.0,4090.0,3590.0,3810.0,2567700,False,2026-04-04/2026-04-10
VPG,2026-04-13,2026-04-17,3660.0,3810.0,3590.0,3620.0,1620300,False,2026-04-11/2026-04-17
VPG,2026-04-20,2026-04-24,3600.0,4140.0,3480.0,3490.0,2531800,False,2026-04-18/2026-04-24
VPG,2026-04-27,2026-05-01,3500.0,3590.0,3480.0,3490.0,433000,False,2026-04-25/2026-05-01
VPG,2026-05-04,2026-05-08,3510.0,3670.0,3470.0,3500.0,1110100,False,2026-05-02/2026-05-08
VPG,2026-05-11,2026-05-15,3480.0,4040.0,3470.0,3600.0,2400000,False,2026-05-09/2026-05-15
VPG,2026-05-18,2026-05-22,3720.0,3720.0,3340.0,3350.0,734900,False,2026-05-16/2026-05-22
VPG,2026-05-25,2026-05-29,3430.0,3430.0,3210.0,3210.0,556700,False,2026-05-23/2026-05-29
VPG,2026-06-01,2026-06-05,3160.0,3220.0,2930.0,2940.0,1134700,False,2026-05-30/2026-06-05
VPG,2026-06-08,2026-06-12,2850.0,3210.0,2820.0,2910.0,1696000,False,2026-06-06/2026-06-12
VPG,2026-06-15,2026-06-19,2910.0,2970.0,2850.0,2890.0,1518800,False,2026-06-13/2026-06-19
VPG,2026-06-22,2026-06-26,2930.0,2930.0,2520.0,2620.0,1012500,False,2026-06-20/2026-06-26
VPG,2026-06-29,2026-07-03,2620.0,2660.0,2530.0,2570.0,747900,False,2026-06-27/2026-07-03
VPG,2026-07-06,2026-07-10,2570.0,2570.0,2000.0,2000.0,2070800,False,2026-07-04/2026-07-10
VPG,2026-07-13,2026-07-17,1860.0,2090.0,1790.0,1990.0,2112300,False,2026-07-11/2026-07-17
VPG,2026-07-20,2026-07-24,1980.0,2020.0,1800.0,1900.0,931300,False,2026-07-18/2026-07-24
VPG,2026-07-27,2026-07-31,1860.0,2030.0,1810.0,1870.0,1356400,False,2026-07-25/2026-07-31
VPG,2026-08-03,2026-08-07,1870.0,1930.0,1840.0,1850.0,760700,False,2026-08-01/2026-08-07
VPG,2026-08-10,2026-08-14,1890.0,1970.0,1830.0,1830.0,999500,False,2026-08-08/2026-08-14
VPG,2026-08-17,2026-08-21,1870.0,1870.0,1700.0,1820.0,1304400,False,2026-08-15/2026-08-21
VPG,2026-08-24,2026-08-28,1820.0,1820.0,1700.0,1780.0,1078500,False,2026-08-22/2026-08-28
VPG,2026-08-31,2026-09-04,1780.0,1780.0,1720.0,1760.0,189300,False,2026-08-29/2026-09-04
VPG,2026-09-07,2026-09-11,1720.0,1740.0,1650.0,1650.0,643400,False,2026-09-05/2026-09-11
VPG,2026-09-14,2026-09-18,1650.0,1660.0,1480.0,1480.0,800600,False,2026-09-12/2026-09-18
VPG,2026-09-21,2026-09-25,1480.0,1530.0,1300.0,1530.0,2508900,False,2026-09-19/2026-09-25
VPG,2026-09-28,2026-10-02,1630.0,1630.0,1.4,1.42,1186200,False,2026-09-26/2026-10-02
VPI,2026-03-30,2026-04-03,51879.0,53242.0,50789.0,52697.0,7550600,False,2026-03-28/2026-04-03
VPI,2026-04-06,2026-04-10,52697.0,53424.0,50789.0,51334.0,4123700,False,2026-04-04/2026-04-10
VPI,2026-04-13,2026-04-17,51334.0,55967.0,50880.0,55877.0,7877500,False,2026-04-11/2026-04-17
VPI,2026-04-20,2026-04-24,55513.0,56422.0,52788.0,54332.0,31482700,False,2026-04-18/2026-04-24
VPI,2026-04-27,2026-05-01,54150.0,55967.0,54059.0,55786.0,9420500,False,2026-04-25/2026-05-01
VPI,2026-05-04,2026-05-08,55786.0,56967.0,54423.0,55877.0,28215400,False,2026-05-02/2026-05-08
VPI,2026-05-11,2026-05-15,55877.0,57694.0,53514.0,56240.0,26464900,False,2026-05-09/2026-05-15
VPI,2026-05-18,2026-05-22,56331.0,57694.0,53151.0,53787.0,15855200,False,2026-05-16/2026-05-22
VPI,2026-05-25,2026-05-29,53787.0,56785.0,53787.0,56603.0,9810800,False,2026-05-23/2026-05-29
VPI,2026-06-01,2026-06-05,56603.0,57330.0,53605.0,53787.0,6966200,False,2026-05-30/2026-06-05
VPI,2026-06-08,2026-06-12,53787.0,56149.0,52697.0,55967.0,6542400,False,2026-06-06/2026-06-12
VPI,2026-06-15,2026-06-19,55967.0,56876.0,53151.0,53514.0,8202300,False,2026-06-13/2026-06-19
VPI,2026-06-22,2026-06-26,53333.0,57239.0,53242.0,56149.0,6073500,False,2026-06-20/2026-06-26
VPI,2026-06-29,2026-07-03,56149.0,56876.0,55513.0,55877.0,4538100,False,2026-06-27/2026-07-03
VPI,2026-07-06,2026-07-10,55786.0,57966.0,55331.0,56694.0,2557600,False,2026-07-04/2026-07-10
VPI,2026-07-13,2026-07-17,56694.0,56785.0,54059.0,55604.0,6252200,False,2026-07-11/2026-07-17
VPI,2026-07-20,2026-07-24,55604.0,58330.0,55241.0,57785.0,7522000,False,2026-07-18/2026-07-24
VPI,2026-07-27,2026-07-31,57875.0,60510.0,56058.0,58057.0,7860200,False,2026-07-25/2026-07-31
VPI,2026-08-03,2026-08-07,57875.0,59693.0,56240.0,56513.0,7589300,False,2026-08-01/2026-08-07
VPI,2026-08-10,2026-08-14,56422.0,57421.0,53151.0,55241.0,16055200,False,2026-08-08/2026-08-14
VPI,2026-08-17,2026-08-21,55241.0,59057.0,54241.0,59057.0,10097000,False,2026-08-15/2026-08-21
VPI,2026-08-24,2026-08-28,58966.0,62691.0,58148.0,61873.0,10101800,False,2026-08-22/2026-08-28
VPI,2026-08-31,2026-09-04,61964.0,63054.0,61419.0,62600.0,4441800,False,2026-08-29/2026-09-04
VPI,2026-09-07,2026-09-11,62500.0,62600.0,57200.0,59600.0,13933500,False,2026-09-05/2026-09-11
VPI,2026-09-14,2026-09-18,59300.0,63400.0,58900.0,62900.0,10128800,False,2026-09-12/2026-09-18
VPI,2026-09-21,2026-09-25,62900.0,62900.0,59000.0,62200.0,7095500,False,2026-09-19/2026-09-25
VPI,2026-09-28,2026-10-02,61800.0,62000.0,59.3,59.3,3482000,False,2026-09-26/2026-10-02
VPL,2026-03-30,2026-04-03,81700.0,89700.0,80000.0,83200.0,5524800,False,2026-03-28/2026-04-03
VPL,2026-04-06,2026-04-10,83300.0,85500.0,78800.0,81000.0,3399100,False,2026-04-04/2026-04-10
VPL,2026-04-13,2026-04-17,79100.0,88000.0,79100.0,82800.0,4964700,False,2026-04-11/2026-04-17
VPL,2026-04-20,2026-04-24,83000.0,87000.0,80800.0,81500.0,4759700,False,2026-04-18/2026-04-24
VPL,2026-04-27,2026-05-01,81500.0,87900.0,80800.0,85700.0,1893900,False,2026-04-25/2026-05-01
VPL,2026-05-04,2026-05-08,85000.0,92000.0,83700.0,91500.0,6454600,False,2026-05-02/2026-05-08
VPL,2026-05-11,2026-05-15,91500.0,93000.0,83300.0,88400.0,4545700,False,2026-05-09/2026-05-15
VPL,2026-05-18,2026-05-22,87600.0,95000.0,86700.0,93400.0,4261100,False,2026-05-16/2026-05-22
VPL,2026-05-25,2026-05-29,91600.0,99500.0,90000.0,93500.0,3771000,False,2026-05-23/2026-05-29
VPL,2026-06-01,2026-06-05,93600.0,94000.0,88200.0,91500.0,3616300,False,2026-05-30/2026-06-05
VPL,2026-06-08,2026-06-12,90000.0,91000.0,87000.0,87000.0,3472800,False,2026-06-06/2026-06-12
VPL,2026-06-15,2026-06-19,87700.0,92700.0,85500.0,91000.0,6015200,False,2026-06-13/2026-06-19
VPL,2026-06-22,2026-06-26,89400.0,93900.0,86200.0,88800.0,3957300,False,2026-06-20/2026-06-26
VPL,2026-06-29,2026-07-03,87600.0,89800.0,85800.0,85800.0,3292800,False,2026-06-27/2026-07-03
VPL,2026-07-06,2026-07-10,86400.0,86400.0,81200.0,82300.0,3609800,False,2026-07-04/2026-07-10
VPL,2026-07-13,2026-07-17,82300.0,83200.0,79400.0,79800.0,4058900,False,2026-07-11/2026-07-17
VPL,2026-07-20,2026-07-24,79800.0,79800.0,71500.0,74500.0,3875400,False,2026-07-18/2026-07-24
VPL,2026-07-27,2026-07-31,74400.0,80500.0,72000.0,79600.0,2435300,False,2026-07-25/2026-07-31
VPL,2026-08-03,2026-08-07,79000.0,81200.0,77600.0,79000.0,3021000,False,2026-08-01/2026-08-07
VPL,2026-08-10,2026-08-14,79100.0,79100.0,74500.0,74500.0,2755800,False,2026-08-08/2026-08-14
VPL,2026-08-17,2026-08-21,74000.0,76900.0,74000.0,76900.0,2654700,False,2026-08-15/2026-08-21
VPL,2026-08-24,2026-08-28,77200.0,78200.0,74900.0,77600.0,3053700,False,2026-08-22/2026-08-28
VPL,2026-08-31,2026-09-04,77000.0,79400.0,76500.0,77500.0,1364500,False,2026-08-29/2026-09-04
VPL,2026-09-07,2026-09-11,79000.0,88200.0,78700.0,82500.0,6254100,False,2026-09-05/2026-09-11
VPL,2026-09-14,2026-09-18,83000.0,87600.0,81200.0,81200.0,8661100,False,2026-09-12/2026-09-18
VPL,2026-09-21,2026-09-25,82500.0,82900.0,76600.0,79700.0,4293900,False,2026-09-19/2026-09-25
VPL,2026-09-28,2026-10-02,79600.0,80000.0,78.5,79.2,1738300,False,2026-09-26/2026-10-02
VRC,2026-03-30,2026-04-03,13200.0,14200.0,12500.0,13000.0,1204900,False,2026-03-28/2026-04-03
VRC,2026-04-06,2026-04-10,13000.0,13100.0,11650.0,12800.0,34400,False,2026-04-04/2026-04-10
VRC,2026-04-13,2026-04-17,12800.0,13000.0,12200.0,12800.0,11600,False,2026-04-11/2026-04-17
VRC,2026-04-20,2026-04-24,12500.0,13000.0,12150.0,12800.0,48200,False,2026-04-18/2026-04-24
VRC,2026-04-27,2026-05-01,12600.0,12700.0,12300.0,12600.0,55600,False,2026-04-25/2026-05-01
VRC,2026-05-04,2026-05-08,12300.0,12850.0,12000.0,12800.0,124800,False,2026-05-02/2026-05-08
VRC,2026-05-11,2026-05-15,13000.0,13600.0,12250.0,12450.0,61400,False,2026-05-09/2026-05-15
VRC,2026-05-18,2026-05-22,12450.0,13650.0,12150.0,13650.0,118600,False,2026-05-16/2026-05-22
VRC,2026-05-25,2026-05-29,13600.0,13600.0,12350.0,13250.0,38900,False,2026-05-23/2026-05-29
VRC,2026-06-01,2026-06-05,12400.0,13250.0,12200.0,12550.0,95300,False,2026-05-30/2026-06-05
VRC,2026-06-08,2026-06-12,12950.0,13000.0,12200.0,12800.0,24100,False,2026-06-06/2026-06-12
VRC,2026-06-15,2026-06-19,12800.0,13100.0,12000.0,12800.0,104200,False,2026-06-13/2026-06-19
VRC,2026-06-22,2026-06-26,12300.0,12700.0,11450.0,11850.0,101100,False,2026-06-20/2026-06-26
VRC,2026-06-29,2026-07-03,11900.0,12200.0,11700.0,12100.0,114800,False,2026-06-27/2026-07-03
VRC,2026-07-06,2026-07-10,12000.0,12700.0,11350.0,12700.0,797000,False,2026-07-04/2026-07-10
VRC,2026-07-13,2026-07-17,12000.0,12950.0,11800.0,12700.0,2043100,False,2026-07-11/2026-07-17
VRC,2026-07-20,2026-07-24,12500.0,12650.0,11550.0,12400.0,930400,False,2026-07-18/2026-07-24
VRC,2026-07-27,2026-07-31,11750.0,12600.0,11450.0,12500.0,144100,False,2026-07-25/2026-07-31
VRC,2026-08-03,2026-08-07,12500.0,12500.0,11400.0,11700.0,1093500,False,2026-08-01/2026-08-07
VRC,2026-08-10,2026-08-14,11950.0,11950.0,11500.0,11900.0,101300,False,2026-08-08/2026-08-14
VRC,2026-08-17,2026-08-21,11800.0,11800.0,11000.0,11650.0,106100,False,2026-08-15/2026-08-21
VRC,2026-08-24,2026-08-28,11150.0,11900.0,10600.0,11300.0,22000,False,2026-08-22/2026-08-28
VRC,2026-08-31,2026-09-04,11250.0,11650.0,11250.0,11650.0,600,False,2026-08-29/2026-09-04
VRC,2026-09-07,2026-09-11,11300.0,11650.0,10400.0,11450.0,467800,False,2026-09-05/2026-09-11
VRC,2026-09-14,2026-09-18,11200.0,11600.0,10900.0,11300.0,45400,False,2026-09-12/2026-09-18
VRC,2026-09-21,2026-09-25,11350.0,11350.0,10650.0,11150.0,10700,False,2026-09-19/2026-09-25
VRC,2026-09-28,2026-10-02,11400.0,11800.0,11.7,11.8,217300,False,2026-09-26/2026-10-02
VRE,2026-03-30,2026-04-03,24144.0,27331.0,24144.0,25592.0,28195300,False,2026-03-28/2026-04-03
VRE,2026-04-06,2026-04-10,25399.0,27089.0,24627.0,26558.0,24106300,False,2026-04-04/2026-04-10
VRE,2026-04-13,2026-04-17,26075.0,29600.0,25979.0,27621.0,45855100,False,2026-04-11/2026-04-17
VRE,2026-04-20,2026-04-24,27621.0,29455.0,27186.0,27814.0,41406800,False,2026-04-18/2026-04-24
VRE,2026-04-27,2026-05-01,27814.0,31677.0,27765.0,31194.0,33397500,False,2026-04-25/2026-05-01
VRE,2026-05-04,2026-05-08,31580.0,36216.0,31435.0,34671.0,57753700,False,2026-05-02/2026-05-08
VRE,2026-05-11,2026-05-15,34719.0,35926.0,31822.0,32836.0,51255900,False,2026-05-09/2026-05-15
VRE,2026-05-18,2026-05-22,32498.0,33029.0,30276.0,30614.0,36872300,False,2026-05-16/2026-05-22
VRE,2026-05-25,2026-05-29,30904.0,31966.0,30035.0,31146.0,24092100,False,2026-05-23/2026-05-29
VRE,2026-06-01,2026-06-05,31097.0,31097.0,28393.0,30131.0,22117400,False,2026-05-30/2026-06-05
VRE,2026-06-08,2026-06-12,29842.0,29842.0,27621.0,27621.0,16252600,False,2026-06-06/2026-06-12
VRE,2026-06-15,2026-06-19,28007.0,29697.0,26606.0,28345.0,32777400,False,2026-06-13/2026-06-19
VRE,2026-06-22,2026-06-26,28441.0,30325.0,28055.0,28973.0,33518100,False,2026-06-20/2026-06-26
VRE,2026-06-29,2026-07-03,28973.0,28973.0,28050.0,28150.0,18015500,False,2026-06-27/2026-07-03
VRE,2026-07-06,2026-07-10,28450.0,28900.0,26300.0,26350.0,20594900,False,2026-07-04/2026-07-10
VRE,2026-07-13,2026-07-17,26400.0,26450.0,24550.0,24550.0,23178900,False,2026-07-11/2026-07-17
VRE,2026-07-20,2026-07-24,24500.0,24550.0,21350.0,21900.0,30302300,False,2026-07-18/2026-07-24
VRE,2026-07-27,2026-07-31,21900.0,25750.0,20900.0,24800.0,35265200,False,2026-07-25/2026-07-31
VRE,2026-08-03,2026-08-07,24800.0,26800.0,24350.0,24950.0,37150000,False,2026-08-01/2026-08-07
VRE,2026-08-10,2026-08-14,25300.0,26000.0,23650.0,23950.0,29563200,False,2026-08-08/2026-08-14
VRE,2026-08-17,2026-08-21,24000.0,25300.0,23900.0,25300.0,16941600,False,2026-08-15/2026-08-21
VRE,2026-08-24,2026-08-28,25600.0,26800.0,25050.0,26100.0,32427500,False,2026-08-22/2026-08-28
VRE,2026-08-31,2026-09-04,26100.0,27000.0,25850.0,26500.0,12417100,False,2026-08-29/2026-09-04
VRE,2026-09-07,2026-09-11,26500.0,27950.0,25600.0,25600.0,28949600,False,2026-09-05/2026-09-11
VRE,2026-09-14,2026-09-18,25350.0,26400.0,24750.0,25500.0,24385700,False,2026-09-12/2026-09-18
VRE,2026-09-21,2026-09-25,25800.0,25900.0,24050.0,24500.0,22556800,False,2026-09-19/2026-09-25
VRE,2026-09-28,2026-10-02,24500.0,24800.0,24.1,24.35,8751300,False,2026-09-26/2026-10-02
VSC,2026-03-30,2026-04-03,23000.0,24900.0,22850.0,23800.0,20041000,False,2026-03-28/2026-04-03
VSC,2026-04-06,2026-04-10,23700.0,25700.0,23450.0,25000.0,34739900,False,2026-04-04/2026-04-10
VSC,2026-04-13,2026-04-17,25000.0,25650.0,23100.0,23450.0,33712600,False,2026-04-11/2026-04-17
VSC,2026-04-20,2026-04-24,23500.0,24000.0,21600.0,22200.0,25332700,False,2026-04-18/2026-04-24
VSC,2026-04-27,2026-05-01,22200.0,22600.0,21300.0,21350.0,10409300,False,2026-04-25/2026-05-01
VSC,2026-05-04,2026-05-08,21350.0,23000.0,21300.0,22100.0,25126300,False,2026-05-02/2026-05-08
VSC,2026-05-11,2026-05-15,22500.0,22950.0,21450.0,21500.0,32502800,False,2026-05-09/2026-05-15
VSC,2026-05-18,2026-05-22,21400.0,21700.0,20000.0,20500.0,20655100,False,2026-05-16/2026-05-22
VSC,2026-05-25,2026-05-29,20700.0,20950.0,20000.0,20000.0,13575000,False,2026-05-23/2026-05-29
VSC,2026-06-01,2026-06-05,20200.0,20300.0,18950.0,19500.0,15298600,False,2026-05-30/2026-06-05
VSC,2026-06-08,2026-06-12,19200.0,19200.0,18350.0,18500.0,14689700,False,2026-06-06/2026-06-12
VSC,2026-06-15,2026-06-19,18800.0,20800.0,18800.0,19200.0,33053800,False,2026-06-13/2026-06-19
VSC,2026-06-22,2026-06-26,19300.0,19650.0,18350.0,18500.0,13634200,False,2026-06-20/2026-06-26
VSC,2026-06-29,2026-07-03,18600.0,19200.0,18500.0,18650.0,11277800,False,2026-06-27/2026-07-03
VSC,2026-07-06,2026-07-10,18650.0,18800.0,16200.0,16300.0,24936300,False,2026-07-04/2026-07-10
VSC,2026-07-13,2026-07-17,16100.0,16500.0,14400.0,14700.0,29042600,False,2026-07-11/2026-07-17
VSC,2026-07-20,2026-07-24,14400.0,14650.0,13050.0,13450.0,40715200,False,2026-07-18/2026-07-24
VSC,2026-07-27,2026-07-31,13450.0,14300.0,12400.0,13800.0,60364600,False,2026-07-25/2026-07-31
VSC,2026-08-03,2026-08-07,14100.0,15200.0,14000.0,14650.0,54479100,False,2026-08-01/2026-08-07
VSC,2026-08-10,2026-08-14,14800.0,15250.0,14300.0,14600.0,58435900,False,2026-08-08/2026-08-14
VSC,2026-08-17,2026-08-21,14800.0,15300.0,14250.0,15300.0,48799100,False,2026-08-15/2026-08-21
VSC,2026-08-24,2026-08-28,15600.0,15800.0,14700.0,14700.0,63916600,False,2026-08-22/2026-08-28
VSC,2026-08-31,2026-09-04,14700.0,14750.0,13900.0,13900.0,24361600,False,2026-08-29/2026-09-04
VSC,2026-09-07,2026-09-11,13750.0,14000.0,13000.0,13000.0,39740200,False,2026-09-05/2026-09-11
VSC,2026-09-14,2026-09-18,13000.0,13650.0,12250.0,13350.0,38250400,False,2026-09-12/2026-09-18
VSC,2026-09-21,2026-09-25,13450.0,13700.0,13100.0,13250.0,27635800,False,2026-09-19/2026-09-25
VSC,2026-09-28,2026-10-02,13400.0,13900.0,13.15,13.15,31183300,False,2026-09-26/2026-10-02
VTO,2026-03-30,2026-04-03,10600.0,10782.0,10509.0,10554.0,811300,False,2026-03-28/2026-04-03
VTO,2026-04-06,2026-04-10,10645.0,10827.0,10509.0,10736.0,824800,False,2026-04-04/2026-04-10
VTO,2026-04-13,2026-04-17,10736.0,10827.0,10600.0,10645.0,614800,False,2026-04-11/2026-04-17
VTO,2026-04-20,2026-04-24,10645.0,11145.0,10645.0,11100.0,1555300,False,2026-04-18/2026-04-24
VTO,2026-04-27,2026-05-01,11191.0,11191.0,10782.0,10918.0,407900,False,2026-04-25/2026-05-01
VTO,2026-05-04,2026-05-08,11100.0,11100.0,10827.0,10873.0,950900,False,2026-05-02/2026-05-08
VTO,2026-05-11,2026-05-15,10873.0,11236.0,10827.0,11145.0,909200,False,2026-05-09/2026-05-15
VTO,2026-05-18,2026-05-22,11191.0,11191.0,10736.0,10782.0,654500,False,2026-05-16/2026-05-22
VTO,2026-05-25,2026-05-29,10782.0,11191.0,10782.0,11100.0,861600,False,2026-05-23/2026-05-29
VTO,2026-06-01,2026-06-05,11191.0,11191.0,10964.0,11055.0,1125200,False,2026-05-30/2026-06-05
VTO,2026-06-08,2026-06-12,11100.0,11236.0,10700.0,10700.0,1581300,False,2026-06-06/2026-06-12
VTO,2026-06-15,2026-06-19,10750.0,10800.0,10600.0,10600.0,481800,False,2026-06-13/2026-06-19
VTO,2026-06-22,2026-06-26,10600.0,10650.0,10450.0,10550.0,444100,False,2026-06-20/2026-06-26
VTO,2026-06-29,2026-07-03,10550.0,10700.0,10450.0,10600.0,454300,False,2026-06-27/2026-07-03
VTO,2026-07-06,2026-07-10,10650.0,10700.0,10450.0,10550.0,320600,False,2026-07-04/2026-07-10
VTO,2026-07-13,2026-07-17,10500.0,10550.0,10150.0,10200.0,321800,False,2026-07-11/2026-07-17
VTO,2026-07-20,2026-07-24,10000.0,10350.0,9980.0,10200.0,625100,False,2026-07-18/2026-07-24
VTO,2026-07-27,2026-07-31,10200.0,10600.0,10050.0,10450.0,340300,False,2026-07-25/2026-07-31
VTO,2026-08-03,2026-08-07,10600.0,10650.0,10400.0,10450.0,248200,False,2026-08-01/2026-08-07
VTO,2026-08-10,2026-08-14,10450.0,10750.0,10300.0,10600.0,347700,False,2026-08-08/2026-08-14
VTO,2026-08-17,2026-08-21,10550.0,10550.0,10350.0,10500.0,226600,False,2026-08-15/2026-08-21
VTO,2026-08-24,2026-08-28,10400.0,10550.0,10400.0,10400.0,163200,False,2026-08-22/2026-08-28
VTO,2026-08-31,2026-09-04,10450.0,10650.0,10450.0,10600.0,89300,False,2026-08-29/2026-09-04
VTO,2026-09-07,2026-09-11,10600.0,10650.0,10300.0,10300.0,297200,False,2026-09-05/2026-09-11
VTO,2026-09-14,2026-09-18,10500.0,10900.0,10300.0,10550.0,1482800,False,2026-09-12/2026-09-18
VTO,2026-09-21,2026-09-25,10650.0,11000.0,10400.0,10950.0,1242200,False,2026-09-19/2026-09-25
VTO,2026-09-28,2026-10-02,10900.0,11450.0,11.25,11.25,1960300,False,2026-09-26/2026-10-02
VTP,2026-03-30,2026-04-03,62162.0,63917.0,58653.0,58653.0,3010700,False,2026-03-28/2026-04-03
VTP,2026-04-06,2026-04-10,58653.0,64310.0,58402.0,62181.0,2711400,False,2026-04-04/2026-04-10
VTP,2026-04-13,2026-04-17,62096.0,63459.0,59711.0,60477.0,2505600,False,2026-04-11/2026-04-17
VTP,2026-04-20,2026-04-24,60307.0,61244.0,56985.0,59114.0,2538700,False,2026-04-18/2026-04-24
VTP,2026-04-27,2026-05-01,59200.0,59285.0,57581.0,57922.0,613800,False,2026-04-25/2026-05-01
VTP,2026-05-04,2026-05-08,58007.0,59455.0,55707.0,56218.0,2478700,False,2026-05-02/2026-05-08
VTP,2026-05-11,2026-05-15,56218.0,58433.0,53578.0,55452.0,2850800,False,2026-05-09/2026-05-15
VTP,2026-05-18,2026-05-22,55792.0,62096.0,55111.0,57070.0,6268700,False,2026-05-16/2026-05-22
VTP,2026-05-25,2026-05-29,57240.0,58603.0,55366.0,55366.0,1964400,False,2026-05-23/2026-05-29
VTP,2026-06-01,2026-06-05,55366.0,57581.0,55196.0,55792.0,1514300,False,2026-05-30/2026-06-05
VTP,2026-06-08,2026-06-12,55537.0,55537.0,54004.0,54430.0,1282800,False,2026-06-06/2026-06-12
VTP,2026-06-15,2026-06-19,54600.0,56474.0,54600.0,55366.0,1138700,False,2026-06-13/2026-06-19
VTP,2026-06-22,2026-06-26,55281.0,55792.0,53152.0,53322.0,1250000,False,2026-06-20/2026-06-26
VTP,2026-06-29,2026-07-03,53322.0,56133.0,53322.0,54430.0,1286400,False,2026-06-27/2026-07-03
VTP,2026-07-06,2026-07-10,54430.0,54941.0,53237.0,53833.0,1094300,False,2026-07-04/2026-07-10
VTP,2026-07-13,2026-07-17,53833.0,53833.0,48300.0,50000.0,1705600,False,2026-07-11/2026-07-17
VTP,2026-07-20,2026-07-24,50100.0,50800.0,46850.0,47600.0,1489000,False,2026-07-18/2026-07-24
VTP,2026-07-27,2026-07-31,47600.0,48650.0,43400.0,48000.0,2961300,False,2026-07-25/2026-07-31
VTP,2026-08-03,2026-08-07,48000.0,52500.0,47900.0,51500.0,3556900,False,2026-08-01/2026-08-07
VTP,2026-08-10,2026-08-14,52500.0,56700.0,51100.0,53500.0,5020100,False,2026-08-08/2026-08-14
VTP,2026-08-17,2026-08-21,53000.0,58100.0,52200.0,54600.0,5108700,False,2026-08-15/2026-08-21
VTP,2026-08-24,2026-08-28,55000.0,55500.0,53500.0,53500.0,2097600,False,2026-08-22/2026-08-28
VTP,2026-08-31,2026-09-04,53500.0,53500.0,51000.0,51300.0,1167100,False,2026-08-29/2026-09-04
VTP,2026-09-07,2026-09-11,51800.0,52400.0,49500.0,49500.0,2451000,False,2026-09-05/2026-09-11
VTP,2026-09-14,2026-09-18,49000.0,50600.0,48100.0,49100.0,2040500,False,2026-09-12/2026-09-18
VTP,2026-09-21,2026-09-25,49250.0,53500.0,48250.0,52800.0,4412400,False,2026-09-19/2026-09-25
VTP,2026-09-28,2026-10-02,52800.0,53300.0,51.7,52.4,2925800,False,2026-09-26/2026-10-02
VVS,2026-03-30,2026-04-03,70003.0,74658.0,65106.0,69519.0,1222500,False,2026-03-28/2026-04-03
VVS,2026-04-06,2026-04-10,65590.0,69277.0,56159.0,64018.0,986000,False,2026-04-04/2026-04-10
VVS,2026-04-13,2026-04-17,64381.0,80763.0,64018.0,75564.0,935500,False,2026-04-11/2026-04-17
VVS,2026-04-20,2026-04-24,80824.0,90496.0,74779.0,77982.0,1148000,False,2026-04-18/2026-04-24
VVS,2026-04-27,2026-05-01,79191.0,79191.0,67464.0,68310.0,427500,False,2026-04-25/2026-05-01
VVS,2026-05-04,2026-05-08,67947.0,72240.0,66194.0,68975.0,366700,False,2026-05-02/2026-05-08
VVS,2026-05-11,2026-05-15,68915.0,70366.0,62084.0,63474.0,473200,False,2026-05-09/2026-05-15
VVS,2026-05-18,2026-05-22,63837.0,71272.0,60391.0,66436.0,734700,False,2026-05-16/2026-05-22
VVS,2026-05-25,2026-05-29,65892.0,74476.0,64683.0,69519.0,820400,False,2026-05-23/2026-05-29
VVS,2026-06-01,2026-06-05,69519.0,78466.0,68915.0,72844.0,706300,False,2026-05-30/2026-06-05
VVS,2026-06-08,2026-06-12,72481.0,74658.0,63655.0,68008.0,542900,False,2026-06-06/2026-06-12
VVS,2026-06-15,2026-06-19,69519.0,77300.0,68008.0,77300.0,808700,False,2026-06-13/2026-06-19
VVS,2026-06-22,2026-06-26,80000.0,87900.0,78000.0,85100.0,792300,False,2026-06-20/2026-06-26
VVS,2026-06-29,2026-07-03,81500.0,86800.0,81500.0,84400.0,389800,False,2026-06-27/2026-07-03
VVS,2026-07-06,2026-07-10,84900.0,88000.0,81600.0,82400.0,470100,False,2026-07-04/2026-07-10
VVS,2026-07-13,2026-07-17,82500.0,91300.0,74900.0,91300.0,1414400,False,2026-07-11/2026-07-17
VVS,2026-07-20,2026-07-24,95700.0,109800.0,92900.0,102400.0,1415600,False,2026-07-18/2026-07-24
VVS,2026-07-27,2026-07-31,102700.0,104900.0,96400.0,101000.0,782100,False,2026-07-25/2026-07-31
VVS,2026-08-03,2026-08-07,101100.0,108500.0,99600.0,101200.0,484700,False,2026-08-01/2026-08-07
VVS,2026-08-10,2026-08-14,101800.0,103900.0,98000.0,98700.0,383100,False,2026-08-08/2026-08-14
VVS,2026-08-17,2026-08-21,99000.0,99000.0,86200.0,91200.0,879000,False,2026-08-15/2026-08-21
VVS,2026-08-24,2026-08-28,91700.0,96700.0,91000.0,91500.0,515300,False,2026-08-22/2026-08-28
VVS,2026-08-31,2026-09-04,91400.0,92900.0,90000.0,91600.0,103600,False,2026-08-29/2026-09-04
VVS,2026-09-07,2026-09-11,91600.0,92400.0,86000.0,86400.0,391300,False,2026-09-05/2026-09-11
VVS,2026-09-14,2026-09-18,87000.0,87000.0,79500.0,82100.0,514600,False,2026-09-12/2026-09-18
VVS,2026-09-21,2026-09-25,82100.0,90900.0,81000.0,85100.0,537400,False,2026-09-19/2026-09-25
VVS,2026-09-28,2026-10-02,83800.0,87000.0,84.1,84.1,631400,False,2026-09-26/2026-10-02
YEG,2026-03-30,2026-04-03,9210.0,9584.0,9191.0,9294.0,4754800,False,2026-03-28/2026-04-03
YEG,2026-04-06,2026-04-10,9350.0,9818.0,9023.0,9677.0,6846900,False,2026-04-04/2026-04-10
YEG,2026-04-13,2026-04-17,9677.0,10145.0,9490.0,9631.0,6349500,False,2026-04-11/2026-04-17
YEG,2026-04-20,2026-04-24,9631.0,9724.0,9294.0,9341.0,4633000,False,2026-04-18/2026-04-24
YEG,2026-04-27,2026-05-01,9350.0,9584.0,9303.0,9350.0,1126200,False,2026-04-25/2026-05-01
YEG,2026-05-04,2026-05-08,9350.0,9490.0,9266.0,9266.0,3661400,False,2026-05-02/2026-05-08
YEG,2026-05-11,2026-05-15,9275.0,9490.0,9154.0,9331.0,4156900,False,2026-05-09/2026-05-15
YEG,2026-05-18,2026-05-22,9397.0,9670.0,9280.0,9300.0,4378800,False,2026-05-16/2026-05-22
YEG,2026-05-25,2026-05-29,9300.0,9400.0,8980.0,8980.0,2997900,False,2026-05-23/2026-05-29
YEG,2026-06-01,2026-06-05,9000.0,9100.0,8800.0,8900.0,2731300,False,2026-05-30/2026-06-05
YEG,2026-06-08,2026-06-12,8850.0,8880.0,8500.0,8600.0,2796900,False,2026-06-06/2026-06-12
YEG,2026-06-15,2026-06-19,8680.0,8880.0,8600.0,8640.0,2895900,False,2026-06-13/2026-06-19
YEG,2026-06-22,2026-06-26,8600.0,9980.0,8590.0,9680.0,7962400,False,2026-06-20/2026-06-26
YEG,2026-06-29,2026-07-03,9650.0,9990.0,9160.0,9220.0,6255100,False,2026-06-27/2026-07-03
YEG,2026-07-06,2026-07-10,9180.0,9380.0,8720.0,8720.0,3587200,False,2026-07-04/2026-07-10
YEG,2026-07-13,2026-07-17,8610.0,8640.0,7880.0,7950.0,4197200,False,2026-07-11/2026-07-17
YEG,2026-07-20,2026-07-24,7950.0,8000.0,7450.0,7620.0,2854100,False,2026-07-18/2026-07-24
YEG,2026-07-27,2026-07-31,7620.0,7710.0,7090.0,7410.0,3216600,False,2026-07-25/2026-07-31
YEG,2026-08-03,2026-08-07,7400.0,7990.0,7370.0,7640.0,2640000,False,2026-08-01/2026-08-07
YEG,2026-08-10,2026-08-14,7520.0,7830.0,7500.0,7520.0,2160700,False,2026-08-08/2026-08-14
YEG,2026-08-17,2026-08-21,7410.0,7710.0,7410.0,7650.0,1418800,False,2026-08-15/2026-08-21
YEG,2026-08-24,2026-08-28,7670.0,7810.0,7510.0,7520.0,2985200,False,2026-08-22/2026-08-28
YEG,2026-08-31,2026-09-04,7560.0,7630.0,7440.0,7460.0,776100,False,2026-08-29/2026-09-04
YEG,2026-09-07,2026-09-11,7420.0,7500.0,6970.0,7050.0,2561700,False,2026-09-05/2026-09-11
YEG,2026-09-14,2026-09-18,7020.0,7110.0,6770.0,7090.0,1989600,False,2026-09-12/2026-09-18
YEG,2026-09-21,2026-09-25,7090.0,7860.0,6930.0,7710.0,5573300,False,2026-09-19/2026-09-25
YEG,2026-09-28,2026-10-02,7720.0,7880.0,7.7,7.95,5123000,False,2026-09-26/2026-10-02
